1483401600,28.95,29.0825,28.69,29.0375,1.1512746E8
1483488000,28.9625,29.1275,28.9375,29.005,8.4472464E7
1483574400,28.98,29.21605,28.9525,29.1525,8.8774348E7
1483660800,29.195,29.54,29.1175,29.4775,1.270076E8
1483920000,29.4875,29.8575,29.485,29.7475,1.34247792E8
1484006400,29.6925,29.845,29.575,29.7775,9.7848204E7
1484092800,29.685,29.9825,29.65,29.9375,1.10354372E8
1484179200,29.72375,29.825,29.5525,29.8125,1.0834488E8
1484265600,29.7775,29.905,29.7025,29.76,1.04447792E8
1484611200,29.585,30.06,29.555,30.0,1.37759372E8
1484697600,30.0,30.125,29.9275,29.9975,9.4851844E7
1484784000,29.85,30.0225,29.8425,29.945,1.02389164E8
1484870400,30.1125,30.1125,29.93365,30.0,1.30391568E8
1485129600,30.0,30.2025,29.9425,30.02,8.8200872E7
1485216000,29.8875,30.025,29.875,29.9925,9.2844152E7
1485302400,30.105,30.525,30.07,30.47,1.30346692E8
1485388800,30.4175,30.61,30.4,30.485,1.05350304E8
1485475200,30.535,30.5875,30.4,30.4875,8.2251776E7
1485734400,30.2325,30.4075,30.165,30.4075,1.21510012E8
1485820800,30.2875,30.3475,30.155,30.3375,1.96803972E8
1485907200,31.7575,32.6225,31.7525,32.1875,4.4794016E8
1485993600,31.99375,32.3475,31.945,32.1325,1.34841644E8
1486080000,32.0775,32.2975,32.04,32.27,9.8029204E7
1486339200,32.2825,32.625,32.225,32.5725,1.07383696E8
1486425600,32.635,33.0225,32.6125,32.8825,1.52735364E8
1486512000,32.8375,33.055,32.805,33.01,9.2016288E7
1486598400,32.9125,33.11125,32.78,33.105,1.13399436E8
1486684800,33.115,33.235,33.0125,33.03,8.0261832E7
1486944000,33.27,33.455,33.1875,33.3225,9.2141684E7
1487030400,33.3675,33.7725,33.3125,33.755,1.32904892E8
1487116800,33.88,34.0675,33.655,33.8775,1.424924E8
1487203200,33.9175,33.975,33.70995,33.83625,9.033822E7
1487289600,33.775,33.9575,33.775,33.93,8.8792788E7
1487635200,34.0575,34.1875,33.995,34.175,9.8028624E7
1487721600,34.1075,34.28,34.0275,34.2775,8.3347728E7
1487808000,34.345,34.37,34.075,34.1325,8.3152744E7
1487894400,33.9775,34.165,33.82,34.165,8.710634E7
1488153600,34.285,34.35875,34.07,34.2325,8.1029704E7
1488240000,34.27,34.35875,34.175,34.2475,9.393144E7
1488326400,34.4725,35.0375,34.39875,34.9475,1.4565834E8
1488412800,35.0,35.06965,34.69,34.74,1.04843936E8
1488499200,34.695,34.9575,34.6475,34.945,8.6284484E7
1488758400,34.84125,34.9425,34.648975,34.835,8.7000176E7
1488844800,34.765,34.995,34.6975,34.88,6.9785188E7
1488931200,34.7375,34.95,34.705,34.75,7.4828944E7
1489017600,34.685,34.6975,34.2625,34.67,8.8623616E7
1489104000,34.8125,34.839275,34.66,34.785,7.8451204E7
1489363200,34.7125,34.8575,34.705,34.8,6.9686868E7
1489449600,34.825,34.9125,34.71,34.7475,6.123626E7
1489536000,34.8525,35.187525,34.75625,35.115,1.02767096E8
1489622400,35.18,35.255,35.065,35.1725,7.6927992E7
1489708800,35.25,35.25,34.9725,34.9975,1.75539808E8
1489968000,35.1,35.375,35.0575,35.365,8.6168152E7
1490054400,35.5275,35.7,34.9325,34.96,1.58119648E8
1490140800,34.96125,35.4,34.94,35.355,1.0344066E8
1490227200,35.315,35.3961,35.1525,35.23,8.1385204E7
1490313600,35.375,35.435,35.0875,35.16,8.9582252E7
1490572800,34.8475,35.305,34.655,35.22,9.4300376E7
1490659200,35.2275,36.01,35.155,35.95,1.3349922E8
1490745600,35.92,36.1225,35.7975,36.03,1.1675982E8
1490832000,36.0475,36.125,35.875,35.9825,8.4829008E7
1490918400,35.93,36.0675,35.7525,35.915,7.8646604E7
1491177600,35.9275,36.03,35.7625,35.925,7.9942856E7
1491264000,35.8125,36.2225,35.7925,36.1925,7.9565416E7
1491350400,36.055,36.365,35.9525,36.005,1.10871416E8
1491436800,36.0725,36.13,35.8625,35.915,8.4596136E7
1491523200,35.9325,36.045,35.8175,35.835,6.6688792E7
1491782400,35.9,35.9698,35.725,35.7925,7.5733588E7
1491868800,35.735,35.8375,35.015,35.4075,1.21517504E8
1491955200,35.4,35.5375,35.2525,35.45,8.14E7
1492041600,35.4775,35.595,35.2625,35.2625,7.129152E7
1492387200,35.37,35.47,35.2175,35.4575,6.6328376E7
1492473600,35.3525,35.51,35.2775,35.3,5.8790176E7
1492560000,35.47,35.5,35.1125,35.17,6.93135E7
1492646400,35.305,35.73,35.29,35.61,9.3278248E7
1492732800,35.61,35.67,35.4625,35.5675,6.9283712E7
1492992000,35.875,35.9875,35.795,35.91,6.8537332E7
1493078400,35.9775,36.225,35.9675,36.1325,7.5486004E7
1493164800,36.1175,36.15,35.84405,35.92,8.0164964E7
1493251200,35.980625,36.04,35.8275,35.9475,5.6985388E7
1493337600,36.0225,36.075,35.8175,35.9125,8.3441432E7
1493596800,36.275,36.8,36.24,36.645,1.34411772E8
1493683200,36.885,37.0225,36.71,36.8775,1.81408776E8
1493769600,36.3975,36.8725,36.0675,36.765,1.82788136E8
1493856000,36.63,36.785,36.4525,36.6325,9.3487488E7
1493942400,36.69,37.245,36.69,37.24,1.093109E8
1494201600,37.2575,38.425,37.2575,38.2525,1.95009652E8
1494288000,38.4675,38.72,38.3625,38.4975,1.56521452E8
1494374400,38.4075,38.485,38.0275,38.315,1.03222768E8
1494460800,38.1125,38.5175,38.0775,38.4875,1.09020232E8
1494547200,38.675,39.105,38.6675,39.025,1.30108068E8
1494806400,39.0025,39.1625,38.7625,38.925,1.04038876E8
1494892800,38.985,39.015,38.68,38.8675,8.0193912E7
1494979200,38.4,38.6425,37.4275,37.5625,2.03070712E8
1495065600,37.8175,38.335,37.7825,38.135,1.3427286E8
1495152000,38.345,38.495,38.1575,38.265,1.07843152E8
1495411200,38.5,38.645,38.2275,38.4975,9.1865748E7
1495497600,38.725,38.725,38.3275,38.45,7.9675484E7
1495584000,38.46,38.5425,38.1675,38.335,7.6876616E7
1495670400,38.4325,38.5875,38.2575,38.4675,7.6942392E7
1495756800,38.5,38.56,38.3275,38.4025,8.7710548E7
1496102400,38.355,38.6075,38.3325,38.4175,8.0507404E7
1496188800,38.4925,38.5425,38.095,38.19,9.7804656E7
1496275200,38.2925,38.3325,38.055,38.295,6.5616352E7
1496361600,38.395,38.8625,38.2225,38.8625,1.1108286E8
1496620800,38.585,38.6125,38.365,38.4825,1.01326648E8
1496707200,38.475,38.9525,38.445,38.6125,1.06499704E8
1496793600,38.755,38.995,38.62,38.8425,8.4278588E7
1496880000,38.8125,38.885,38.6,38.7475,8.5003192E7
1496966400,38.7975,38.7975,36.505,37.245,2.59530628E8
1497225600,36.435,36.5225,35.6275,36.355,2.8922932E8
1497312000,36.79,36.8625,36.2875,36.6475,1.3666178E8
1497398400,36.875,36.875,35.96,36.29,1.26124928E8
1497484800,35.83,36.11995,35.5525,36.0725,1.28661492E8
1497571200,35.945,36.125,35.55,35.5675,2.01444372E8
1497830400,35.915,36.685,35.915,36.585,1.30165616E8
1497916800,36.7175,36.7175,36.235,36.2525,9.9600292E7
1498003200,36.38,36.517325,36.1525,36.4675,8.5063004E7
1498089600,36.4425,36.675,36.279975,36.4075,7.6425176E7
1498176000,36.2825,36.79,36.2775,36.57,1.41757556E8
1498435200,36.7925,37.07,36.345,36.455,1.02769444E8
1498521600,36.2525,36.54,35.905,35.9325,9.9047564E7
1498608000,36.1225,36.5275,35.790025,36.4575,8.8329728E7
1498694400,36.1775,36.2825,35.57,35.92,1.25997472E8
1498780800,36.1125,36.24,35.945,36.005,9.2096428E7
1499040000,36.22,36.325025,35.775,35.875,5.7111392E7
1499212800,35.9225,36.1975,35.680925,36.0225,8.6278228E7
1499299200,35.755,35.875,35.6025,35.6825,9.6515128E7
1499385600,35.725,36.1875,35.725,36.045,7.6806848E7
1499644800,36.0275,36.4875,35.8425,36.265,8.4362544E7
1499731200,36.1825,36.4625,36.095,36.3825,7.9127344E7
1499817600,36.4675,36.545,36.205,36.435,9.9537912E7
1499904000,36.375,37.1225,36.36,36.9425,1.00797492E8
1499990400,36.9925,37.3325,36.8325,37.26,8.0528244E7
1500249600,37.205,37.725,37.1425,37.39,9.5173824E7
1500336000,37.3,37.5325,37.1675,37.52,7.1475168E7
1500422400,37.62,37.855,37.4875,37.755,8.3691876E7
1500508800,37.875,37.935,37.5475,37.585,6.8974992E7
1500595200,37.4975,37.61,37.22,37.5675,1.0501052E8
1500854400,37.645,38.11,37.475,38.0225,8.597264E7
1500940800,37.95,38.46,37.95,38.185,7.5415728E7
1501027200,38.3375,38.4825,38.265,38.365,6.3123804E7
1501113600,38.4375,38.4975,36.825,37.64,1.29905348E8
1501200000,37.4725,37.5575,37.2975,37.375,6.8854612E7
1501459200,37.475,37.5825,37.0325,37.1825,7.938368E7
1501545600,37.275,37.555,37.1025,37.5125,1.4147458E8
1501632000,39.82,39.9375,39.04,39.285,2.797472E8
1501718400,39.2625,39.3025,38.755,38.8925,1.08389184E8
1501804800,39.0175,39.35,38.9225,39.0975,8.2239408E7
1502064000,39.265,39.73,39.167525,39.7025,8.7481284E7
1502150400,39.65,40.4575,39.5675,40.02,1.44823584E8
1502236800,39.815,40.3175,39.7775,40.265,1.0452612E8
1502323200,39.975,40.0,38.6575,38.83,1.63217092E8
1502409600,39.15,39.6432,39.0175,39.37,1.05028384E8
1502668800,39.83,40.0525,39.6875,39.9625,8.8490936E7
1502755200,40.165,40.54875,40.035,40.4,1.17861948E8
1502841600,40.485,40.6275,40.0375,40.2375,1.10686448E8
1502928000,40.13,40.1775,39.46,39.465,1.1176226E8
1503014400,39.465,39.875,39.18,39.375,1.09712276E8
1503273600,39.375,39.4725,38.777525,39.3025,1.05474112E8
1503360000,39.5575,40.0,39.505,39.945,8.641834E7
1503446400,39.7675,40.1175,39.72,39.995,7.7596324E7
1503532800,40.1075,40.185,39.6375,39.8175,7.9275672E7
1503619200,39.9125,40.14,39.8175,39.965,1.01920252E8
1503878400,40.035,40.5,39.9825,40.3675,1.03863888E8
1503964800,40.025,40.78,40.0,40.7275,1.1806764E8
1504051200,40.95,40.9725,40.6525,40.8375,1.09078336E8
1504137600,40.91,41.13,40.87,41.0,1.07140384E8
1504224000,41.2,41.235,40.9075,41.0125,6.6364204E7
1504569600,40.9375,41.0625,40.14,40.52,1.18145256E8
1504656000,40.6775,40.7475,40.13,40.4775,8.6606904E7
1504742400,40.5225,40.56,40.09,40.315,8.7714008E7
1504828800,40.215,40.2875,39.6325,39.6575,1.1444614E8
1505088000,40.125,40.5125,39.9725,40.375,1.26323192E8
1505174400,40.6525,40.99,39.6925,40.215,2.86856184E8
1505260800,39.9675,39.99,39.4775,39.9125,1.79629444E8
1505347200,39.7475,39.85,39.5225,39.57,9.5042996E7
1505433600,39.6175,40.2425,39.5,39.97,1.96458408E8
1505692800,40.0275,40.125,39.49875,39.6675,1.1307774E8
1505779200,39.8775,39.9425,39.61,39.6825,8.3242528E7
1505865600,39.475,39.565,38.4575,39.0175,2.11805456E8
1505952000,38.95,38.95,38.1875,38.3475,1.50046644E8
1506038400,38.005,38.0675,37.64,37.9725,1.86581772E8
1506297600,37.4975,37.9575,37.29,37.6375,1.77549344E8
1506384000,37.945,38.48,37.9225,38.285,1.4664018E8
1506470400,38.45,38.679725,38.385,38.5575,1.02016908E8
1506556800,38.4725,38.57,38.175,38.32,8.802182E7
1506643200,38.3025,38.5325,38.0,38.53,1.0519924E8
1506902400,38.565,38.6125,38.18,38.4525,7.4795368E7
1506988800,38.5025,38.7725,38.4775,38.62,6.4921172E7
1507075200,38.4075,38.465,38.115,38.37,8.0655E7
1507161600,38.545,38.86,38.5125,38.8475,8.5135076E7
1507248000,38.7425,38.8725,38.64,38.825,6.9630232E7
1507507200,38.9525,39.1825,38.87125,38.96,6.5051692E7
1507593600,39.01375,39.5,38.775,38.975,6.2468056E7
1507680000,38.9925,39.245,38.9375,39.1375,6.762256E7
1507766400,39.0875,39.3425,38.932475,39.0,6.4500216E7
1507852800,39.1825,39.32,39.1025,39.2475,6.5576752E7
1508112000,39.475,40.0,39.4125,39.97,9.6485808E7
1508198400,39.945,40.2175,39.8075,40.1175,7.59891E7
1508284800,40.105,40.1775,39.9,39.94,6.5496656E7
1508371200,39.1875,39.27,38.755,38.995,1.70336664E8
1508457600,39.1525,39.4375,38.99,39.0625,9.5896584E7
1508716800,39.2225,39.4225,38.875,39.0425,8.7937308E7
1508803200,39.0725,39.355,39.05,39.275,7.102892E7
1508889600,39.2275,39.3875,38.8175,39.1025,8.4828392E7
1508976000,39.3075,39.457375,39.195,39.3525,6.8001876E7
1509062400,39.8225,40.9,39.675,40.7625,1.7781664E8
1509321600,40.9725,42.0175,40.93,41.68,1.78803088E8
1509408000,41.975,42.412475,41.735,42.26,1.44187312E8
1509494400,42.4675,42.485,41.4025,41.7225,1.34551048E8
1509580800,41.91,42.125,41.32,42.0275,1.65573492E8
1509667200,43.5,43.565,42.78,43.125,2.37594524E8
1509926400,43.09125,43.7475,42.93,43.5625,1.40105224E8
1510012800,43.4775,43.8125,43.4,43.7025,9.744594E7
1510099200,43.665,44.06,43.5825,44.06,9.7638108E7
1510185600,43.7775,44.02375,43.285,43.97,1.17930384E8
1510272000,43.7775,43.845,43.5675,43.6675,1.00582E8
1510531200,43.375,43.625,43.35,43.4925,6.792832E7
1510617600,43.26,43.37,42.795,42.835,9.9129948E7
1510704000,42.4925,42.579925,42.095,42.27,1.1663228E8
1510790400,42.795,42.9675,42.575,42.775,9.4549936E7
1510876800,42.76,42.8475,42.41,42.5375,8.7598176E7
1511136000,42.5725,42.64,42.39,42.495,6.5049788E7
1511222400,42.695,43.425,42.695,43.285,1.0052518E8
1511308800,43.34,43.75,43.2625,43.74,1.023557E8
1511481600,43.775,43.875,43.661475,43.7425,5.6106692E7
1511740800,43.7625,43.77,43.335,43.5225,8.2867208E7
1511827200,43.575,43.7175,42.965,43.2675,1.05715208E8
1511913600,43.1575,43.23,41.79,42.37,1.66665456E8
1512000000,42.6075,43.035,42.11,42.9625,1.66108872E8
1512086400,42.4875,42.9175,42.125,42.7625,1.59037152E8
1512345600,43.12,43.155,42.4075,42.45,1.3016954E8
1512432000,42.265,42.88,42.1,42.41,1.09400616E8
1512518400,41.875,42.551175,41.615,42.2525,1.1424E8
1512604800,42.2575,42.61,42.2275,42.33,1.02693232E8
1512691200,42.6225,42.75,42.205,42.3425,9.3420924E7
1512950400,42.3,43.2225,42.1975,43.1675,1.41095036E8
1513036800,43.0375,43.0975,42.86525,42.925,7.763692E7
1513123200,43.125,43.385,43.0,43.0675,9.5273788E7
1513209600,43.1,43.2825,42.9125,43.055,8.1906164E7
1513296000,43.4075,43.5425,43.115,43.4925,1.60677228E8
1513555200,43.72,44.3,43.715,44.105,1.17684456E8
1513641600,43.7575,43.8475,43.5225,43.635,1.09745788E8
1513728000,43.7175,43.855,43.3125,43.5875,9.3902596E7
1513814400,43.5425,44.005,43.525,43.7525,8.3799584E7
1513900800,43.67,43.856,43.625,43.7525,6.5397776E7
1514246400,42.7,42.8675,42.41975,42.6425,1.32742144E8
1514332800,42.525,42.695,42.4275,42.65,8.5992852E7
1514419200,42.75,42.9625,42.62,42.77,6.5920748E7
1514505600,42.63,42.6475,42.305,42.3075,1.03999688E8
1514851200,42.54,43.075,42.315,43.065,1.02223736E8
1514937600,43.1325,43.6375,42.99,43.0575,1.18071596E8
1515024000,43.135,43.3675,43.02,43.2575,8.9738388E7
1515110400,43.36,43.8425,43.2625,43.75,9.4640072E7
1515369600,43.5875,43.9025,43.4825,43.5875,8.2271064E7
1515456000,43.6375,43.765,43.3525,43.5825,8.6335988E7
1515542400,43.29,43.575,43.25,43.5725,9.583958E7
1515628800,43.6475,43.87215,43.6225,43.82,7.4670916E7
1515715200,44.045,44.34,43.9125,44.2725,1.0167232E8
1516060800,44.475,44.8475,44.035,44.0475,1.18263788E8
1516147200,44.0375,44.8125,43.7675,44.775,1.37547344E8
1516233600,44.8425,45.025,44.5625,44.815,1.24773408E8
1516320000,44.6525,44.895,44.3525,44.615,1.29700268E8
1516579200,44.325,44.445,44.1504,44.25,1.08434204E8
1516665600,44.325,44.86,44.205,44.26,1.30756584E8
1516752000,44.3125,44.325,43.3,43.555,2.0442036E8
1516838400,43.62625,43.7375,42.6325,42.7775,1.66116016E8
1516924800,43.0,43.0,42.515,42.8775,1.56572044E8
1517184000,42.54,42.54,41.7675,41.99,2.02561624E8
1517270400,41.38125,41.8425,41.175,41.7425,1.8419274E8
1517356800,41.7175,42.110425,41.625,41.8575,1.2991572E8
1517443200,41.79125,42.155,41.69,41.945,1.88923148E8
1517529600,41.5,41.7,40.025,40.125,3.463753E8
1517788800,39.775,40.97,39.0,39.1225,2.90954088E8
1517875200,38.7075,40.93,38.5,40.7575,2.72975352E8
1517961600,40.77125,40.85,39.767125,39.885,2.0643432E8
1518048000,40.0725,40.25,38.7575,38.7875,2.17562064E8
1518134400,39.2675,39.4725,37.56,39.1025,2.82690432E8
1518393600,39.625,40.9725,39.3775,40.6775,2.43278156E8
1518480000,40.4875,41.1875,40.4125,41.085,1.30196652E8
1518566400,40.76125,41.885,40.72,41.8425,1.62579732E8
1518652800,42.4475,43.2725,42.25,43.2475,2.04588684E8
1518739200,43.09,43.705,42.9425,43.1075,1.60704364E8
1519084800,43.0125,43.565,42.855,42.9625,1.3572216E8
1519171200,43.2075,43.53,42.7525,42.7675,1.49886492E8
1519257600,42.95,43.4875,42.9275,43.125,1.2396776E8
1519344000,43.4175,43.9125,43.385,43.875,1.3524944E8
1519603200,44.0875,44.8475,44.0525,44.7425,1.52648696E8
1519689600,44.775,45.12,44.54,44.5975,1.557125E8
1519776000,44.815,45.15375,44.5125,44.53,1.51128552E8
1519862400,44.635,44.94375,43.165,43.75,1.9520788E8
1519948800,43.2,44.075,43.1125,44.0525,1.538158E8
1520208000,43.8025,44.435,43.63,44.205,1.13605464E8
1520294400,44.4775,44.5625,44.0325,44.1675,9.5154024E7
1520380800,43.735,43.9625,43.5675,43.7575,1.26813848E8
1520467200,43.87,44.28,43.7675,44.235,9.5096428E7
1520553600,44.49,45.0,44.3475,44.995,1.28740648E8
1520812800,45.0725,45.5975,45.0525,45.43,1.28828324E8
1520899200,45.6475,45.875,44.81,44.9925,1.26774116E8
1520985600,45.08,45.13,44.4525,44.61,1.17473424E8
1521072000,44.625,45.06,44.517525,44.6625,9.0975192E7
1521158400,44.6625,44.78,44.405,44.505,1.57618752E8
1521417600,44.33,44.3675,43.415,43.825,1.33787084E8
1521504000,43.81,44.2,43.735,43.81,7.85974E7
1521590400,43.76,43.7725,42.815,42.8175,1.4821974E8
1521676800,42.5,43.17,42.15,42.2125,1.65963068E8
1521763200,42.0975,42.48,41.235,41.235,1.64115136E8
1522022400,42.0175,43.275,41.61,43.1925,1.50164944E8
1522108800,43.42,43.7875,41.73,42.085,1.63690316E8
1522195200,41.8125,42.505,41.2975,41.62,1.6667418E8
1522281600,41.95125,42.9375,41.725,41.945,1.5359402E8
1522627200,41.97,42.235,41.1175,41.67,1.50347164E8
1522713600,41.91,42.186375,41.22,42.0975,1.21112184E8
1522800000,41.22,43.0025,41.1925,42.9025,1.38421956E8
1522886400,43.145,43.5576,43.02,43.2,1.07732788E8
1522972800,42.7425,43.12,42.05,42.095,1.4002116E8
1523232000,42.47,43.2725,42.46125,42.5125,1.16070872E8
1523318400,43.25,43.5,42.8825,43.3125,1.14456964E8
1523404800,43.0575,43.4808,42.925,43.11,8.972656E7
1523491200,43.3525,43.75,43.26,43.535,9.155714E7
1523577600,43.695,43.96,43.4625,43.6825,1.0049702E8
1523836800,43.757525,44.0475,43.707525,43.955,8.631368E7
1523923200,44.1225,44.734125,44.1025,44.56,1.06421768E8
1524009600,44.4525,44.705,44.22,44.46,8.3018152E7
1524096000,43.7375,43.8475,43.165,43.2,1.392352E8
1524182400,42.64875,42.8046,41.3575,41.43,2.6196456E8
1524441600,41.7087,41.73,41.0225,41.31,1.46061908E8
1524528000,41.4175,41.5825,40.305025,40.735,1.34768068E8
1524614400,40.655,41.355,40.6025,40.9125,1.13528336E8
1524700800,41.03,41.4325,40.8425,41.055,1.11852056E8
1524787200,41.0,41.0825,40.1575,40.58,1.42623356E8
1525046400,40.53255,41.815,40.46,41.315,1.69709696E8
1525132800,41.60255,42.3,41.3175,42.275,2.14277504E8
1525219200,43.80625,44.4375,43.45,44.1425,2.66157484E8
1525305600,43.97,44.375,43.610275,44.2225,1.3627272E8
1525392000,44.5625,46.0625,44.5425,45.9575,2.24805268E8
1525651200,46.295,46.9175,46.1875,46.29,1.69805692E8
1525737600,46.2475,46.555,45.91625,46.5125,1.13611108E8
1525824000,46.6375,46.85,46.305,46.84,9.2844964E7
1525910400,46.935,47.5925,46.9125,47.51,1.11957156E8
1525996800,47.3725,47.515,46.8625,47.1475,1.04848884E8
1526256000,47.2525,47.3825,46.965,47.0375,8.3115088E7
1526342400,46.695,46.7675,46.275,46.61,9.4780636E7
1526428800,46.5175,47.115,46.5,47.045,7.6732256E7
1526515200,47.0,47.2275,46.59,46.7475,6.9176116E7
1526601600,46.7975,46.95255,46.5325,46.5775,7.3190912E7
1526860800,47.0,47.3175,46.72765,46.9075,7.3603148E7
1526947200,47.09375,47.22,46.695,46.79,6.0962816E7
1527033600,46.5875,47.125,46.44,47.09,8.023366E7
1527120000,47.1925,47.21,46.5525,47.0375,9.29359E7
1527206400,47.0575,47.4125,46.9125,47.145,6.9843852E7
1527552000,46.9,47.1875,46.7175,46.975,9.00563E7
1527638400,46.93,47.0,46.695,46.875,7.4762188E7
1527724800,46.805,47.0575,46.535,46.7175,1.09931172E8
1527811200,46.9978,47.565,46.9375,47.56,9.377004E7
1528070400,47.90875,48.355,47.8375,47.9575,1.05064696E8
1528156800,48.26625,48.485,48.09,48.3275,8.6263852E7
1528243200,48.4075,48.52,47.98,48.495,8.3734476E7
1528329600,48.535,48.55,48.08375,48.365,8.538872E7
1528416000,47.7925,48.0,47.4425,47.925,1.06627196E8
1528675200,47.8375,47.9925,47.5525,47.8075,7.323384E7
1528761600,47.84625,48.15275,47.7875,48.07,6.7644564E7
1528848000,48.105,48.22,47.61,47.675,8.6553572E7
1528934400,47.8875,47.8925,47.555,47.7,8.6440296E7
1529020800,47.5075,47.54,47.065,47.21,2.4687664E8
1529280000,46.97,47.305,46.8,47.185,7.393946E7
1529366400,46.285,46.5825,45.8625,46.4225,1.3431382E8
1529452800,46.5875,46.8,46.4325,46.625,8.2514804E7
1529539200,46.8125,47.0875,46.235,46.365,1.02847592E8
1529625600,46.53,46.5375,46.175,46.23,1.08801788E8
1529884800,45.85,46.23,45.1825,45.5425,1.26652384E8
1529971200,45.7475,46.6325,45.635,46.1075,9.8276804E7
1530057600,46.30695,46.82,46.0075,46.04,1.01141312E8
1530144000,46.025,46.5525,45.95,46.375,6.946094E7
1530230400,46.5725,46.7975,45.7275,46.2775,9.0950664E7
1530489600,45.955,46.825,45.855,46.795,7.0925372E7
1530576000,46.9475,46.9875,45.885,45.98,5.5819224E7
1530748800,46.315,46.6025,46.07,46.35,6.6416992E7
1530835200,46.355,47.1085,46.3,46.9925,6.994098E7
1531094400,47.375,47.67,47.325,47.645,7.9026536E7
1531180800,47.6775,47.82,47.545025,47.5875,6.3756596E7
1531267200,47.125,47.444975,46.9025,46.97,7.532588E7
1531353600,47.3825,47.8525,47.3275,47.7575,7.2164524E7
1531440000,47.77,47.96,47.725,47.8325,5.0079168E7
1531699200,47.88,48.1625,47.60375,47.7275,6.017244E7
1531785600,47.4375,47.9675,47.3,47.8625,6.2138092E7
1531872000,47.945,47.95,47.4825,47.6,6.5573524E7
1531958400,47.4225,48.1375,47.4225,47.97,8.1147008E7
1532044800,47.945,48.1075,47.5425,47.86,8.2824168E7
1532304000,47.67,47.99,47.39,47.9025,6.395746E7
1532390400,48.1125,48.415025,48.0125,48.25,7.4791592E7
1532476800,48.26505,48.7125,48.1075,48.705,6.7305932E7
1532563200,48.6525,48.99,48.4025,48.5525,7.6303856E7
1532649600,48.7475,48.7975,47.525,47.745,9.6095888E7
1532908800,47.975,48.05,47.2675,47.4775,8.411814E7
1532995200,47.575,48.035,47.335,47.5725,1.57492152E8
1533081600,49.7825,50.44,49.3275,50.375,2.71742864E8
1533168000,50.145,52.095,50.0875,51.8475,2.49616048E8
1533254400,51.7575,52.185,51.370075,51.9975,1.33789584E8
1533513600,52.0,52.3125,51.7675,52.2675,1.01701548E8
1533600000,52.33,52.375,51.69,51.7775,1.02349548E8
1533686400,51.5125,51.9525,51.13,51.8125,9.0101948E7
1533772800,51.82,52.445,51.8,52.22,9.3970504E7
1533859200,51.84,52.275,51.6675,51.8825,9.8444808E7
1534118400,51.925,52.738,51.925,52.2175,1.0356352E8
1534204800,52.53875,52.64,52.065,52.4375,8.299204E7
1534291200,52.305,52.685,52.0825,52.56,1.15230256E8
1534377600,52.9375,53.453025,52.8675,53.33,1.14001468E8
1534464000,53.36,54.4875,53.29,54.395,1.41707988E8
1534723200,54.525,54.795,53.7775,53.865,1.2115078E8
1534809600,54.2,54.2975,53.50625,53.76,1.0463902E8
1534896000,53.525,54.09,53.46,53.7625,7.6072524E7
1534982400,53.6625,54.2625,53.65,53.8725,7.5532896E7
1535068800,54.15,54.225,53.7775,54.04,7.3905424E7
1535328000,54.2875,54.685,54.0825,54.485,8.2100468E7
1535414400,54.7525,55.135,54.73,54.925,9.1107064E7
1535500800,55.0375,55.8725,54.8525,55.745,1.09019216E8
1535587200,55.8125,57.065,55.6,56.2575,1.95175296E8
1535673600,56.6275,57.2175,56.5,56.9075,1.73360536E8
1536019200,57.1025,57.295,56.6575,57.09,1.09560528E8
1536105600,57.2475,57.4175,56.275,56.7175,1.3333184E8
1536192000,56.5575,56.8375,55.325,55.775,1.37159904E8
1536278400,55.4625,56.3425,55.1775,55.325,1.5047924E8
1536537600,55.2375,55.4625,54.1175,54.5825,1.58065812E8
1536624000,54.5025,56.07475,54.14,55.9625,1.42996196E8
1536710400,56.235,56.25,54.96,55.2675,1.9711496E8
1536796800,55.88,57.0875,55.6425,56.6025,1.66825508E8
1536883200,56.4375,56.71,55.6305,55.96,1.27997156E8
1537142400,55.5375,55.7375,54.3175,54.47,1.48780532E8
1537228800,54.4475,55.4625,54.28,54.56,1.26286848E8
1537315200,54.625,54.905,53.825,54.5925,1.08495332E8
1537401600,55.06,55.57,54.7875,55.0075,1.06435176E8
1537488000,55.195,55.34,54.3225,54.415,3.84986992E8
1537747200,54.205,55.315,54.1575,55.1975,1.10773432E8
1537833600,54.9375,55.705,54.925,55.5475,9.8217516E7
1537920000,55.25,55.9375,54.94,55.105,9.5938824E7
1538006400,55.955,56.61,55.885,56.2375,1.20724908E8
1538092800,56.1975,56.46,56.005,56.435,9.1717456E7
1538352000,56.9875,57.355,56.5875,56.815,9.4403208E7
1538438400,56.8125,57.5,56.6575,57.32,9.915268E7
1538524800,57.5125,58.3675,57.445,58.0175,1.14619196E8
1538611200,57.695,58.0875,56.6825,56.9975,1.28168E8
1538697600,56.99,57.1025,55.145,56.0725,1.34321852E8
1538956800,55.5525,56.2,55.05,55.9425,1.18655692E8
1539043200,55.91,56.8175,55.56155,56.7175,1.07564116E8
1539129600,56.365,56.5875,54.0125,54.09,1.67962216E8
1539216000,53.63,54.875,53.08,53.6125,2.12497568E8
1539302400,55.105,55.72,54.21,55.5275,1.61351404E8
1539561600,55.29,55.4575,54.3175,54.34,1.23164028E8
1539648000,54.7325,55.7475,54.190675,55.5375,1.16735852E8
1539734400,55.575,55.66,54.835,55.2975,9.1541588E7
1539820800,54.465,54.935,53.25,54.005,1.3032526E8
1539907200,54.515,55.315,54.3575,54.8275,1.32314904E8
1540166400,54.9475,55.84,54.735,55.1625,1.15168328E8
1540252800,53.9575,55.8125,53.675,55.6825,1.55071384E8
1540339200,55.65,56.0575,53.635,53.7725,1.63700652E8
1540425600,54.4275,55.345,54.1875,54.95,1.19423072E8
1540512000,53.975,55.0475,53.1675,54.075,1.890335E8
1540771200,54.7975,54.9225,51.5225,53.06,1.8374208E8
1540857600,52.7875,53.795,52.3175,53.325,1.4663996E8
1540944000,54.22,55.1125,54.155,54.715,1.53435732E8
1541030400,54.7625,55.59,54.2025,55.555,2.3329272E8
1541116800,52.3875,53.4125,51.3575,51.87,3.65314616E8
1541376000,51.075,51.0975,49.5425,50.3975,2.64654676E8
1541462400,50.48,51.18,50.4225,50.9425,1.27531524E8
1541548800,51.4925,52.515,51.0325,52.4875,1.33697736E8
1541635200,52.495,52.53,51.6875,52.1225,1.01450544E8
1541721600,51.3875,51.5025,50.5625,51.1175,1.37463E8
1541980800,49.75,49.9625,48.4475,48.5425,2.04542072E8
1542067200,47.9075,49.295,47.862525,48.0575,1.87531744E8
1542153600,48.475,48.62,46.4825,46.7,2.43203828E8
1542240000,47.0975,47.9925,46.725,47.8525,1.85915204E8
1542326400,47.625,48.742375,47.365,48.3825,1.47713012E8
1542585600,47.5,47.675,46.2475,46.465,1.67683488E8
1542672000,44.5925,45.3675,43.8775,44.245,2.71300988E8
1542758400,44.9325,45.0675,44.1375,44.195,1.2449684E8
1542931200,43.735,44.14875,43.025,43.0725,9.4495888E7
1543190400,43.56,43.7375,42.565,43.655,1.7999408E8
1543276800,42.8775,43.6925,42.72,43.56,1.65549508E8
1543363200,44.1825,45.3225,43.7325,45.235,1.84250156E8
1543449600,45.665,45.7,44.425,44.8875,1.67079968E8
1543536000,45.0725,45.0825,44.2575,44.645,1.58126196E8
1543795200,46.115,46.235,45.3025,46.205,1.63192008E8
1543881600,45.2375,45.597475,44.0675,44.1725,1.65377128E8
1544054400,42.94,43.695,42.605,43.68,1.7239364E8
1544140800,43.3725,43.6225,42.075,42.1225,1.69126524E8
1544400000,41.25,42.5225,40.8325,42.4,2.48103976E8
1544486400,42.915,42.9475,41.75,42.1575,1.8912666E8
1544572800,42.6,42.98,42.255,42.275,1.42510696E8
1544659200,42.6225,43.1425,42.3875,42.7375,1.27591308E8
1544745600,42.25,42.27,41.32,41.37,1.6281484E8
1545004800,41.3625,42.0875,40.6825,40.985,1.77151688E8
1545091200,41.345,41.8825,41.0975,41.5175,1.35366072E8
1545177600,41.5,41.8625,39.7725,40.2225,1.96189188E8
1545264000,40.1,40.5275,38.825,39.2075,2.5909184E8
1545350400,39.215,39.54,37.4075,37.6825,3.82977536E8
1545609600,37.0375,37.8875,36.6475,36.7075,1.48676928E8
1545782400,37.075,39.3075,36.68,39.2925,2.34330176E8
1545868800,38.96,39.1925,37.5175,39.0375,2.1246826E8
1545955200,39.375,39.63,38.6375,39.0575,1.69165696E8
1546214400,39.6325,39.84,39.12,39.435,1.40013864E8
1546387200,38.7225,39.7125,38.5575,39.48,1.48158948E8
1546473600,35.995,36.43,35.5,35.5475,3.6524878E8
1546560000,36.1325,37.137475,35.95,37.065,2.3442828E8
1546819200,37.175,37.2075,36.475,36.9825,2.19111056E8
1546905600,37.39,37.955,37.13,37.6875,1.64101256E8
1546992000,37.8225,38.6325,37.4075,38.3275,1.80396324E8
1547078400,38.125,38.4925,37.715,38.45,1.4312268E8
1547164800,38.22,38.425,37.8775,38.0725,1.08092964E8
1547424000,37.7125,37.8175,37.305,37.5,1.29756744E8
1547510400,37.5675,38.3475,37.5125,38.2675,1.14841296E8
1547596800,38.27,38.97,38.25,38.735,1.22278824E8
1547683200,38.55,39.415,38.315,38.965,1.1928464E8
1547769600,39.375,39.47,38.99515,39.205,1.35004092E8
1548115200,39.1025,39.1825,38.155,38.325,1.2157588E8
1548201600,38.5375,38.785,37.925,38.48,9.252228E7
1548288000,38.5275,38.62,37.935,38.175,1.01766196E8
1548374400,38.87,39.5325,38.58,39.44,1.34191572E8
1548633600,38.9475,39.0825,38.415,39.075,1.04768232E8
1548720000,39.0625,39.5325,38.5275,38.67,1.66348956E8
1548806400,40.8125,41.5375,40.0575,41.3125,2.4443912E8
1548892800,41.5275,42.25,41.14,41.61,1.62958596E8
1548979200,41.74,42.245,41.4825,41.63,1.30672552E8
1549238400,41.8525,42.91375,41.82,42.8125,1.25982328E8
1549324800,43.215,43.77,43.087525,43.545,1.44406512E8
1549411200,43.6625,43.8925,43.213275,43.56,1.12958364E8
1549497600,43.1,43.485,42.585,42.735,1.2696676E8
1549584000,42.2475,42.665,42.105,42.6025,9.5279864E7
1549843200,42.7625,42.8025,42.3125,42.3575,8.39737E7
1549929600,42.525,42.75,42.425,42.7225,8.9134092E7
1550016000,42.8475,43.12,42.48,42.545,8.9960932E7
1550102400,42.4275,42.815375,42.345,42.7,8.7342988E7
1550188800,42.8125,42.925,42.4375,42.605,9.8507256E7
1550534400,42.4275,42.86,42.3725,42.7325,7.5891304E7
1550620800,42.7975,43.33,42.7475,43.0075,1.04457448E8
1550707200,42.95,43.0925,42.575,42.765,6.899868E7
1550793600,42.895,43.25,42.845,43.2425,7.5652616E7
1551052800,43.54,43.9675,43.4875,43.5575,8.7493432E7
1551139200,43.4275,43.825,43.2933,43.5825,6.8280844E7
1551225600,43.3025,43.75,43.1825,43.7175,1.11341556E8
1551312000,43.58,43.7275,43.23,43.2875,1.12861664E8
1551398400,43.57,43.7875,43.2225,43.7425,1.03544668E8
1551657600,43.9225,44.4375,43.4925,43.9625,1.09744812E8
1551744000,43.985,44.0,43.635,43.8825,7.8949676E7
1551830400,43.6675,43.8725,43.485,43.63,8.3241536E7
1551916800,43.4675,43.61,43.005,43.125,9.9185496E7
1552003200,42.58,43.2675,42.375,43.2275,9.5997432E7
1552262400,43.8725,44.78,43.8375,44.725,1.28044136E8
1552348800,45.0,45.6675,44.8425,45.2275,1.29870336E8
1552435200,45.5625,45.825,45.23,45.4275,1.24130096E8
1552521600,45.975,46.025,45.64,45.9325,9.4318032E7
1552608000,46.2125,46.8325,45.935,46.53,1.56171648E8
1552867200,46.45,47.0975,46.4475,47.005,1.04879328E8
1552953600,47.0875,47.2475,46.48,46.6325,1.26585476E8
1553040000,46.5575,47.3725,46.1825,47.04,1.24140924E8
1553126400,47.505,49.0825,47.4525,48.7725,2.04136948E8
1553212800,48.835,49.4225,47.695,47.7625,1.69630664E8
1553472000,47.8775,47.995,46.65,47.185,1.75381172E8
1553558400,47.916,48.22,46.145,46.6975,1.99202152E8
1553644800,47.1875,47.44,46.6375,47.1175,1.19393708E8
1553731200,47.2375,47.38975,46.8825,47.18,8.3121452E7
1553817600,47.4575,47.52,47.135,47.4875,9.4255844E7
1554076800,47.91,47.92,47.095,47.81,1.11447856E8
1554163200,47.7725,48.615,47.7625,48.505,9.1062928E7
1554249600,48.3125,49.125,48.2875,48.8375,9.308732E7
1554336000,48.6975,49.0925,48.285,48.9225,7.64571E7
1554422400,49.1125,49.275,48.9825,49.25,7.4106576E7
1554681600,49.105,50.0575,49.085,50.025,1.03526788E8
1554768000,50.08,50.7125,49.8075,49.875,1.43072948E8
1554854400,49.67,50.185,49.545,50.155,8.6781152E7
1554940800,50.2125,50.25,49.610775,49.7375,8.3603232E7
1555027200,49.8,50.035,49.0525,49.7175,1.11042672E8
1555286400,49.645,49.9625,49.5025,49.8075,7.0146584E7
1555372800,49.865,50.3425,49.64,49.8125,1.0278554E8
1555459200,49.885,50.845,49.6525,50.7825,1.1562712E8
1555545600,50.78,51.0375,50.63,50.965,9.6783064E7
1555891200,50.7075,51.235,50.585,51.1325,7.775818E7
1555977600,51.1075,51.9375,50.975,51.87,9.3291964E7
1556064000,51.84,52.12,51.7625,51.79,7.0162436E7
1556150400,51.7075,51.94,51.28,51.32,7.4172824E7
1556236800,51.225,51.25,50.53,51.075,7.4596408E7
1556496000,51.1,51.4925,50.965,51.1525,8.8818864E7
1556582400,50.765,50.85,49.7775,50.1675,1.86139692E8
1556668800,52.47,53.8275,52.3075,52.63,2.59309312E8
1556755200,52.46,53.1625,52.0325,52.2875,1.27985296E8
1556841600,52.7225,52.96,52.5575,52.9375,8.3569512E7
1557100800,51.0725,52.21,50.875,52.12,1.29772452E8
1557187200,51.47,51.854375,50.20625,50.715,1.55054792E8
1557273600,50.475,51.335,50.4375,50.725,1.05358016E8
1557360000,50.1,50.42,49.165,50.18,1.39634428E8
1557446400,49.35475,49.7125,48.1925,49.295,1.64834848E8
1557705600,46.9275,47.37,45.7125,46.43,2.29722492E8
1557792000,46.6025,47.425,46.3525,47.165,1.46118708E8
1557878400,46.5675,47.9375,46.505,47.73,1.06178872E8
1557964800,47.4775,48.117225,47.21,47.52,1.32125456E8
1558051200,46.7325,47.725,46.69,47.25,1.3151636E8
1558310400,45.88,46.08725,45.070975,45.7725,1.5444916E8
1558396800,46.305,47.0,46.175,46.65,1.13459392E8
1558483200,46.165,46.4275,45.6375,45.695,1.18994224E8
1558569600,44.95,45.135,44.4525,44.915,1.46118944E8
1558656000,45.05,45.535,44.655,44.7425,9.4858744E7
1559001600,44.73,45.1475,44.4775,44.5575,1.1179264E8
1559088000,44.105,44.8375,44.0,44.345,1.1392466E8
1559174400,44.4875,44.8075,44.1675,44.575,8.4873648E7
1559260800,44.0575,44.4975,43.7475,43.7675,1.08174336E8
1559520000,43.9,44.48,42.5675,43.325,1.61584276E8
1559606400,43.86,44.9575,43.63,44.91,1.23871844E8
1559692800,46.07,46.2475,45.285,45.635,1.19093708E8
1559779200,45.77,46.3675,45.537225,46.305,9.0105244E7
1559865600,46.6275,47.98,46.4425,47.5375,1.22737572E8
1560124800,47.9525,48.8425,47.905,48.145,1.04883404E8
1560211200,48.715,49.0,48.4,48.7025,1.07731528E8
1560297600,48.4875,48.9925,48.34625,48.5475,7.3012756E7
1560384000,48.675,49.1975,48.4,48.5375,8.66985E7
1560470400,47.88625,48.396575,47.575,48.185,7.5045896E7
1560729600,48.225,48.74,48.0425,48.4725,5.8676576E7
1560816000,49.0125,50.0725,48.8025,49.6125,1.06204016E8
1560902400,49.92,49.97,49.3275,49.4675,8.449694E7
1560988800,50.0925,50.1525,49.5075,49.865,8.6055952E7
1561075200,49.7,50.2125,49.5375,49.695,1.91202356E8
1561334400,49.635,50.04,49.5425,49.645,7.2881684E7
1561420800,49.6075,49.815,48.8225,48.8925,8.4281336E7
1561507200,49.4425,50.2475,49.3375,49.95,1.04270048E8
1561593600,50.0725,50.3925,49.8925,49.935,8.3598868E7
1561680000,49.67,49.87375,49.2625,49.48,1.24442568E8
1561939200,50.7925,51.1225,50.1625,50.3875,1.09266956E8
1562025600,50.3525,50.783075,50.34,50.6825,6.7740868E7
1562112000,50.82,51.11,50.672525,51.1025,4.544818E7
1562284800,50.8375,51.27,50.725,51.0575,6.9062072E7
1562544000,50.2025,50.35,49.6025,50.005,1.01354512E8
1562630400,49.8,50.3775,49.7025,50.31,8.231206E7
1562716800,50.4625,50.9325,50.39,50.8075,7.1588552E7
1562803200,50.8275,51.0975,50.4275,50.4375,8.0767368E7
1562889600,50.6125,51.0,50.55,50.825,7.0380848E7
1563148800,51.0225,51.4675,51.0,51.3025,6.778968E7
1563235200,51.1475,51.5275,50.875,51.125,6.7467264E7
1563321600,51.0125,51.272875,50.8175,50.8375,5.64298E7
1563408000,51.0,51.47,50.925,51.415,7.4328644E7
1563494400,51.4475,51.625,50.59,50.6475,8.3717228E7
1563753600,50.9125,51.8075,50.9025,51.805,8.9111728E7
1563840000,52.115,52.2275,51.8225,52.21,7.342084E7
1563926400,51.9175,52.2875,51.7925,52.1675,5.9966268E7
1564012800,52.2225,52.31,51.6825,51.755,5.5638248E7
1564099200,51.87,52.4325,51.785,51.935,7.0475496E7
1564358400,52.115,52.66,52.11,52.42,8.6693556E7
1564444800,52.19,52.54,51.8275,52.195,1.35742872E8
1564531200,54.105,55.3425,52.825,53.26,2.77125444E8
1564617600,53.475,54.5075,51.685875,52.1075,2.16071688E8
1564704000,51.3825,51.6075,50.4075,51.005,1.63448488E8
1564963200,49.4975,49.66225,48.145,48.335,2.09571876E8
1565049600,49.0775,49.51675,48.51,49.25,1.43299148E8
1565136000,48.8525,49.89,48.455,49.76,1.334576E8
1565222400,50.05,50.8825,49.8475,50.8575,1.08038092E8
1565308800,50.325,50.69,49.8225,50.2475,9.8478984E7
1565568000,49.905,50.5129,49.7875,50.12,8.9927556E7
1565654400,50.255,53.035,50.2075,52.2425,1.90159144E8
1565740800,50.79,51.61,50.646725,50.6875,1.46189772E8
1565827200,50.865,51.285,49.9175,50.435,1.11533452E8
1565913600,51.07,51.79,50.96,51.625,1.15254496E8
1566172800,52.655,53.182675,52.50625,52.5875,9.772766E7
1566259200,52.72,53.3375,52.58,52.59,1.07678116E8
1566345600,53.2475,53.4125,52.9008,53.16,8.6258988E7
1566432000,53.2975,53.60875,52.6875,53.115,8.9071276E7
1566518400,52.3575,53.01275,50.25,50.66,1.87531372E8
1566777600,51.465,51.7975,51.264325,51.6225,1.0426452E8
1566864000,51.965,52.1375,50.8825,51.04,1.03589376E8
1566950400,51.025,51.43,50.83,51.3825,6.3830528E7
1567036800,52.125,52.33,51.66375,52.2525,8.4030608E7
1567123200,52.54,52.6125,51.8,52.185,8.259676E7
1567468800,51.6075,51.745,51.055,51.425,8.0238296E7
1567555200,52.0975,52.37,51.83,52.2975,7.686728E7
1567641600,53.0,53.4925,52.8775,53.32,9.5787936E7
1567728000,53.5125,53.605,53.1275,53.315,7.7449176E7
1567987200,53.71,54.11,52.7675,53.5425,1.09237604E8
1568073600,53.465,54.195,52.9275,54.175,1.27111724E8
1568160000,54.5175,55.9275,54.4325,55.8975,1.77158584E8
1568246400,56.2,56.605,55.715,55.77125,1.28906676E8
1568332800,55.0,55.1975,54.255,54.6875,1.59053184E8
1568592000,54.4325,55.0325,54.39,54.975,8.4632564E7
1568678400,54.99,55.205,54.78,55.175,7.3545872E7
1568764800,55.265,55.7125,54.86,55.6925,1.02572372E8
1568851200,55.5025,55.94,55.0925,55.24,8.8751504E7
1568937600,55.345,55.64,54.36825,54.4325,2.31908376E8
1569196800,54.7375,54.96,54.4125,54.68,7.7678592E7
1569283200,55.2575,55.6225,54.2975,54.42,1.25737468E8
1569369600,54.6375,55.375,54.28505,55.2575,8.9924024E7
1569456000,55.0,55.235,54.7075,54.9725,7.6353248E7
1569542400,55.135,55.24,54.32035,54.705,1.0144514E8
1569801600,55.225,56.145,55.1975,55.9925,1.05274332E8
1569888000,56.2675,57.055,56.05,56.1475,1.44748652E8
1569974400,55.765,55.895,54.4825,54.74,1.43069028E8
1570060800,54.6075,55.24,53.783,55.205,1.21410744E8
1570147200,56.41,56.8725,55.9725,56.7525,1.39022212E8
1570406400,56.5675,57.4825,56.46,56.765,1.23557076E8
1570492800,56.455,57.015,56.0825,56.1,1.171308E8
1570579200,56.7575,56.9475,56.41,56.7575,7.6117696E7
1570665600,56.9825,57.61,56.825,57.5225,1.15851936E8
1570752000,58.2375,59.41,58.076875,59.0525,1.6796084E8
1571011200,58.725,59.53355,58.667525,58.9675,9.7653936E7
1571097600,59.0975,59.4125,58.72,58.83,9.2161932E7
1571184000,58.3425,58.81,58.3,58.5925,7.7146776E7
1571270400,58.7725,59.0375,58.38,58.82,6.9091588E7
1571356800,58.6475,59.395,58.5725,59.1025,9.7508664E7
1571616000,59.38,60.2475,59.33,60.1275,8.9469932E7
1571702400,60.29,60.55,59.90545,59.99,9.0736004E7
1571788800,60.525,60.81,60.305,60.795,7.973018E7
1571875200,61.1275,61.2,60.45125,60.895,7.166502E7
1571961600,60.79,61.6825,60.72,61.645,7.3477184E7
1572220800,61.855,62.3125,61.68,62.2625,9.6572964E7
1572307200,62.2425,62.4375,60.6425,60.8225,1.42839468E8
1572393600,61.19,61.325,60.3025,60.815,1.24522088E8
1572480000,61.81,62.2925,59.315,62.19,1.3916208E8
1572566400,62.385,63.9825,62.29,63.955,1.51125336E8
1572825600,64.3325,64.46125,63.845,64.375,1.03271808E8
1572912000,64.2625,64.5475,64.08,64.2825,7.9897708E7
1572998400,64.1925,64.3725,63.84125,64.31,7.5864496E7
1573084800,64.685,65.0875,64.5275,64.8575,9.4940332E7
1573171200,64.6725,65.11,64.2125,65.035,7.008198E7
1573430400,64.575,65.6175,64.57,65.55,8.2029836E7
1573516800,65.3875,65.6975,65.23,65.49,8.7388904E7
1573603200,65.2825,66.195,65.2675,66.1175,1.03270372E8
1573689600,65.9375,66.22,65.525,65.66,8.9582224E7
1573776000,65.92,66.445,65.7525,66.44,1.00374664E8
1574035200,66.45,66.8575,66.0575,66.775,8.6803588E7
1574121600,66.975,67.0,66.34815,66.5725,7.6278388E7
1574208000,66.385,66.52075,65.1,65.7975,1.06439676E8
1574294400,65.9225,66.00125,65.295,65.5025,1.21395112E8
1574380800,65.6475,65.795,65.21,65.445,6.5325052E7
1574640000,65.6775,66.61,65.63,66.5925,8.4118068E7
1574726400,66.735,66.79,65.625,66.0725,1.05339528E8
1574812800,66.395,66.995,66.3275,66.96,6.5544488E7
1574985600,66.65,67.0,66.475,66.8125,4.6617452E7
1575244800,66.8175,67.0625,65.8625,66.04,9.47742E7
1575331200,64.5775,64.8825,64.0725,64.8625,1.17509072E8
1575417600,65.2675,65.8275,65.17,65.435,6.7241552E7
1575504000,65.9475,66.4725,65.6825,66.395,7.4645372E7
1575590400,66.87,67.75,66.825,67.6775,1.06189972E8
1575849600,67.5,67.7,66.2275,66.73,1.2873058E8
1575936000,67.15,67.5175,66.465,67.12,9.0529532E7
1576022400,67.2025,67.775,67.125,67.6925,7.8893564E7
1576108800,66.945,68.139975,66.83025,67.865,1.37748168E8
1576195200,67.865,68.825,67.7325,68.7875,1.33731224E8
1576454400,69.25,70.1975,69.245,69.965,1.2832442E8
1576540800,69.8925,70.4425,69.7,70.1025,1.14303192E8
1576627200,69.95,70.475,69.78,69.935,1.16098748E8
1576713600,69.875,70.295,69.7375,70.005,9.8507788E7
1576800000,70.5575,70.6625,69.64,69.86,2.76130972E8
1577059200,70.1325,71.0625,70.093375,71.0,9.8711532E7
1577145600,71.1725,71.2225,70.729925,71.0675,4.8478856E7
1577318400,71.205,72.495,71.175,72.4775,9.3336016E7
1577404800,72.78,73.4925,72.03,72.45,1.46371744E8
1577664000,72.365,73.1725,71.305,72.88,1.44238456E8
1577750400,72.4825,73.42,72.38,73.4125,1.009905E8
1577923200,74.06,75.15,73.7975,75.0875,1.35647456E8
1578009600,74.2875,75.145,74.125,74.3575,1.46535512E8
1578268800,73.4475,74.99,73.1875,74.95,1.18578576E8
1578355200,74.96,75.225,74.37,74.5975,1.1151062E8
1578441600,74.29,76.109975,74.289,75.7975,1.32363784E8
1578528000,76.80875,77.6075,76.55,77.4075,1.70486168E8
1578614400,77.65,78.1675,77.0625,77.5825,1.40869088E8
1578873600,77.91,79.2675,77.7875,79.24,1.22086888E8
1578960000,79.175,79.3925,78.0425,78.17,1.62613828E8
1579046400,77.9625,78.875,77.3875,77.835,1.21923528E8
1579132800,78.3975,78.925,78.0225,78.81,1.08829016E8
1579219200,79.0675,79.685,78.75,79.6825,1.37816468E8
1579564800,79.2975,79.755,79.0,79.1425,1.10843256E8
1579651200,79.645,79.9975,79.3275,79.425,1.0183246E8
1579737600,79.48,79.89,78.9125,79.8075,1.04471972E8
1579824000,80.0625,80.8325,79.3797,79.5775,1.4653752E8
1580083200,77.515,77.9425,76.22,77.2375,1.6194002E8
1580169600,78.15,79.6,78.0475,79.4225,1.62233944E8
1580256000,81.1125,81.9625,80.345,81.085,2.16599712E8
1580342400,80.135875,81.0225,79.6875,80.9675,1.26743232E8
1580428800,80.2325,80.67,77.0725,77.3775,1.99588384E8
1580688000,76.075,78.3725,75.555,77.165,1.73985604E8
1580774400,78.8275,79.91,78.408625,79.7125,1.36616536E8
1580860800,80.88,81.19,79.7375,80.3625,1.18826872E8
1580947200,80.6425,81.305,80.0662,81.3025,1.0542554E8
1581033600,80.5925,80.85,79.5,80.0075,1.17684048E8
1581292800,78.545,80.3875,78.4625,80.3875,1.0934886E8
1581379200,80.9,80.975,79.6775,79.9025,9.432312E7
1581465600,80.3675,81.805,80.3675,81.8,1.13730292E8
1581552000,81.0475,81.555,80.8375,81.2175,9.4747568E7
1581638400,81.185,81.495,80.7125,81.2375,8.0113788E7
1581984000,78.84,79.9375,78.6525,79.75,1.5276218E8
1582070400,80.0,81.1425,80.0,80.905,9.3983964E7
1582156800,80.6575,81.1625,79.5525,80.075,1.00565956E8
1582243200,79.655,80.1125,77.625,78.2625,1.2970566E8
1582502400,74.315,76.045,72.3075,74.545,2.22195312E8
1582588800,75.2375,75.6325,71.5325,72.02,2.30673456E8
1582675200,71.6325,74.47,71.625,73.1625,1.98713724E8
1582761600,70.275,71.5,68.24,68.38,3.20605524E8
1582848000,64.315,69.6025,64.0925,68.34,4.2688492E8
1583107200,70.57,75.36,69.43,74.7025,3.41397356E8
1583193600,75.9175,76.0,71.45,72.33,3.19475408E8
1583280000,74.11,75.85,73.2825,75.685,2.19178272E8
1583366400,73.88,74.8875,72.8525,73.23,1.87572876E8
1583452800,70.5,72.705,70.3075,72.2575,2.26176984E8
1583712000,65.9375,69.5225,65.75,66.5425,2.86744832E8
1583798400,69.285,71.61,67.3425,71.335,2.8529008E8
1583884800,69.3475,70.305,67.965,68.8575,2.5637988E8
1583971200,63.985,67.5,62.0,62.0575,4.18474068E8
1584057600,66.2225,69.98,63.2375,69.4925,3.70732128E8
1584316800,60.4875,64.77,60.0,60.5525,3.2242346E8
1584403200,61.8775,64.4025,59.6,63.215,3.2405586E8
1584489600,59.9425,62.5,59.28,61.6675,3.00233624E8
1584576000,61.84625,63.21,60.6525,61.195,2.7185702E8
1584662400,61.795,62.9575,57.0,57.31,4.01693384E8
1584921600,57.02,57.124925,53.1525,56.0925,3.36752832E8
1585008000,59.09,61.9225,58.575,61.72,2.87531092E8
1585094400,62.6875,64.5625,61.075,61.38,3.0360204E8
1585180800,61.63,64.67,61.59,64.61,2.52560676E8
1585267200,63.1875,63.9675,61.7625,61.935,2.04216612E8
1585526400,62.685,63.88,62.35,63.7025,1.6797644E8
1585612800,63.9,65.6225,63.0,63.5725,1.97002004E8
1585699200,61.625,62.18,59.7825,60.2275,1.76218552E8
1585785600,60.085,61.2875,59.225,61.2325,1.65933972E8
1585872000,60.7,61.425,59.743525,60.3525,1.29880068E8
1586131200,62.725,65.7775,62.345,65.6175,2.01820284E8
1586217600,67.7,67.925,64.75,64.8575,2.02887324E8
1586304000,65.685,66.8425,65.3075,66.5175,1.68895284E8
1586390400,67.175,67.5175,66.175,66.9975,1.62116492E8
1586736000,67.0775,68.425,66.4575,68.3125,1.31022924E8
1586822400,70.0,72.0625,69.5125,71.7625,1.94994688E8
1586908800,70.6,71.5825,70.1575,71.1075,1.31154564E8
1586995200,71.845,72.049375,70.58755,71.6725,1.5712516E8
1587081600,71.1725,71.73625,69.215,70.7,2.15249912E8
1587340800,69.4875,70.42,69.2125,69.2325,1.30015E8
1587427200,69.07,69.3125,66.3575,67.0925,1.80991572E8
1587513600,68.4025,69.475,68.05,69.025,1.17057368E8
1587600000,68.9675,70.4375,68.7175,68.7575,1.24814328E8
1587686400,69.3,70.7525,69.25,70.7425,1.26508732E8
1587945600,70.45,71.135,69.9875,70.7925,1.17087572E8
1588032000,71.27,71.4575,69.55,69.645,1.12004748E8
1588118400,71.1825,72.4175,70.9725,71.9325,1.37280816E8
1588204800,72.49,73.6325,72.0875,73.45,1.83063872E8
1588291200,71.5625,74.75,71.4625,72.2675,2.406167E8
1588550400,72.2925,73.4225,71.5793,73.29,1.33567944E8
1588636800,73.765,75.25,73.615,74.39,1.4775118E8
1588723200,75.115,75.81,74.7175,75.1575,1.42333752E8
1588809600,75.805,76.2925,75.4925,75.935,1.15215056E8
1588896000,76.41,77.5875,76.0725,77.5325,1.3404794E8
1589155200,77.025,79.2625,76.81,78.7525,1.45946244E8
1589241600,79.4575,79.922,77.7275,77.8525,1.62301052E8
1589328000,78.0375,78.9875,75.8025,76.9125,2.00622556E8
1589414400,76.1275,77.4475,75.3825,77.385,1.58929076E8
1589500800,75.0875,76.975,75.0525,76.9275,1.66348376E8
1589760000,78.2925,79.125,77.581025,78.74,1.353725E8
1589846400,78.7575,79.63,78.2525,78.285,1.0172954E8
1589932800,79.17,79.88,79.05,79.8075,1.1150486E8
1590019200,79.665,80.2225,78.9675,79.2125,1.02688844E8
1590105600,78.9425,79.8075,78.8375,79.7225,8.1803016E7
1590451200,80.875,81.06,79.125,79.1825,1.25521816E8
1590537600,79.035,79.6775,78.2725,79.5275,1.12945096E8
1590624000,79.1925,80.86,78.9075,79.5625,1.33796412E8
1590710400,79.8125,80.2875,79.1175,79.485,1.53598128E8
1590969600,79.4375,80.5875,79.3025,80.4625,8.1018612E7
1591056000,80.18625,80.86,79.7325,80.835,8.7642816E7
1591142400,81.165,81.55,80.575,81.28,1.04491216E8
1591228800,81.0975,81.405,80.195,80.58,8.7560364E7
1591315200,80.8375,82.9375,80.8075,82.875,1.372502E8
1591574400,82.5625,83.4,81.83,83.365,9.5654536E7
1591660800,83.035,86.4025,83.0025,85.9975,1.47712364E8
1591747200,86.975,88.6925,86.5225,88.21,1.66651752E8
1591833600,87.3275,87.765,83.87,83.975,2.01662452E8
1591920000,86.18,86.95,83.555825,84.7,2.00146052E8
1592179200,83.3125,86.42,83.145,85.7475,1.3880892E8
1592265600,87.865,88.3,86.18,88.02,1.65428728E8
1592352000,88.7875,88.85,87.7725,87.8975,1.14406504E8
1592438400,87.8525,88.3625,87.305,87.9325,9.6820384E7
1592524800,88.65875,89.14,86.2875,87.43,2.64475808E8
1592784000,87.835,89.865,87.7875,89.7175,1.35445264E8
1592870400,91.0,93.095,90.567525,91.6325,2.12155476E8
1592956800,91.25,92.1975,89.63,90.015,1.92623396E8
1593043200,90.175,91.25,89.3925,91.21,1.37522512E8
1593129600,91.1025,91.33,88.255,88.4075,2.05256844E8
1593388800,88.3125,90.5434,87.82,90.445,1.30646076E8
1593475200,90.02,91.495,90.0,91.2,1.40223284E8
1593561600,91.28,91.84,90.9775,91.0275,1.10737236E8
1593648000,91.9625,92.6175,90.91,91.0275,1.14041468E8
1593993600,92.5,93.945,92.4675,93.4625,1.18655652E8
1594080000,93.8525,94.655,93.0575,93.1725,1.12424456E8
1594166400,94.18,95.375,94.09,95.3425,1.1709188E8
1594252800,96.2625,96.3175,94.6725,95.6825,1.25642608E8
1594339200,95.335,95.98,94.705175,95.92,9.025732E7
1594598400,97.265,99.955,95.2575,95.4775,1.9164914E8
1594684800,94.84,97.255,93.8775,97.0575,1.70989364E8
1594771200,98.99,99.2475,96.49,97.725,1.53197932E8
1594857600,96.5625,97.405,95.905,96.5225,1.10577672E8
1594944000,96.9875,97.1475,95.84,96.3275,9.21869E7
1595203200,96.41625,98.5,96.0625,98.3575,9.0317908E7
1595289600,99.1725,99.25,96.7425,97.0,1.03645836E8
1595376000,96.6925,97.975,96.6025,97.2725,8.9001652E7
1595462400,96.998375,97.0775,92.00975,92.845,1.97004432E8
1595548800,90.9875,92.97,89.145,92.615,1.85438864E8
1595808000,93.71,94.905,93.48,94.81,1.21214192E8
1595894400,94.3675,94.54965,93.2475,93.2525,1.036255E8
1595980800,93.75,95.23,93.7125,95.04,9.0329256E7
1596067200,94.1875,96.2975,93.7675,96.19,1.5813002E8
1596153600,102.88375,106.415,100.825,106.26,3.74295468E8
1596412800,108.2,111.636425,107.8925,108.9375,3.08151388E8
1596499200,109.1325,110.79,108.3875,109.665,1.72792368E8
1596585600,109.3775,110.3925,108.8975,110.0625,1.21991952E8
1596672000,110.405,114.4125,109.7975,113.9025,2.024289E8
1596758400,113.205,113.675,110.2925,111.1125,1.98045612E8
1597017600,112.6,113.775,110.0,112.7275,2.12403424E8
1597104000,111.96875,112.4825,109.106675,109.375,1.87902376E8
1597190400,110.4975,113.275,110.2975,113.01,1.6594482E8
1597276800,114.43,116.0425,113.9275,115.01,2.10082064E8
1597363200,114.82875,115.0,113.045,114.9075,1.65565208E8
1597622400,116.0625,116.0875,113.962525,114.6075,1.19561444E8
1597708800,114.3525,116.0,114.0075,115.5625,1.0563354E8
1597795200,115.98325,117.1625,115.61,115.7075,1.45538008E8
1597881600,115.75,118.392,115.733375,118.275,1.26907188E8
1597968000,119.2625,124.868,119.25,124.37,3.3805464E8
1598227200,128.6975,128.785,123.93625,125.8575,3.45937768E8
1598313600,124.6975,125.1793,123.0525,124.825,2.11495788E8
1598400000,126.179125,126.9925,125.0825,126.5225,1.63022268E8
1598486400,127.1425,127.485,123.8325,125.01,1.55552384E8
1598572800,126.0125,126.4425,124.5775,124.8075,1.87629916E8
1598832000,127.58,131.0,126.0,129.04,2.25702688E8
1598918400,132.76,134.8,130.53,134.18,1.52470142E8
1599004800,137.59,137.98,127.0,131.4,2.00118991E8
1599091200,126.91,128.84,120.5,120.88,2.5759964E8
1599177600,120.07,123.7,110.89,120.96,3.32607163E8
1599523200,113.95,118.99,112.68,112.82,2.31366563E8
1599609600,117.26,119.14,115.26,117.32,1.76940455E8
1599696000,120.36,120.5,112.5,113.49,1.82274391E8
1599782400,114.57,115.23,110.0,112.0,1.80860325E8
1600041600,114.72,115.93,112.8,115.355,1.40150087E8
1600128000,118.33,118.829,113.61,115.54,1.84642039E8
1600214400,115.23,116.0,112.04,112.13,1.55026675E8
1600300800,109.72,112.2,108.71,110.34,1.78010968E8
1600387200,110.4,110.88,106.09,106.84,2.87104882E8
1600646400,104.54,110.19,103.1,110.08,1.95713815E8
1600732800,112.68,112.86,109.16,111.81,1.83055373E8
1600819200,111.62,112.11,106.77,107.12,1.50718671E8
1600905600,105.17,110.25,105.0,108.22,1.67743349E8
1600992000,108.43,112.44,107.67,112.28,1.49981441E8
1601251200,115.01,115.32,112.78,114.96,1.37672403E8
1601337600,114.55,115.31,113.57,114.09,1.00060526E8
1601424000,113.79,117.26,113.62,115.81,1.42675184E8
1601510400,117.64,117.72,115.83,116.79,1.1612044E8
1601596800,112.89,115.37,112.22,113.02,1.44711986E8
1601856000,113.91,116.65,113.55,116.5,1.06243839E8
1601942400,115.7,116.12,112.25,113.16,1.61498212E8
1602028800,114.62,115.55,114.13,115.08,9.6848985E7
1602115200,116.25,116.4,114.5901,114.97,8.3477153E7
1602201600,115.28,117.0,114.92,116.97,1.00506865E8
1602460800,120.06,125.18,119.2845,124.4,2.40226769E8
1602547200,125.27,125.39,119.65,121.1,2.62330451E8
1602633600,121.0,123.03,119.62,121.19,1.51062308E8
1602720000,118.72,121.2,118.15,120.71,1.12559219E8
1602806400,121.28,121.548,118.81,119.02,1.15393808E8
1603065600,119.96,120.419,115.66,115.98,1.20639337E8
1603152000,116.2,118.98,115.63,117.51,1.24423728E8
1603238400,116.67,118.705,116.45,116.87,8.994598E7
1603324800,117.45,118.04,114.59,115.75,1.01987954E8
1603411200,116.39,116.55,114.28,115.04,8.2572645E7
1603670400,114.01,116.55,112.88,115.05,1.11850657E8
1603756800,115.49,117.28,114.5399,116.6,9.2276772E7
1603843200,115.05,115.43,111.1,111.2,1.43937823E8
1603929600,112.37,116.93,112.2,115.32,1.46129173E8
1604016000,111.06,111.99,107.72,108.86,1.90573476E8
1604275200,109.11,110.68,107.32,108.77,1.22866899E8
1604361600,109.66,111.49,108.73,110.44,1.07624448E8
1604448000,114.14,115.59,112.35,114.95,1.38235482E8
1604534400,117.95,119.62,116.8686,119.03,1.26387074E8
1604620800,118.32,119.2,116.13,118.69,1.14457922E8
1604880000,120.5,121.99,116.05,116.32,1.54515315E8
1604966400,115.55,117.59,114.13,115.97,1.3802339E8
1605052800,117.19,119.63,116.44,119.49,1.12294954E8
1605139200,119.62,120.53,118.57,119.21,1.03350674E8
1605225600,119.44,119.6717,117.87,119.26,8.1688586E7
1605484800,118.92,120.99,118.146,120.3,9.1183018E7
1605571200,119.55,120.6741,118.96,119.39,7.4270973E7
1605657600,118.61,119.82,118.0,118.03,7.6322111E7
1605744000,117.59,119.06,116.81,118.64,7.4112972E7
1605830400,118.64,118.77,117.29,117.34,7.3604287E7
1606089600,117.18,117.6202,113.75,113.85,1.27959318E8
1606176000,113.91,115.85,112.59,115.17,1.13874218E8
1606262400,115.55,116.75,115.17,116.03,7.6499234E7
1606435200,116.57,117.49,116.22,116.59,4.6691331E7
1606694400,116.97,120.97,116.81,119.05,1.69410176E8
1606780800,121.01,123.4693,120.01,122.72,1.28166803E8
1606867200,122.02,123.37,120.89,123.08,8.9004195E7
1606953600,123.52,123.78,122.21,122.94,7.896763E7
1607040000,122.6,122.8608,121.52,122.25,7.8260421E7
1607299200,122.31,124.57,122.25,123.75,8.671199E7
1607385600,124.37,124.98,123.09,124.38,8.2225512E7
1607472000,124.53,125.95,121.0,121.78,1.15089193E8
1607558400,120.5,123.87,120.15,123.24,8.131217E7
1607644800,122.43,122.76,120.55,122.41,8.6939786E7
1607904000,122.6,123.35,121.54,121.78,7.9182628E7
1607990400,124.34,127.9,124.13,127.88,1.55984149E8
1608076800,127.41,128.37,126.56,127.81,9.6926419E7
1608163200,128.9,129.58,128.045,128.7,9.4359811E7
1608249600,128.96,129.1,126.12,126.655,1.92541496E8
1608508800,125.02,128.31,123.449,128.23,1.21251553E8
1608595200,131.61,134.405,129.65,131.88,1.69351825E8
1608681600,132.16,132.43,130.78,130.96,8.8223692E7
1608768000,131.32,133.46,131.1,131.97,5.4930064E7
1609113600,133.99,137.34,133.51,136.69,1.24486237E8
1609200000,138.05,138.789,134.3409,134.87,1.21047324E8
1609286400,135.58,135.99,133.4,133.72,9.6452124E7
1609372800,134.08,134.74,131.72,132.69,9.9116586E7
1609718400,133.52,133.6116,126.76,129.41,1.43301887E8
1609804800,128.89,131.74,128.43,131.01,9.7664898E7
1609891200,127.72,131.0499,126.382,126.6,1.5508797E8
1609977600,128.36,131.63,127.86,130.92,1.09578157E8
1610064000,132.43,132.63,130.23,132.05,1.05158245E8
1610323200,129.19,130.17,128.5,128.98,1.0062088E8
1610409600,128.5,129.69,126.86,128.8,9.1951145E7
1610496000,128.76,131.45,128.49,130.89,8.8636831E7
1610582400,130.8,131.0,128.76,128.91,9.0221755E7
1610668800,128.78,130.2242,127.0,127.14,1.11598531E8
1611014400,127.78,128.71,126.938,127.83,9.0757329E7
1611100800,128.66,132.49,128.55,132.03,1.04319489E8
1611187200,133.8,139.67,133.59,136.87,1.20529544E8
1611273600,136.28,139.85,135.02,139.07,1.1445936E8
1611532800,143.07,145.09,136.54,142.92,1.57611713E8
1611619200,143.6,144.3,141.37,143.16,9.8390555E7
1611705600,143.43,144.3,140.41,142.06,1.40843759E8
1611792000,139.52,141.99,136.7,137.09,1.42621128E8
1611878400,135.83,136.74,130.21,131.96,1.77523812E8
1612137600,133.75,135.38,130.93,134.14,1.06239823E8
1612224000,135.73,136.31,134.61,134.99,8.3305367E7
1612310400,135.76,135.77,133.61,133.94,8.9880937E7
1612396800,136.3,137.4,134.59,137.39,8.4183061E7
1612483200,137.35,137.42,135.86,136.76,7.569383E7
1612742400,136.03,136.96,134.92,136.91,7.1297214E7
1612828800,136.62,137.877,135.85,136.01,7.6774213E7
1612915200,136.48,136.99,134.4,135.39,7.3046563E7
1613001600,135.9,136.39,133.77,135.13,6.4280029E7
1613088000,134.35,135.53,133.6921,135.37,6.014513E7
1613433600,135.49,136.01,132.79,133.19,8.0576316E7
1613520000,131.25,132.22,129.47,130.84,9.8085249E7
1613606400,129.2,129.995,127.41,129.71,9.6856748E7
1613692800,130.24,130.71,128.8,129.87,8.7668834E7
1613952000,128.01,129.72,125.6,126.0,1.03916419E8
1614038400,123.76,126.71,118.39,125.86,1.58273022E8
1614124800,124.94,125.56,122.23,125.35,1.11039904E8
1614211200,124.68,126.4585,120.54,120.99,1.4819954E8
1614297600,122.59,124.85,121.2,121.26,1.64560394E8
1614556800,123.75,127.93,122.79,127.79,1.16307892E8
1614643200,128.41,128.72,125.01,125.12,1.02260945E8
1614729600,124.81,125.71,121.84,122.06,1.1296634E8
1614816000,121.75,123.6,118.62,120.13,1.78154975E8
1614902400,120.98,121.935,117.57,121.42,1.53766601E8
1615161600,120.93,121.0,116.21,116.36,1.5437661E8
1615248000,119.03,122.06,118.79,121.085,1.2952578E8
1615334400,121.69,122.17,119.45,119.98,1.11943326E8
1615420800,122.54,123.21,121.26,121.96,1.03026514E8
1615507200,120.4,121.17,119.16,121.03,8.810505E7
1615766400,121.41,124.0,120.42,123.99,9.2590555E7
1615852800,125.7,127.22,124.715,125.57,1.15227936E8
1615939200,124.05,125.8599,122.336,124.76,1.11932636E8
1616025600,122.88,123.18,120.32,120.53,1.21469755E8
1616112000,119.9,121.43,119.675,119.99,1.85549522E8
1616371200,120.33,123.87,120.26,123.39,1.11912284E8
1616457600,123.33,124.24,122.14,122.54,9.5467142E7
1616544000,122.82,122.9,120.065,120.09,8.8530485E7
1616630400,119.54,121.66,119.0,120.59,9.8844681E7
1616716800,120.35,121.48,118.92,121.21,9.4071234E7
1616976000,121.65,122.58,120.7299,121.39,8.0819203E7
1617062400,120.11,120.4031,118.86,119.9,8.5671919E7
1617148800,121.65,123.52,121.15,122.15,1.18323826E8
1617235200,123.66,124.18,122.49,123.0,7.5089134E7
1617580800,123.87,126.1601,123.07,125.9,8.8651175E7
1617667200,126.5,127.13,125.65,126.21,8.0171253E7
1617753600,125.83,127.92,125.14,127.9,8.3466716E7
1617840000,128.95,130.39,128.52,130.36,8.8844591E7
1617926400,129.8,133.04,129.47,132.995,1.06686703E8
1618185600,132.52,132.85,130.63,131.24,9.1419983E7
1618272000,132.44,134.66,131.93,134.43,9.1266545E7
1618358400,134.94,135.0,131.655,132.03,8.7222782E7
1618444800,133.82,135.0,133.64,134.5,8.9347102E7
1618531200,134.3,134.67,133.28,134.16,8.4922386E7
1618790400,133.51,135.47,133.34,134.84,9.4264215E7
1618876800,135.02,135.53,131.81,133.11,9.4812349E7
1618963200,132.36,133.75,131.3001,133.5,6.8847136E7
1619049600,133.04,134.15,131.41,131.94,8.4566456E7
1619136000,132.16,135.12,132.16,134.32,7.8756779E7
1619395200,134.83,135.06,133.56,134.72,6.6905069E7
1619481600,135.01,135.41,134.11,134.39,6.6015804E7
1619568000,134.31,135.02,133.08,133.58,1.07760097E8
1619654400,136.47,137.07,132.45,133.48,1.51100953E8
1619740800,131.78,133.56,131.065,131.46,1.09839466E8
1620000000,132.04,134.07,131.83,132.54,7.51351E7
1620086400,131.19,131.4899,126.7,127.85,1.37564718E8
1620172800,129.2,130.45,127.97,128.1,8.40009E7
1620259200,127.89,129.75,127.13,129.74,7.8128334E7
1620345600,130.85,131.2582,129.475,130.21,7.8973273E7
1620604800,129.41,129.54,126.81,126.85,8.8071229E7
1620691200,123.5,126.27,122.77,125.91,1.26142826E8
1620777600,123.4,124.64,122.25,122.77,1.12172282E8
1620864000,124.58,126.15,124.26,124.97,1.05861339E8
1620950400,126.25,127.89,125.85,127.45,8.1917951E7
1621209600,126.82,126.93,125.17,126.27,7.4244624E7
1621296000,126.56,126.99,124.78,124.85,6.3342929E7
1621382400,123.16,124.915,122.86,124.69,9.2611989E7
1621468800,125.23,127.72,125.1,127.31,7.6857123E7
1621555200,127.82,128.0,125.21,125.43,7.9295436E7
1621814400,126.01,127.94,125.94,127.1,6.3092945E7
1621900800,127.82,128.32,126.32,126.9,7.2009482E7
1621987200,126.955,127.39,126.42,126.85,5.657592E7
1622073600,126.44,127.64,125.08,125.28,9.4625601E7
1622160000,125.57,125.8,124.55,124.61,7.1311109E7
1622505600,125.08,125.35,123.94,124.28,6.7637118E7
1622592000,124.28,125.24,124.05,125.06,5.9278862E7
1622678400,124.68,124.85,123.13,123.54,7.622917E7
1622764800,124.07,126.16,123.85,125.89,7.5169343E7
1623024000,126.17,126.32,124.8321,125.9,7.105755E7
1623110400,126.6,128.46,126.2101,126.74,7.4403774E7
1623196800,127.21,127.75,126.52,127.13,5.6877937E7
1623283200,127.02,128.19,125.94,126.11,7.1186421E7
1623369600,126.53,127.44,126.1,127.35,5.3522373E7
1623628800,127.82,130.54,127.07,130.48,9.690649E7
1623715200,129.94,130.6,129.39,129.64,6.2746332E7
1623801600,130.37,130.89,128.461,130.15,9.1815026E7
1623888000,129.8,132.55,129.65,131.79,9.6721669E7
1623974400,130.71,131.51,130.24,130.46,1.08953309E8
1624233600,130.3,132.41,129.21,132.3,7.9663316E7
1624320000,132.13,134.08,131.62,133.98,7.4783618E7
1624406400,133.77,134.32,133.23,133.7,6.02142E7
1624492800,134.45,134.64,132.93,133.41,6.8710998E7
1624579200,133.46,133.89,132.81,133.11,7.0783746E7
1624838400,133.41,135.245,133.35,134.78,6.2111303E7
1624924800,134.8,136.49,134.35,136.33,6.4556081E7
1625011200,136.17,137.41,135.87,136.96,6.3261393E7
1625097600,136.6,137.33,135.76,137.27,5.2485781E7
1625184000,137.9,140.0,137.745,139.96,7.8945572E7
1625529600,140.07,143.15,140.07,142.02,1.08181793E8
1625616000,143.535,144.89,142.66,144.57,1.04911589E8
1625702400,141.58,144.06,140.665,143.24,1.05575458E8
1625788800,142.75,145.65,142.6522,145.11,9.98908E7
1626048000,146.21,146.32,144.0,144.5,7.6299719E7
1626134400,144.03,147.46,143.63,145.64,1.00827099E8
1626220800,148.1,149.57,147.68,149.15,1.27050785E8
1626307200,149.24,150.0,147.09,148.48,1.06820297E8
1626393600,148.46,149.76,145.88,146.39,9.3251426E7
1626652800,143.75,144.07,141.67,142.45,1.21434571E8
1626739200,143.46,147.0997,142.96,146.15,9.6350036E7
1626825600,145.53,146.13,144.63,145.4,7.499346E7
1626912000,145.935,148.195,145.81,146.8,7.7338156E7
1626998400,147.55,148.7177,146.92,148.56,7.1447416E7
1627257600,148.27,149.83,147.7,148.99,7.2434089E7
1627344000,149.12,149.21,145.55,146.77,1.04818578E8
1627430400,144.81,146.97,142.54,144.98,1.18931191E8
1627516800,144.685,146.55,144.58,145.64,5.6699475E7
1627603200,144.38,146.33,144.11,145.86,7.0440626E7
1627862400,146.36,146.95,145.25,145.52,6.2879961E7
1627948800,145.81,148.045,145.18,147.36,6.4786618E7
1628035200,147.27,147.79,146.28,146.95,5.6368271E7
1628121600,146.98,147.84,146.17,147.06,4.6397674E7
1628208000,146.35,147.11,145.63,146.14,5.4126813E7
1628467200,146.2,146.7,145.52,146.09,4.8908689E7
1628553600,146.44,147.71,145.3,145.6,6.9023081E7
1628640000,146.05,146.72,145.53,145.86,4.8493463E7
1628726400,146.19,149.05,145.84,148.89,7.3779113E7
1628812800,148.97,149.4444,148.27,149.1,5.9375009E7
1629072000,148.535,151.19,146.47,151.12,1.03558782E8
1629158400,150.23,151.68,149.09,150.19,9.2229735E7
1629244800,149.8,150.72,146.15,146.36,8.632599E7
1629331200,145.03,148.0,144.5,146.7,8.696031E7
1629417600,147.44,148.5,146.78,148.19,6.054963E7
1629676800,148.31,150.19,147.89,149.71,6.013181E7
1629763200,149.45,150.86,149.15,149.62,4.8606428E7
1629849600,149.81,150.32,147.8,148.36,5.8991297E7
1629936000,148.35,149.12,147.51,147.54,4.8597195E7
1630022400,147.48,148.75,146.83,148.6,5.5802388E7
1630281600,149.0,153.49,148.61,153.12,9.0956723E7
1630368000,152.66,152.8,151.29,151.83,8.6453117E7
1630454400,152.83,154.98,152.34,152.51,7.9911745E7
1630540800,153.87,154.72,152.4,153.65,7.1171317E7
1630627200,153.76,154.63,153.09,154.3,5.7866066E7
1630972800,154.97,157.26,154.39,156.69,8.2278261E7
1631059200,156.98,157.04,153.975,155.11,7.4420207E7
1631145600,155.49,156.11,153.95,154.07,5.730573E7
1631232000,155.0,155.48,148.7,148.97,1.40893235E8
1631491200,150.63,151.42,148.75,149.55,1.02404329E8
1631577600,150.35,151.07,146.91,148.12,1.09296295E8
1631664000,148.56,149.44,146.37,149.03,8.3281315E7
1631750400,148.44,148.97,147.221,148.79,6.8034149E7
1631836800,148.82,148.82,145.76,146.06,1.29868824E8
1632096000,143.8,144.84,141.27,142.94,1.23478863E8
1632182400,143.93,144.6,142.78,143.43,7.5833962E7
1632268800,144.45,146.43,143.7001,145.85,7.6404341E7
1632355200,146.65,147.08,145.64,146.83,6.483817E7
1632441600,145.66,147.4701,145.56,146.92,5.3477869E7
1632700800,145.47,145.96,143.82,145.37,7.4150729E7
1632787200,143.25,144.75,141.69,141.91,1.0897234E8
1632873600,142.47,144.45,142.03,142.83,7.4602044E7
1632960000,143.66,144.378,141.28,141.5,8.9056664E7
1633046400,141.9,142.92,139.1101,142.65,9.4639581E7
1633305600,141.76,142.21,138.27,139.14,9.8322008E7
1633392000,139.49,142.24,139.36,141.11,8.0861062E7
1633478400,139.47,142.15,138.37,142.0,8.3221119E7
1633564800,143.06,144.215,142.72,143.29,6.1732656E7
1633651200,144.03,144.1781,142.56,142.9,5.8773155E7
1633910400,142.27,144.81,141.81,142.81,6.4452219E7
1633996800,143.23,143.25,141.0401,141.51,7.3035859E7
1634083200,141.235,141.4,139.2,140.91,7.8762721E7
1634169600,142.11,143.88,141.51,143.76,6.99071E7
1634256000,143.77,144.895,143.51,144.84,6.7940334E7
1634515200,143.445,146.84,143.16,146.55,8.5589175E7
1634601600,147.01,149.17,146.55,148.76,7.6378894E7
1634688000,148.7,149.7539,148.12,149.26,5.8418788E7
1634774400,148.81,149.64,147.87,149.48,6.142099E7
1634860800,149.69,150.18,148.64,148.69,5.8883443E7
1635120000,148.68,149.37,147.6211,148.64,5.0720556E7
1635206400,149.33,150.84,149.0101,149.32,6.0893395E7
1635292800,149.36,149.73,148.49,148.85,5.6094929E7
1635379200,149.82,153.165,149.72,152.57,1.00077888E8
1635465600,147.215,149.94,146.4128,149.8,1.24953168E8
1635724800,148.985,149.7,147.8,148.96,7.4588258E7
1635811200,148.66,151.57,148.65,150.02,6.9121987E7
1635897600,150.39,151.97,149.82,151.49,5.4511534E7
1635984000,151.58,152.43,150.64,150.96,6.0394616E7
1636070400,151.89,152.2,150.06,151.28,6.5463883E7
1636329600,151.41,151.57,150.16,150.44,5.5020868E7
1636416000,150.2,151.428,150.0601,150.81,5.678793E7
1636502400,150.02,150.13,147.85,147.92,6.5187092E7
1636588800,148.96,149.43,147.681,147.87,4.099995E7
1636675200,148.43,150.4,147.48,149.99,6.3804008E7
1636934400,150.37,151.88,149.43,150.0,5.9222803E7
1637020800,149.94,151.488,149.34,151.0,5.925621E7
1637107200,150.995,155.0,150.99,153.49,8.8807E7
1637193600,153.71,158.67,153.05,157.87,1.37827673E8
1637280000,157.65,161.02,156.5328,160.55,1.17305597E8
1637539200,161.68,165.7,161.0,161.02,1.17467889E8
1637625600,161.12,161.8,159.0601,161.41,9.6041899E7
1637712000,160.75,162.14,159.64,161.94,6.9463623E7
1637884800,159.565,160.45,156.36,156.81,7.6959752E7
1638144000,159.37,161.19,158.7901,160.24,8.8748217E7
1638230400,159.985,165.52,159.92,165.3,1.74048056E8
1638316800,167.48,170.3,164.53,164.77,1.52423003E8
1638403200,158.735,164.2,157.8,163.76,1.36739174E8
1638489600,164.02,164.96,159.72,161.84,1.18023116E8
1638748800,164.29,167.8799,164.28,165.32,1.07496982E8
1638835200,169.08,171.58,168.34,171.18,1.20405352E8
1638921600,172.125,175.96,170.7,175.08,1.16998901E8
1639008000,174.91,176.75,173.92,174.56,1.08923739E8
1639094400,175.205,179.63,174.69,179.45,1.15402731E8
1639353600,181.115,182.13,175.53,175.74,1.53237019E8
1639440000,175.25,177.74,172.21,174.33,1.39380382E8
1639526400,175.11,179.5,172.3108,179.3,1.31063257E8
1639612800,179.28,181.14,170.75,172.26,1.50185843E8
1639699200,169.93,173.47,169.69,171.14,1.95923441E8
1639958400,168.28,170.58,167.46,169.75,1.07499114E8
1640044800,171.555,173.2,169.12,172.99,9.1185905E7
1640131200,173.04,175.86,172.15,175.64,9.2135303E7
1640217600,175.85,176.8499,175.27,176.28,6.8356567E7
1640563200,177.085,180.42,177.07,180.33,7.4919582E7
1640649600,180.16,181.33,178.53,179.29,7.9144339E7
1640736000,179.33,180.63,178.14,179.38,6.2348931E7
1640822400,179.47,180.57,178.09,178.2,5.9773014E7
1640908800,178.09,179.23,177.26,177.57,6.40255E7
