1483401600,88.92,91.0,87.91,88.0,1387630.0
1483488000,87.55,89.43,86.64,89.18,1362933.0
1483574400,89.16,89.73,87.5,87.76,1499725.0
1483660800,87.61,87.69,86.3,86.98,929688.0
1483920000,86.78,88.35,86.22,87.47,1287161.0
1484006400,88.46,92.49,88.46,92.0,2127101.0
1484092800,92.8,94.795,91.78,93.8,2537802.0
1484179200,93.22,93.97,91.64,93.26,1524930.0
1484265600,93.3,94.4,93.09,94.32,833315.0
1484611200,94.0,94.8,92.68,93.41,1092935.0
1484697600,92.49,93.48,91.75,92.93,1829057.0
1484784000,93.29,94.7,93.23,94.22,1505188.0
1484870400,94.29,94.73,93.8,94.71,1318801.0
1485129600,94.38,94.8,92.7,93.07,926063.0
1485216000,93.01,93.85,92.5412,92.86,868632.0
1485302400,93.55,94.17,93.07,93.38,700995.0
1485388800,93.75,96.03,93.52,95.9,1266468.0
1485475200,96.05,96.27,95.0,95.13,1567635.0
1485734400,94.06,94.305,92.22,94.16,1173584.0
1485820800,93.68,94.0,92.87,93.82,932506.0
1485907200,93.83,94.68,93.03,93.63,830162.0
1485993600,92.94,94.65,92.37,94.53,1174700.0
1486080000,94.67,95.34,93.55,94.09,932982.0
1486339200,94.75,95.79,94.31,95.12,863966.0
1486425600,95.42,95.4499,93.92,94.1,1572885.0
1486512000,95.1,98.8,94.98,97.2,2683620.0
1486598400,97.08,98.89,95.12,98.41,2164011.0
1486684800,98.37,98.8278,97.16,97.35,1258011.0
1486944000,97.47,98.4,97.36,98.02,1077577.0
1487030400,98.11,98.3,95.66,96.3,1252656.0
1487116800,97.11,97.7455,96.31,96.96,1449146.0
1487203200,96.99,97.26,95.8,96.69,1296940.0
1487289600,96.12,96.69,95.31,96.6,909965.0
1487635200,96.34,97.1,95.91,96.61,1068210.0
1487721600,96.38,97.52,96.24,97.25,871083.0
1487808000,97.25,97.69,95.78,95.89,822156.0
1487894400,95.2,97.06,94.83,97.01,653791.0
1488153600,96.76,97.87,96.23,97.84,779098.0
1488240000,97.91,98.76,97.4,97.82,1163147.0
1488326400,98.04,101.43,98.04,100.24,1562404.0
1488412800,99.91,100.09,96.22,96.36,1838225.0
1488499200,96.55,99.215,96.51,98.94,1535932.0
1488758400,98.47,98.81,95.53,96.63,1770113.0
1488844800,96.15,96.43,94.89,95.12,1235668.0
1488931200,95.27,95.99,94.18,95.2,1298640.0
1489017600,95.39,96.33,94.48,94.78,1205069.0
1489104000,94.58,96.68,94.34,96.61,1217222.0
1489363200,96.33,98.3,96.17,96.58,1375531.0
1489449600,96.22,96.39,94.1401,94.5,1132762.0
1489536000,93.11,95.9,92.33,95.36,1876109.0
1489622400,95.38,95.82,93.66,94.14,1396810.0
1489708800,94.55,94.59,93.27,93.36,1321308.0
1489968000,95.19,95.25,93.85,94.82,1498802.0
1490054400,95.4,95.4,92.01,92.11,1492859.0
1490140800,91.66,92.96,89.0,92.92,1678734.0
1490227200,92.99,95.235,92.36,94.05,1331335.0
1490313600,94.24,95.3599,93.06,94.7,856859.0
1490572800,93.44,95.43,93.135,95.0,1063920.0
1490659200,94.97,97.06,94.73,96.33,1571766.0
1490745600,96.5,96.575,93.75,94.3,1318686.0
1490832000,94.36,94.93,93.4,93.66,2143615.0
1490918400,93.36,93.57,92.18,92.22,1856876.0
1491177600,92.42,92.57,90.7,92.37,1978895.0
1491264000,92.14,92.59,90.1213,90.22,1278636.0
1491350400,90.81,91.42,89.97,90.05,1188490.0
1491436800,90.28,90.71,89.09,89.43,1509718.0
1491523200,88.99,89.82,88.41,89.17,1277004.0
1491782400,88.99,90.05,88.8,89.04,1057263.0
1491868800,88.79,89.66,87.74,88.84,1315140.0
1491955200,89.6,90.0,88.265,88.66,1545820.0
1492041600,88.33,88.55,86.3001,86.33,1577611.0
1492387200,86.59,87.135,86.12,86.91,985470.0
1492473600,86.97,87.66,85.75,86.53,1106255.0
1492560000,86.94,87.94,86.58,87.19,894424.0
1492646400,87.6,88.64,87.2,88.37,797720.0
1492732800,88.45,89.31,88.11,89.11,1147793.0
1492992000,90.75,91.43,90.07,90.68,1342017.0
1493078400,91.0,91.905,90.69,91.42,1615522.0
1493164800,90.35,91.95,88.18,88.25,2385784.0
1493251200,86.18,86.34,83.76,84.93,3163065.0
1493337600,84.98,85.69,84.8,85.09,1173340.0
1493596800,85.34,85.62,84.41,84.42,1117387.0
1493683200,84.4,86.69,84.39,86.49,1680798.0
1493769600,86.4,86.83,85.54,86.6,1178581.0
1493856000,86.68,87.31,84.96,85.43,1256907.0
1493942400,85.72,85.8307,84.63,85.24,947207.0
1494201600,85.27,85.44,83.44,83.53,2579851.0
1494288000,84.23,84.6,83.22,84.21,1635877.0
1494374400,84.08,84.42,83.11,83.19,1282446.0
1494460800,83.15,83.91,82.37,83.65,1804310.0
1494547200,83.45,84.325,83.37,83.59,1533548.0
1494806400,84.31,85.88,84.31,84.87,1494792.0
1494892800,85.22,85.22,83.82,84.73,1602150.0
1494979200,84.0,84.26,82.1368,82.19,1246209.0
1495065600,82.12,83.5502,82.03,83.04,1179147.0
1495152000,83.17,84.99,82.96,84.57,1201626.0
1495411200,84.85,85.78,84.71,85.28,847933.0
1495497600,85.24,86.41,84.45,85.78,1540219.0
1495584000,85.85,86.53,84.46,84.54,1321514.0
1495670400,84.75,86.8,84.51,86.58,1594970.0
1495756800,86.42,87.34,85.86,86.62,1325597.0
1496102400,86.13,86.8299,85.71,85.81,1412282.0
1496188800,86.15,87.3408,85.58,87.05,1412139.0
1496275200,87.26,88.55,87.04,88.23,1273703.0
1496361600,88.61,90.18,88.56,89.31,1482095.0
1496620800,89.13,89.66,88.68,89.3,1275471.0
1496707200,88.69,90.35,88.55,89.2,1269327.0
1496793600,89.4,92.19,88.77,91.69,1650159.0
1496880000,91.81,91.9799,90.25,90.54,1888527.0
1496966400,90.78,91.28,89.72,89.93,1292055.0
1497225600,89.75,89.75,87.68,89.04,817480.0
1497312000,89.43,89.93,87.84,88.91,1032718.0
1497398400,88.83,89.68,88.2,89.17,643333.0
1497484800,88.67,88.69,87.09,88.41,815408.0
1497571200,88.34,89.01,88.07,88.74,1218465.0
1497830400,89.34,90.82,88.97,90.77,760094.0
1497916800,90.77,90.989,89.32,89.39,769372.0
1498003200,90.01,91.035,89.55,90.83,824918.0
1498089600,91.7,91.95,90.29,91.02,918004.0
1498176000,91.09,92.16,90.915,91.63,1355135.0
1498435200,92.02,93.16,90.83,90.87,737260.0
1498521600,90.49,90.85,88.9,88.92,1211156.0
1498608000,89.51,89.825,88.34,88.41,1213959.0
1498694400,88.73,89.65,88.29,89.1,1019132.0
1498780800,89.4,90.3072,88.83,89.76,1234020.0
1499040000,90.27,90.93,89.9,90.22,543186.0
1499212800,90.48,92.37,90.12,91.28,1062156.0
1499299200,91.0,92.105,90.2365,91.4,1091736.0
1499385600,91.68,93.98,91.61,93.89,1127126.0
1499644800,93.06,93.78,92.81,92.94,1296719.0
1499731200,92.66,93.24,91.52,91.57,1093183.0
1499817600,92.5,94.75,92.21,94.63,1176813.0
1499904000,94.29,95.75,93.72,93.74,1116830.0
1499990400,94.0,94.19,92.4401,92.63,912041.0
1500249600,92.71,93.0,91.84,92.08,965202.0
1500336000,91.75,91.92,90.53,90.75,948878.0
1500422400,90.55,90.84,89.66,90.27,1027615.0
1500508800,90.26,90.26,88.91,89.1,997560.0
1500595200,88.89,89.18,88.08,88.25,942834.0
1500854400,88.19,88.24,86.96,87.01,882937.0
1500940800,87.55,88.335,86.93,87.13,1162094.0
1501027200,85.28,88.74,83.41,87.72,2873776.0
1501113600,87.02,88.45,84.64,87.98,2459829.0
1501200000,87.58,87.99,85.47,86.32,1725712.0
1501459200,86.54,86.57,85.18,85.23,1253497.0
1501545600,85.9,87.17,84.91,85.51,1569252.0
1501632000,85.39,85.97,84.98,85.64,990489.0
1501718400,85.41,86.04,84.42,84.99,979516.0
1501804800,85.22,85.95,84.76,85.87,821517.0
1502064000,86.15,86.68,85.81,86.0,838598.0
1502150400,85.85,86.92,85.02,85.15,972396.0
1502236800,84.87,84.9,83.82,84.34,838211.0
1502323200,83.99,84.24,83.13,83.79,1099437.0
1502409600,83.61,84.96,83.3,84.47,1137003.0
1502668800,85.39,85.7,83.9,85.09,1127936.0
1502755200,84.79,85.1,83.16,83.91,1573740.0
1502841600,84.09,85.14,81.93,83.81,1191728.0
1502928000,83.71,83.99,79.93,80.02,1358808.0
1503014400,79.77,80.01,78.44,78.45,1649914.0
1503273600,78.5,79.195,77.82,77.98,1178236.0
1503360000,78.23,78.62,76.71,77.11,1305209.0
1503446400,77.11,77.11,74.8,74.91,1577274.0
1503532800,75.18,75.18,73.29,73.52,1933554.0
1503619200,73.91,76.0,73.91,75.53,1675303.0
1503878400,75.68,75.68,74.21,74.31,1584649.0
1503964800,73.87,74.5,73.55,74.38,1164083.0
1504051200,74.3,74.4148,73.4,74.13,920495.0
1504137600,74.51,75.23,74.39,74.66,1000261.0
1504224000,75.1,75.65,74.59,75.15,1070771.0
1504569600,74.57,74.645,72.78,73.05,1689396.0
1504656000,72.46,73.87,71.7,73.68,2524012.0
1504742400,74.08,74.95,73.03,73.16,2114896.0
1504828800,73.01,74.66,72.95,74.3,1201302.0
1505088000,74.95,75.79,74.83,75.59,1832155.0
1505174400,75.77,76.41,75.15,76.32,1197909.0
1505260800,76.57,76.57,75.21,76.21,1132111.0
1505347200,76.78,78.44,76.75,77.49,2500000.0
1505433600,76.86,76.98,75.02,75.28,2224735.0
1505692800,75.13,75.26,72.72,73.07,2334380.0
1505779200,73.08,73.77,71.81,72.24,2148570.0
1505865600,72.46,73.64,71.93,73.0,1452281.0
1505952000,73.12,73.385,71.17,72.91,2426378.0
1506038400,72.85,74.92,72.55,74.75,1717740.0
1506297600,74.75,75.36,74.19,74.79,1489614.0
1506384000,75.5,76.27,74.81,74.96,1281539.0
1506470400,75.31,75.575,74.29,75.1,1303983.0
1506556800,74.97,76.1,74.67,75.87,1271134.0
1506643200,76.0,76.59,75.94,76.27,1032108.0
1506902400,76.3,77.25,76.21,77.03,1353866.0
1506988800,77.07,80.2,77.05,80.15,1936616.0
1507075200,80.75,82.5,80.27,80.84,2358887.0
1507161600,80.75,80.83,78.88,79.75,1475129.0
1507248000,79.34,80.89,79.18,80.56,1549454.0
1507507200,80.6,80.8811,79.87,80.41,1031271.0
1507593600,81.32,82.68,80.465,80.68,2428068.0
1507680000,80.83,81.73,80.68,81.52,1193956.0
1507766400,80.82,80.93,79.1301,80.4,2528160.0
1507852800,80.4,81.22,80.09,80.96,1326165.0
1508112000,80.69,81.0,79.67,80.47,1416607.0
1508198400,80.75,81.77,80.04,80.52,1150825.0
1508284800,80.6,80.93,80.33,80.43,691308.0
1508371200,79.68,80.17,77.4,78.83,1846629.0
1508457600,79.11,80.17,78.72,79.69,1213833.0
1508716800,79.89,79.89,78.62,78.74,814442.0
1508803200,78.25,79.52,77.68,79.39,1401247.0
1508889600,76.3,78.0,68.1,68.92,8088521.0
1508976000,69.37,70.46,65.26,65.38,6049323.0
1509062400,65.86,67.14,64.77,66.58,4118689.0
1509321600,66.1,66.87,65.16,66.46,1809507.0
1509408000,66.4,66.77,65.2,66.03,2471162.0
1509494400,65.65,66.02,64.71,65.78,2366476.0
1509580800,65.83,66.12,63.56,63.65,3153341.0
1509667200,63.59,63.92,62.65,63.65,1669229.0
1509926400,63.34,64.72,63.2967,63.94,1385552.0
1510012800,64.08,64.14,62.17,62.2,1749822.0
1510099200,62.05,62.4812,61.36,62.08,2022915.0
1510185600,61.94,62.42,61.65,62.38,1578314.0
1510272000,62.17,63.0,61.99,62.42,1672262.0
1510531200,62.14,62.37,61.38,61.72,1546130.0
1510617600,61.56,61.94,61.45,61.68,1670266.0
1510704000,62.33,64.78,61.1,64.44,2797325.0
1510790400,65.33,66.4,64.8,65.87,2483639.0
1510876800,65.77,67.04,65.37,66.4,1819105.0
1511136000,66.04,66.208,64.99,66.1,1897132.0
1511222400,66.22,66.399,65.07,66.19,1416576.0
1511308800,66.24,66.525,65.2,65.58,1559314.0
1511481600,65.79,65.79,64.88,65.4,452444.0
1511740800,65.45,65.77,64.971,65.36,1254436.0
1511827200,65.42,67.41,65.23,67.29,1605539.0
1511913600,67.3,70.51,67.28,69.11,2883707.0
1512000000,69.5,70.16,68.62,69.17,1980995.0
1512086400,69.1,69.365,66.5,66.91,2765264.0
1512345600,67.5,69.54,67.5,68.28,3425916.0
1512432000,68.38,68.85,67.59,68.1,1862781.0
1512518400,67.85,68.91,67.595,67.83,1198709.0
1512604800,67.51,69.39,67.51,69.37,1395352.0
1512691200,69.71,70.57,69.6,69.74,1073388.0
1512950400,69.77,70.2699,69.4076,69.72,917871.0
1513036800,70.38,70.97,69.76,69.8,2043055.0
1513123200,69.84,69.97,68.75,69.02,1633793.0
1513209600,69.35,70.33,69.0,69.39,1148065.0
1513296000,69.62,71.86,69.61,70.83,2635243.0
1513555200,72.37,73.78,71.895,73.56,2392310.0
1513641600,73.87,73.89,71.9,73.19,2119202.0
1513728000,73.38,74.1,72.8,73.77,1510648.0
1513814400,74.0,76.0576,74.0,74.69,2020506.0
1513900800,74.69,74.92,73.97,74.28,1247378.0
1514246400,74.25,75.07,74.12,74.84,869538.0
1514332800,74.96,74.96,73.96,74.37,939275.0
1514419200,74.58,74.72,73.55,74.57,901666.0
1514505600,74.67,74.848,73.47,73.51,1038668.0
1514851200,74.04,75.12,73.82,75.01,1738002.0
1514937600,75.08,75.1,73.685,74.66,1652958.0
1515024000,74.79,75.08,72.82,73.85,1343896.0
1515110400,74.26,74.26,73.46,73.74,1087556.0
1515369600,73.74,73.74,72.2132,72.75,1339880.0
1515456000,72.1,72.53,71.2,71.29,2398071.0
1515542400,70.37,72.42,70.0,72.05,1797809.0
1515628800,72.73,75.46,72.6,74.81,2401820.0
1515715200,75.0,75.14,73.07,73.52,2946913.0
1516060800,73.7,74.0396,71.16,71.28,2360498.0
1516147200,71.67,72.53,70.74,70.82,2275844.0
1516233600,70.99,71.11,69.76,69.79,1979851.0
1516320000,70.3,70.315,68.35,68.88,3372454.0
1516579200,68.75,69.17,67.06,68.55,3007437.0
1516665600,68.56,69.995,68.44,69.47,2557629.0
1516752000,66.2,66.57,64.51,64.69,6209014.0
1516838400,62.31,63.53,59.25,62.07,1.0475991E7
1516924800,62.25,64.5919,61.51,64.54,3973947.0
1517184000,64.26,65.93,64.15,65.48,3702733.0
1517270400,64.24,65.03,63.7668,64.2,2677620.0
1517356800,64.38,67.03,64.38,65.73,3643134.0
1517443200,65.54,65.85,64.04,64.08,2492777.0
1517529600,65.2,65.88,64.0202,64.56,5700907.0
1517788800,63.86,65.09,62.71,62.74,5581640.0
1517875200,62.24,63.65,61.08,63.19,4789408.0
1517961600,63.14,64.96,63.04,64.23,2025459.0
1518048000,64.25,65.23,63.82,64.04,4271875.0
1518134400,64.67,65.23,63.64,64.72,5139971.0
1518393600,65.11,66.79,64.95,66.01,3346500.0
1518480000,65.45,67.18,65.25,66.89,2907208.0
1518566400,66.6,67.5,65.72,66.76,2385900.0
1518652800,66.68,67.27,64.77,66.17,3555568.0
1518739200,65.83,66.34,64.82,64.97,1860763.0
1519084800,64.94,65.0,63.99,64.39,1540796.0
1519171200,64.5,66.61,64.36,64.69,2239134.0
1519257600,65.14,65.7,64.03,64.17,1246691.0
1519344000,64.45,65.17,63.94,64.98,1365969.0
1519603200,65.46,66.31,64.44,66.15,1631293.0
1519689600,66.24,66.635,64.8,64.89,1512871.0
1519776000,65.03,65.459,64.25,64.5,1130265.0
1519862400,64.29,66.07,63.85,64.65,2448512.0
1519948800,64.0,64.355,62.42,63.38,2071243.0
1520208000,63.05,64.16,62.52,63.62,2347007.0
1520294400,63.75,64.45,63.22,64.3,1379410.0
1520380800,63.88,64.41,63.53,64.0,1290522.0
1520467200,64.23,65.47,64.03,64.8,1482848.0
1520553600,65.1,65.3,63.82,64.8,3009108.0
1520812800,64.99,66.04,64.39,65.78,3380531.0
1520899200,65.87,68.85,65.87,68.79,3274176.0
1520985600,68.54,69.16,65.5,65.67,2517996.0
1521072000,65.89,66.34,65.5001,65.92,1124816.0
1521158400,66.16,67.22,66.12,66.51,1495629.0
1521417600,66.31,66.57,64.65,65.1,1272930.0
1521504000,65.39,65.43,64.59,65.19,1003364.0
1521590400,63.99,64.56,62.95,64.21,2270441.0
1521676800,63.72,64.4,62.73,62.82,1692493.0
1521763200,62.67,63.2998,61.81,61.88,1422900.0
1522022400,62.22,62.5,61.39,62.16,1449283.0
1522108800,62.43,62.59,61.2034,61.49,2192285.0
1522195200,61.49,62.04,61.25,61.57,1788909.0
1522281600,61.65,62.345,61.5,61.96,2232249.0
1522627200,61.67,61.67,57.6,57.75,3570488.0
1522713600,58.46,60.24,57.6,60.11,4137902.0
1522800000,59.54,61.31,59.01,61.22,2019053.0
1522886400,61.51,62.34,61.21,62.11,1448575.0
1522972800,61.73,62.02,60.31,60.77,2201058.0
1523232000,60.99,61.319,59.7,59.81,1561307.0
1523318400,60.38,60.55,58.67,59.85,1814231.0
1523404800,59.47,60.22,59.03,59.06,1551252.0
1523491200,59.57,60.7405,59.3126,60.27,1515891.0
1523577600,61.02,65.1,60.93,63.95,4581044.0
1523836800,64.6,65.68,64.3,65.21,2808860.0
1523923200,65.67,66.17,64.66,64.99,1580082.0
1524009600,65.64,66.89,65.16,65.97,2212480.0
1524096000,65.94,66.01,64.61,65.52,1434360.0
1524182400,65.69,66.14,65.01,65.39,1755112.0
1524441600,67.34,70.25,66.89,69.11,6424599.0
1524528000,68.41,68.6,64.46,65.26,3480394.0
1524614400,65.26,66.61,64.3301,66.39,2327975.0
1524700800,65.79,66.45,64.76,65.9,2188022.0
1524787200,65.89,67.06,65.8288,66.02,1628945.0
1525046400,66.17,66.47,64.5,64.93,1329950.0
1525132800,65.06,65.64,64.4,65.44,1119861.0
1525219200,65.01,65.71,63.33,63.39,3762148.0
1525305600,63.25,63.82,62.11,62.92,2706034.0
1525392000,62.48,62.91,61.95,62.8,2741536.0
1525651200,62.79,62.8,61.18,61.65,2063966.0
1525737600,61.58,62.31,61.02,61.63,2308886.0
1525824000,61.54,61.79,60.29,60.39,3331097.0
1525910400,60.65,60.79,59.86,60.56,2548885.0
1525996800,60.6,60.91,60.06,60.53,1456243.0
1526256000,60.41,60.71,59.45,60.05,2433270.0
1526342400,59.9,60.16,58.705,58.75,2713538.0
1526428800,58.7,59.8,57.83,59.1,2761999.0
1526515200,59.16,59.78,58.47,58.6,1457447.0
1526601600,58.46,58.7,58.01,58.21,1254200.0
1526860800,58.28,58.85,57.53,57.94,2016725.0
1526947200,58.12,58.55,58.01,58.18,1646975.0
1527033600,58.03,58.45,57.65,58.42,1547306.0
1527120000,58.5,60.1,58.28,59.87,2145198.0
1527206400,60.1,62.67,59.91,61.87,2630494.0
1527552000,61.26,61.6475,60.17,60.57,1799743.0
1527638400,60.64,60.87,59.31,60.28,2424513.0
1527724800,60.35,61.4,60.17,60.81,1871617.0
1527811200,61.0,61.58,60.46,60.86,1618905.0
1528070400,61.84,62.46,61.29,61.82,5296291.0
1528156800,61.51,61.89,60.82,61.24,2814141.0
1528243200,60.74,62.16,60.4,62.01,1761128.0
1528329600,62.1,62.67,61.9,62.17,2570326.0
1528416000,62.07,62.55,61.55,62.33,1438739.0
1528675200,62.39,63.24,62.14,62.87,2155358.0
1528761600,62.74,63.21,61.94,62.28,2327316.0
1528848000,62.26,62.26,61.2114,61.64,2543405.0
1528934400,61.96,63.29,61.73,62.5,2403374.0
1529020800,62.06,63.66,61.75,63.04,2856493.0
1529280000,62.52,62.87,61.53,62.77,1433455.0
1529366400,62.24,62.94,62.2,62.47,1714220.0
1529452800,62.6,63.55,62.6,63.2,1360081.0
1529539200,63.3,64.75,63.22,64.05,1707927.0
1529625600,63.55,64.86,62.73,62.91,2330101.0
1529884800,62.59,62.899,61.3665,61.74,970474.0
1529971200,61.94,61.9548,60.595,60.63,1112288.0
1530057600,60.63,60.69,59.67,60.01,1873279.0
1530144000,60.04,60.53,59.53,60.33,1418580.0
1530230400,60.39,61.37,60.37,60.39,1126691.0
1530489600,60.17,61.28,59.43,61.18,1284064.0
1530576000,61.25,62.29,60.74,61.67,1669125.0
1530748800,61.91,62.35,61.8,62.14,1841383.0
1530835200,61.99,62.43,61.53,62.34,832585.0
1531094400,62.48,63.86,62.36,63.49,1499386.0
1531180800,63.47,63.47,62.015,62.89,1392639.0
1531267200,61.57,61.815,59.87,60.19,2632594.0
1531353600,60.83,61.35,59.85,60.86,1443291.0
1531440000,60.82,61.57,60.72,61.43,1057464.0
1531699200,61.49,62.07,61.175,61.41,1240319.0
1531785600,61.41,62.5103,61.3507,61.8,1239413.0
1531872000,62.53,64.5,62.53,63.19,2548111.0
1531958400,63.29,63.96,62.94,63.79,1335027.0
1532044800,63.41,63.46,60.575,60.63,3030579.0
1532304000,60.5,61.6,60.26,61.54,1926765.0
1532390400,61.46,61.51,58.83,59.01,2931268.0
1532476800,59.21,59.63,58.21,59.11,3045161.0
1532563200,58.0,64.87,57.97,64.76,6391674.0
1532649600,64.24,65.76,63.09,63.65,2802768.0
1532908800,62.5,63.24,61.18,62.38,1707026.0
1532995200,62.45,63.51,62.37,62.83,1454170.0
1533081600,62.55,62.9,60.885,61.08,2044080.0
1533168000,60.55,61.87,60.04,61.6,1853455.0
1533254400,61.84,63.08,61.83,62.8,1378525.0
1533513600,62.58,63.41,62.0857,63.12,1170722.0
1533600000,63.52,64.46,63.25,63.86,1197182.0
1533686400,64.18,64.64,63.8341,64.15,1095715.0
1533772800,64.24,64.48,63.71,63.75,739091.0
1533859200,63.56,63.56,62.57,63.23,973011.0
1534118400,63.0,63.02,61.31,61.89,1178711.0
1534204800,62.0,63.32,62.0,62.75,580846.0
1534291200,62.67,63.84,62.29,63.74,977307.0
1534377600,63.9,65.3865,63.83,64.31,2064868.0
1534464000,64.51,65.435,64.37,65.0,1592731.0
1534723200,64.8,67.01,64.8,66.84,1489238.0
1534809600,66.96,67.69,66.58,66.59,1156202.0
1534896000,66.22,66.47,64.7328,64.9,1042669.0
1534982400,64.98,65.32,64.59,64.7,865322.0
1535068800,64.67,64.97,63.95,64.83,1171140.0
1535328000,65.0,65.76,64.995,65.68,1429592.0
1535414400,65.86,67.67,65.77,66.91,2105352.0
1535500800,66.62,67.51,66.11,67.37,1039083.0
1535587200,67.43,68.09,66.94,67.19,1333348.0
1535673600,67.24,67.57,66.92,67.49,767171.0
1536019200,67.68,68.32,66.94,67.87,1567126.0
1536105600,68.1,69.04,67.53,68.38,2046498.0
1536192000,68.3,68.56,66.77,67.04,1019243.0
1536278400,66.81,67.71,66.44,66.88,1025956.0
1536537600,67.24,68.57,66.71,68.15,867709.0
1536624000,68.0,69.32,67.74,68.97,1498748.0
1536710400,69.15,69.31,67.58,67.76,1029315.0
1536796800,68.0,68.72,67.82,68.42,858082.0
1536883200,68.23,69.0501,67.921,68.91,910709.0
1537142400,68.8,69.875,68.8,69.28,1265181.0
1537228800,69.14,69.69,68.15,69.24,1164244.0
1537315200,69.51,70.44,69.43,69.68,890118.0
1537401600,70.0,70.41,68.97,69.75,1008495.0
1537488000,69.88,70.75,69.75,70.08,1735434.0
1537747200,69.35,69.99,66.75,67.29,1436242.0
1537833600,67.42,67.87,66.07,66.15,2251315.0
1537920000,66.57,67.66,66.22,67.12,1326899.0
1538006400,68.34,70.0,68.21,68.98,2562951.0
1538092800,68.81,69.19,68.06,68.86,1397831.0
1538352000,68.71,69.14,67.405,67.76,1728917.0
1538438400,67.45,67.79,65.82,66.26,2153028.0
1538524800,66.69,66.87,65.95,66.69,2126469.0
1538611200,66.67,67.11,66.13,66.82,1243171.0
1538697600,66.59,66.88,65.9,66.08,1110087.0
1538956800,65.85,66.09,64.7,65.31,1933144.0
1539043200,64.57,65.02,62.36,62.61,3395209.0
1539129600,62.16,62.56,60.17,60.23,2617176.0
1539216000,60.74,61.56,59.63,59.81,2602277.0
1539302400,61.5,63.15,60.86,61.57,3094629.0
1539561600,61.7,62.42,61.245,61.86,1375437.0
1539648000,61.94,64.02,61.58,63.86,1369845.0
1539734400,64.84,65.99,63.91,64.49,1688501.0
1539820800,64.28,64.31,62.1,62.37,1712364.0
1539907200,62.36,62.91,61.8701,62.58,1195932.0
1540166400,62.88,63.76,62.49,63.54,985332.0
1540252800,62.55,63.2,61.33,62.99,2098623.0
1540339200,63.13,63.54,60.86,61.11,2290798.0
1540425600,61.45,63.9725,59.55,63.06,2672004.0
1540512000,61.88,62.8,60.215,61.47,1802782.0
1540771200,62.07,63.1425,60.24,61.0,1085951.0
1540857600,61.0,63.41,60.8847,63.24,1252221.0
1540944000,64.0,64.26,61.35,61.42,1821969.0
1541030400,61.72,63.96,61.72,63.69,1400090.0
1541116800,64.12,65.3,63.35,63.88,1686042.0
1541376000,63.85,64.36,63.28,63.9,1629774.0
1541462400,63.8,64.76,63.29,64.6,1154374.0
1541548800,64.83,66.91,64.83,66.19,1106221.0
1541635200,65.97,66.4594,65.31,65.71,991053.0
1541721600,65.58,66.66,65.24,65.97,1046401.0
1541980800,66.01,66.74,65.05,65.76,982890.0
1542067200,66.28,67.98,66.28,67.58,1337424.0
1542153600,67.96,68.45,66.91,67.21,1030205.0
1542240000,67.08,67.88,66.2735,67.71,933921.0
1542326400,67.22,68.23,66.71,67.99,902779.0
1542585600,67.75,68.65,67.009,67.3,1033564.0
1542672000,66.75,68.13,66.31,67.02,1415226.0
1542758400,67.48,70.0,67.365,68.52,1182223.0
1542931200,68.77,69.72,68.48,69.41,900222.0
1543190400,69.86,70.35,68.45,68.9,1786107.0
1543276800,69.19,71.66,68.825,70.75,3109043.0
1543363200,72.37,74.76,71.68,74.74,3739095.0
1543449600,74.5,74.83,72.88,72.94,2557213.0
1543536000,73.37,73.793,72.2,73.26,3025505.0
1543795200,73.88,74.57,72.64,72.84,2803676.0
1543881600,71.75,72.51,69.17,70.03,4564160.0
1544054400,69.49,70.03,68.82,69.61,2715996.0
1544140800,68.81,69.2195,64.43,64.94,2372478.0
1544400000,64.94,65.62,62.87,63.48,2470831.0
1544486400,64.2,64.3599,62.23,62.43,2137909.0
1544572800,63.04,63.28,61.65,62.02,2916054.0
1544659200,62.08,62.5,61.2,61.34,3666680.0
1544745600,60.62,63.57,60.5,62.3,2354056.0
1545004800,62.09,62.54,60.9209,61.29,1449771.0
1545091200,62.32,63.19,62.0801,62.66,1742785.0
1545177600,62.75,63.5,61.432,62.03,1364918.0
1545264000,61.5,61.99,59.37,60.68,2026366.0
1545350400,60.76,61.58,59.15,59.34,2229366.0
1545609600,58.79,59.0,57.42,57.58,857805.0
1545782400,57.98,60.8,57.66,60.79,1474190.0
1545868800,60.09,60.74,58.52,60.74,1084554.0
1545955200,60.91,61.62,59.54,60.31,1351516.0
1546214400,60.54,61.3,60.03,60.85,1564136.0
1546387200,59.93,61.91,59.31,61.52,1296398.0
1546473600,60.3,60.3,57.28,58.12,2421447.0
1546560000,58.95,60.65,58.6699,60.0,2309886.0
1546819200,60.3,60.8547,59.57,60.12,1552278.0
1546905600,61.03,61.3,60.24,60.65,1127969.0
1546992000,60.59,62.62,60.42,62.18,1345999.0
1547078400,61.4,63.49,59.465,63.4,1694087.0
1547164800,63.0,64.37,62.7,64.14,1370183.0
1547424000,63.39,64.977,62.64,64.36,1986023.0
1547510400,64.81,65.8,63.88,64.28,1308177.0
1547596800,65.44,65.8394,64.86,64.9,1261444.0
1547683200,64.85,65.34,64.13,64.42,1404934.0
1547769600,64.84,64.97,64.18,64.86,1569765.0
1548115200,64.79,65.14,63.585,63.96,1094041.0
1548201600,64.32,64.7,63.18,63.71,1121058.0
1548288000,65.72,66.6,65.38,65.78,1984588.0
1548374400,64.24,64.93,62.52,63.48,3485753.0
1548633600,63.01,65.3,63.01,64.53,1627428.0
1548720000,64.5,64.989,63.77,64.56,1481066.0
1548806400,64.82,65.43,63.86,64.66,1601656.0
1548892800,64.49,64.71,63.2,63.95,1650131.0
1548979200,64.17,65.2,63.56,64.36,1105204.0
1549238400,64.64,64.81,63.45,64.48,1036613.0
1549324800,64.6,65.23,64.36,64.74,975751.0
1549411200,64.35,64.82,63.85,64.82,909070.0
1549497600,64.66,65.29,64.42,65.23,958435.0
1549584000,64.7,65.28,64.1,65.27,723881.0
1549843200,65.44,66.46,65.4,66.3,1050298.0
1549929600,66.6,67.64,66.3,66.69,1588152.0
1550016000,66.95,67.47,66.56,66.7,868554.0
1550102400,66.41,67.07,65.68,66.57,741530.0
1550188800,66.92,67.12,66.09,66.32,837780.0
1550534400,65.86,66.17,64.53,64.56,2073294.0
1550620800,63.75,64.4,63.235,63.34,2483370.0
1550707200,63.44,64.04,62.505,62.86,1524903.0
1550793600,62.86,63.09,62.11,62.4,1617817.0
1551052800,62.8,63.38,62.56,62.75,1123218.0
1551139200,62.74,63.56,62.65,62.94,969622.0
1551225600,62.6,62.69,61.21,61.98,1523351.0
1551312000,61.98,62.13,60.97,61.7,1158512.0
1551398400,61.86,62.02,60.27,61.31,1952577.0
1551657600,61.24,61.34,59.2201,59.5,1856221.0
1551744000,59.76,59.77,57.62,57.78,3692241.0
1551830400,57.9,57.9226,55.83,55.83,4119042.0
1551916800,55.72,56.25,55.2,55.95,4076994.0
1552003200,55.38,55.92,54.95,55.62,2833811.0
1552262400,55.35,55.975,54.6001,55.42,2414342.0
1552348800,55.44,55.44,53.7,54.09,4294162.0
1552435200,54.58,56.18,54.4317,56.03,3544371.0
1552521600,56.16,56.72,55.26,55.49,2204257.0
1552608000,55.58,56.06,55.455,55.76,2798763.0
1552867200,55.73,56.095,55.22,55.81,1351521.0
1552953600,55.99,56.9,55.92,56.11,1478445.0
1553040000,56.0,56.19,54.88,55.19,1649286.0
1553126400,55.02,55.565,55.02,55.22,1544654.0
1553212800,55.08,55.3799,54.24,54.25,1550477.0
1553472000,54.09,54.385,53.3895,53.6,1435069.0
1553558400,53.93,54.4899,53.53,53.91,1323956.0
1553644800,53.99,55.3,53.8,54.99,1873329.0
1553731200,55.17,55.38,54.73,55.17,1118221.0
1553817600,55.47,56.25,55.28,56.12,1521634.0
1554076800,56.3,57.89,56.1133,57.32,1950740.0
1554163200,58.19,58.52,57.12,58.14,1563395.0
1554249600,58.64,59.06,57.72,57.79,1922974.0
1554336000,57.94,58.39,57.13,57.82,1055835.0
1554422400,57.99,58.85,57.99,58.54,1010756.0
1554681600,58.19,58.63,57.82,58.33,988702.0
1554768000,58.01,58.31,57.54,57.84,1026724.0
1554854400,58.66,59.04,57.72,58.78,1838488.0
1554940800,58.92,60.57,58.86,59.71,2174210.0
1555027200,60.39,61.09,59.77,60.63,1988579.0
1555286400,60.82,60.82,59.82,60.06,1065830.0
1555372800,60.3,61.105,60.19,60.97,1040679.0
1555459200,61.87,62.1,61.07,61.38,1157198.0
1555545600,61.29,61.75,60.7,61.67,976590.0
1555891200,61.16,61.2,60.045,60.3,2194077.0
1555977600,60.27,61.23,60.18,60.89,1118878.0
1556064000,60.99,61.55,60.28,60.8,985724.0
1556150400,60.79,61.25,58.25,59.17,1959987.0
1556236800,59.1,60.99,58.7,60.62,2519151.0
1556496000,60.3,60.98,60.15,60.54,1373182.0
1556582400,61.41,62.38,61.175,61.9,1500668.0
1556668800,62.0,62.46,61.72,62.07,1126438.0
1556755200,62.15,63.2,61.98,62.34,1166290.0
1556841600,62.35,63.2609,62.35,62.48,702536.0
1557100800,61.37,62.29,61.15,62.19,716421.0
1557187200,61.71,61.71,60.25,61.09,944809.0
1557273600,60.84,61.27,60.31,60.69,762172.0
1557360000,60.21,60.4,59.46,60.3,1097452.0
1557446400,60.21,61.42,59.3001,61.27,862209.0
1557705600,60.01,60.18,59.22,60.13,939841.0
1557792000,60.28,61.67,60.08,61.38,989426.0
1557878400,60.79,61.79,60.5,61.49,1128628.0
1557964800,61.71,63.19,61.6,62.64,1353845.0
1558051200,61.94,63.2,61.68,62.39,870850.0
1558310400,61.5,62.45,61.22,61.95,935389.0
1558396800,62.13,62.865,61.9,62.62,803728.0
1558483200,62.08,62.25,60.6,60.68,1308801.0
1558569600,60.23,61.45,59.41,61.36,1104827.0
1558656000,61.34,61.88,60.37,60.59,722530.0
1559001600,60.55,60.81,59.85,60.05,853309.0
1559088000,60.01,60.26,58.73,59.27,957882.0
1559174400,59.5,59.75,58.5,58.78,1239978.0
1559260800,58.15,58.46,57.82,58.2,812426.0
1559520000,58.01,59.38,57.85,59.07,877479.0
1559606400,59.68,61.0,59.68,60.86,1197755.0
1559692800,61.46,61.82,61.21,61.61,1103096.0
1559779200,61.51,61.7,60.29,60.95,618481.0
1559865600,61.0,61.53,60.49,60.53,984242.0
1560124800,60.88,61.8,60.57,60.64,814967.0
1560211200,61.0,61.28,60.53,60.76,645385.0
1560297600,60.92,61.3832,60.52,60.96,593878.0
1560384000,61.01,62.33,61.01,62.16,916637.0
1560470400,62.33,63.41,61.62,63.12,1236882.0
1560729600,63.2,63.2,62.49,62.52,916087.0
1560816000,62.7,63.63,62.51,62.94,673005.0
1560902400,63.17,63.22,62.38,62.86,589883.0
1560988800,63.25,63.3,60.32,60.72,2019301.0
1561075200,60.86,62.59,60.3013,62.08,2177557.0
1561334400,62.23,62.67,61.91,62.42,936461.0
1561420800,62.37,63.2,61.65,61.94,1388330.0
1561507200,61.85,62.23,61.42,61.91,646459.0
1561593600,62.15,63.49,62.15,63.11,862642.0
1561680000,63.3,64.0,63.05,63.91,2179741.0
1561939200,64.1,64.6,62.91,63.71,1122714.0
1562025600,64.2,64.53,63.08,63.09,1098178.0
1562112000,63.42,64.69,63.3,63.84,759894.0
1562284800,63.72,64.22,63.15,64.07,566810.0
1562544000,64.17,64.91,64.08,64.68,1228542.0
1562630400,64.3,64.62,63.315,63.69,910717.0
1562716800,64.15,64.39,62.56,62.94,1197020.0
1562803200,63.2,63.55,62.42,63.31,982458.0
1562889600,63.56,64.61,63.326,64.24,958705.0
1563148800,64.14,64.585,63.25,63.36,946292.0
1563235200,63.36,65.62,63.3,65.41,1384989.0
1563321600,65.27,65.32,63.73,63.78,1178975.0
1563408000,63.75,64.42,63.341,64.36,1018779.0
1563494400,64.52,65.14,63.48,63.49,1143271.0
1563753600,63.76,64.2,62.86,62.87,1303889.0
1563840000,63.1,65.4,62.83,65.1,1458419.0
1563926400,65.1,65.91,64.85,65.57,1007577.0
1564012800,64.73,65.57,63.32,63.86,1598979.0
1564099200,64.22,65.2175,64.08,64.92,1637840.0
1564358400,64.23,64.24,62.67,63.97,1397849.0
1564444800,63.69,64.56,63.49,64.01,815631.0
1564531200,63.98,64.51,63.26,63.36,1170982.0
1564617600,63.57,64.25,62.9,63.14,1069480.0
1564704000,63.0,63.77,62.44,63.27,1021117.0
1564963200,62.54,62.65,60.51,61.52,1208396.0
1565049600,61.97,62.66,61.84,62.47,797331.0
1565136000,62.12,63.37,61.56,63.11,749740.0
1565222400,63.47,64.67,63.435,64.53,769018.0
1565308800,64.16,64.79,63.9,63.93,746638.0
1565568000,63.43,63.43,61.36,62.11,1041537.0
1565654400,61.82,62.79,61.11,61.17,1161985.0
1565740800,60.6,60.99,58.3349,59.23,1416642.0
1565827200,59.34,59.53,58.82,59.02,1223095.0
1565913600,59.31,60.51,59.2,60.36,952835.0
1566172800,60.68,61.51,60.475,60.59,903368.0
1566259200,60.31,60.34,59.51,60.11,740431.0
1566345600,60.39,60.64,59.67,59.81,1038870.0
1566432000,59.88,60.02,58.99,59.73,929343.0
1566518400,59.56,59.9,57.57,57.93,1180849.0
1566777600,58.44,58.85,57.73,58.38,1044943.0
1566864000,58.78,58.88,57.12,58.01,1455453.0
1566950400,57.79,59.035,57.71,58.74,728385.0
1567036800,59.33,60.17,59.06,59.96,788312.0
1567123200,60.13,60.34,59.37,59.72,842062.0
1567468800,59.43,60.51,59.43,60.43,1110627.0
1567555200,60.63,61.865,60.06,61.77,1067041.0
1567641600,62.18,63.915,62.06,63.39,1285723.0
1567728000,63.78,64.175,62.9,63.09,1033967.0
1567987200,63.08,65.05,62.65,64.77,951225.0
1568073600,65.01,65.48,64.51,64.99,723172.0
1568160000,64.98,65.9,64.32,65.83,787470.0
1568246400,65.79,66.47,65.3,65.68,668285.0
1568332800,66.28,66.52,65.82,65.87,588406.0
1568592000,64.0,65.84,63.64,64.66,1295195.0
1568678400,64.25,65.49,64.1713,64.92,657769.0
1568764800,64.82,64.99,64.0909,64.93,758623.0
1568851200,64.71,65.305,64.43,64.58,605342.0
1568937600,64.95,65.46,64.61,65.0,1251947.0
1569196800,64.73,65.21,64.42,64.64,647718.0
1569283200,65.13,65.265,64.38,64.65,596561.0
1569369600,64.68,65.4293,64.59,65.05,528010.0
1569456000,65.05,65.08,64.18,64.57,543550.0
1569542400,64.98,65.57,63.93,64.18,813976.0
1569801600,64.4,65.24,64.24,64.91,808852.0
1569888000,65.45,65.9144,64.635,64.95,612726.0
1569974400,64.13,64.2,61.495,62.72,1334531.0
1570060800,62.69,62.87,61.15,62.3,985135.0
1570147200,62.38,63.63,62.25,63.51,479845.0
1570406400,63.6,64.19,63.48,63.96,629007.0
1570492800,63.28,64.76,62.96,63.18,962291.0
1570579200,64.05,64.68,64.03,64.11,537031.0
1570665600,63.0,64.96,62.76,64.88,575738.0
1570752000,66.0,67.625,65.0,66.08,1587853.0
1571011200,65.87,66.59,65.39,66.21,598583.0
1571097600,66.42,67.73,65.98,67.33,930604.0
1571184000,67.34,67.47,66.57,66.83,942140.0
1571270400,67.14,67.76,66.51,66.98,749363.0
1571356800,66.61,67.52,66.08,66.84,969715.0
1571616000,67.91,69.28,67.35,69.04,1448375.0
1571702400,68.99,69.77,68.325,69.19,1133248.0
1571788800,69.09,69.38,68.85,68.91,741958.0
1571875200,69.3,69.7,68.28,68.76,1493117.0
1571961600,69.0,72.0,68.8,71.57,1669883.0
1572220800,70.4,71.325,69.87,70.08,1438594.0
1572307200,70.0,70.42,69.57,69.76,801809.0
1572393600,69.64,70.47,69.35,70.38,932702.0
1572480000,69.9,70.15,69.04,69.43,715501.0
1572566400,69.89,70.57,69.64,70.15,666596.0
1572825600,70.83,70.9999,70.25,70.63,755965.0
1572912000,70.85,71.92,70.7747,71.38,777588.0
1572998400,71.07,71.47,70.48,71.37,709609.0
1573084800,71.58,72.22,70.64,70.93,681176.0
1573171200,70.79,71.26,69.95,71.17,506089.0
1573430400,71.03,71.91,70.56,71.91,603322.0
1573516800,71.98,71.98,70.6,70.84,513301.0
1573603200,70.23,70.63,69.94,70.52,414764.0
1573689600,70.26,70.81,70.06,70.41,459177.0
1573776000,70.94,70.95,70.1801,70.38,468868.0
1574035200,70.35,70.35,69.71,70.06,432415.0
1574121600,70.13,70.46,69.5,70.07,561339.0
1574208000,69.43,69.535,67.94,68.44,789041.0
1574294400,68.45,68.85,67.96,68.0,688403.0
1574380800,68.3,68.83,68.08,68.76,613144.0
1574640000,68.8,69.3,68.68,68.79,493221.0
1574726400,68.71,69.49,68.61,69.44,564109.0
1574812800,69.5,69.78,68.74,69.17,635477.0
1574985600,69.21,69.73,68.86,69.01,270582.0
1575244800,69.17,69.7,68.06,68.11,904657.0
1575331200,67.49,67.49,66.58,66.61,1079894.0
1575417600,66.83,68.0,66.75,66.92,776203.0
1575504000,67.05,67.64,67.05,67.29,560784.0
1575590400,67.87,68.47,67.37,68.32,834837.0
1575849600,68.03,68.24,67.86,67.99,871484.0
1575936000,67.31,67.98,66.85,67.24,744657.0
1576022400,67.33,67.57,66.6,66.74,854000.0
1576108800,67.42,68.47,67.1703,67.69,1553837.0
1576195200,67.44,67.66,66.29,67.41,1120690.0
1576454400,67.81,69.14,67.81,69.0,1220286.0
1576540800,68.94,70.25,68.73,70.06,1545278.0
1576627200,70.41,70.41,68.54,69.03,1807191.0
1576713600,69.01,69.28,68.66,69.2,1105980.0
1576800000,69.62,69.62,69.0,69.34,1401913.0
1577059200,69.63,69.63,68.93,69.29,1099180.0
1577145600,69.58,69.58,68.78,69.09,360810.0
1577318400,69.18,69.59,68.75,69.07,519598.0
1577404800,69.24,69.3,68.12,68.29,1011755.0
1577664000,68.17,68.3,67.33,67.68,861863.0
1577750400,67.56,68.16,67.5562,67.75,735302.0
1577923200,68.15,68.79,67.62,68.17,1343259.0
1578009600,66.8,67.11,66.02,66.92,1404601.0
1578268800,66.09,66.89,66.02,66.6,1342654.0
1578355200,66.56,66.82,66.055,66.18,1050828.0
1578441600,66.03,67.59,66.02,66.5,1438528.0
1578528000,67.02,67.02,66.2,66.37,1140407.0
1578614400,66.6,66.7,65.82,65.89,1007568.0
1578873600,65.84,66.19,65.64,65.87,629491.0
1578960000,66.76,67.45,66.02,66.18,994907.0
1579046400,66.01,67.055,65.96,66.59,782276.0
1579132800,67.0,67.43,65.8459,66.54,966167.0
1579219200,66.84,67.11,66.04,66.62,943922.0
1579564800,66.04,66.42,64.18,64.99,1636371.0
1579651200,65.44,66.28,65.3,65.59,1398000.0
1579737600,65.0,67.3,64.44,67.18,1409762.0
1579824000,67.28,67.36,65.59,66.72,1127210.0
1580083200,64.88,65.62,64.2,65.34,1778449.0
1580169600,65.87,66.64,65.13,65.54,2214651.0
1580256000,65.75,67.4786,65.58,66.89,2466240.0
1580342400,65.87,66.07,65.03,66.01,2127277.0
1580428800,65.61,65.62,64.17,64.59,1581600.0
1580688000,65.13,65.6565,64.3,64.65,1696924.0
1580774400,65.59,66.4,65.43,65.77,1513945.0
1580860800,66.71,66.8,65.94,66.33,1332240.0
1580947200,66.84,66.84,63.84,64.02,1531147.0
1581033600,63.9,64.21,63.275,63.96,1338877.0
1581292800,63.54,64.48,63.44,64.43,812876.0
1581379200,64.47,65.28,64.43,64.55,788336.0
1581465600,65.1,66.15,64.81,65.54,932608.0
1581552000,65.17,66.77,65.14,66.5,1538579.0
1581638400,66.32,66.955,65.46,66.11,1006287.0
1581984000,65.94,66.31,65.4,65.49,1266470.0
1582070400,65.61,65.805,64.76,65.17,863761.0
1582156800,64.9,65.97,64.9,65.36,786912.0
1582243200,64.91,65.53,63.949,65.43,926517.0
1582502400,63.48,63.83,62.2,63.01,1285434.0
1582588800,63.17,63.2086,58.66,58.81,1685929.0
1582675200,59.37,59.66,57.2,57.37,1813957.0
1582761600,54.79,56.68,52.91,52.96,2704849.0
1582848000,51.09,52.01,49.445,50.46,3535303.0
1583107200,50.85,51.3,48.38,50.03,3075018.0
1583193600,50.47,50.47,46.3,47.37,3415189.0
1583280000,48.19,49.71,46.57,49.69,3480573.0
1583366400,47.66,47.66,43.36,43.46,3859236.0
1583452800,41.5,48.4,41.4,45.21,5041787.0
1583712000,43.16,45.19,42.14,43.19,3413762.0
1583798400,45.31,47.69,43.37,46.78,3140020.0
1583884800,45.1,46.04,43.37,45.7,3185711.0
1583971200,40.11,43.4018,35.01,35.08,4731514.0
1584057600,38.1,38.1,33.0,37.95,3947823.0
1584316800,32.02,34.4,28.92,32.53,4456887.0
1584403200,33.06,36.2,31.28,32.53,3707614.0
1584489600,29.53,30.04,20.02,25.13,5067377.0
1584576000,24.7,25.99,22.01,24.18,2901109.0
1584662400,25.71,27.97,23.34,23.56,4062514.0
1584921600,24.0,24.98,22.15,24.03,3694649.0
1585008000,29.44,31.26,27.38,28.91,4750648.0
1585094400,33.56,34.25,28.36,29.84,7739353.0
1585180800,31.91,33.37,30.02,32.49,4919675.0
1585267200,31.73,31.9,29.78,29.87,3546910.0
1585526400,29.13,29.95,26.55,28.33,2841735.0
1585612800,28.96,30.705,28.13,28.47,2668409.0
1585699200,26.92,27.55,25.25,26.35,3350013.0
1585785600,26.14,27.02,24.28,24.66,3065198.0
1585872000,25.16,25.65,23.58,24.69,2707499.0
1586131200,26.04,27.27,24.92,26.67,3724657.0
1586217600,29.34,31.77,28.54,29.03,3766820.0
1586304000,30.2,30.32,28.95,29.14,2940051.0
1586390400,31.24,33.605,30.385,31.61,4210881.0
1586736000,32.63,32.86,28.6108,29.51,3181769.0
1586822400,30.58,31.92,30.4196,31.05,2789864.0
1586908800,32.24,32.42,29.0,30.08,4252965.0
1586995200,29.24,29.45,27.51,28.26,3274707.0
1587081600,29.69,30.28,29.31,29.93,2491824.0
1587340800,28.94,29.96,28.13,29.23,1812479.0
1587427200,27.8,29.19,27.61,28.29,1884229.0
1587513600,29.0,29.23,27.02,27.53,2600459.0
1587600000,28.01,28.98,27.75,28.2,2399870.0
1587686400,28.56,28.82,27.205,28.01,3055151.0
1587945600,28.34,29.26,27.7,27.85,2766597.0
1588032000,28.89,32.25,28.704,31.58,3954692.0
1588118400,34.06,34.72,32.72,34.0,4002548.0
1588204800,32.78,33.5,31.4,32.52,2678752.0
1588291200,31.41,31.85,29.6,30.11,2392729.0
1588550400,27.12,28.9,26.56,28.77,4457742.0
1588636800,29.72,30.37,28.41,28.97,3958502.0
1588723200,28.88,29.0599,27.2,27.83,2994853.0
1588809600,28.06,29.09,27.8,28.25,2910461.0
1588896000,28.77,30.16,28.56,30.0,2771952.0
1589155200,29.48,29.49,28.24,28.36,3003804.0
1589241600,28.46,28.99,26.82,26.85,2983646.0
1589328000,26.56,26.655,24.8,25.52,3449112.0
1589414400,24.42,26.18,23.39,26.14,3507227.0
1589500800,25.65,26.58,25.15,25.63,2787220.0
1589760000,27.67,29.5,27.08,29.05,4334521.0
1589846400,29.61,29.96,28.04,28.66,3189434.0
1589932800,29.35,30.47,29.12,30.26,2676458.0
1590019200,30.36,32.19,30.21,31.84,3278588.0
1590105600,32.32,32.61,30.32,31.02,2888349.0
1590451200,33.58,35.44,33.32,35.03,4605514.0
1590537600,38.53,39.47,34.4301,35.74,5503562.0
1590624000,35.88,36.0,34.03,34.46,3276719.0
1590710400,33.19,35.12,32.7751,34.19,3563139.0
1590969600,34.38,36.58,34.0481,36.11,2894679.0
1591056000,37.05,37.4,35.63,36.2,3472768.0
1591142400,37.28,40.6287,37.22,39.3,4512960.0
1591228800,41.0,43.41,39.5666,42.32,6768554.0
1591315200,47.84,48.66,41.81,42.72,9436950.0
1591574400,45.9,50.81,45.25,50.24,1.3224945E7
1591660800,48.06,48.479,44.01,46.1,7384379.0
1591747200,44.26,44.26,39.8101,41.48,8580760.0
1591833600,36.11,38.125,35.18,35.59,6825281.0
1591920000,39.72,39.8,36.33,38.47,6102229.0
1592179200,35.62,38.57,35.38,37.77,5533694.0
1592265600,40.51,40.8,37.77,38.21,5076343.0
1592352000,37.61,38.175,36.75,37.41,2490236.0
1592438400,36.58,37.84,36.13,37.45,3391234.0
1592524800,38.33,38.35,35.51,36.29,3873108.0
1592784000,35.5,36.79,35.23,36.47,2919174.0
1592870400,36.87,37.0,35.63,36.83,2825077.0
1592956800,36.08,36.34,34.3,34.39,3475455.0
1593043200,33.24,35.68,33.0,35.48,3049709.0
1593129600,35.45,35.65,33.51,34.3,3578722.0
1593388800,34.73,37.12,34.0625,36.91,3558277.0
1593475200,36.44,36.81,35.32,36.26,3098813.0
1593561600,37.18,38.2892,35.5,35.7,3146783.0
1593648000,37.2,37.49,36.271,36.49,2753481.0
1593993600,37.34,37.9,36.03,37.08,2133107.0
1594080000,36.22,36.55,35.6485,36.1,2687492.0
1594166400,35.6003,36.34,35.165,36.26,2143209.0
1594252800,36.0,36.12,34.38,34.44,2178037.0
1594339200,34.0,36.04,33.62,35.73,2016414.0
1594598400,35.95,36.13,34.63,34.88,2249091.0
1594684800,34.27,35.85,34.13,35.49,1734475.0
1594771200,37.58,38.9391,36.89,38.76,3519627.0
1594857600,37.77,38.23,36.81,37.28,1743656.0
1594944000,37.25,37.52,36.5801,37.0,1147013.0
1595203200,36.62,37.32,35.56,35.89,1892734.0
1595289600,35.89,36.69,35.75,36.2,1644648.0
1595376000,35.92,37.31,35.7201,36.3,1781143.0
1595462400,36.45,37.95,34.85,36.67,3276532.0
1595548800,35.64,36.38,34.68,35.06,2781094.0
1595808000,35.02,35.44,33.88,34.15,2128931.0
1595894400,33.93,35.48,33.84,35.0,2243537.0
1595980800,35.12,35.35,34.3,34.76,1521253.0
1596067200,34.1,35.0,33.89,34.66,1695121.0
1596153600,34.21,34.59,33.65,34.44,2226263.0
1596412800,34.09,34.6051,33.22,34.0,2632925.0
1596499200,34.01,35.02,33.95,34.3,2277039.0
1596585600,35.39,36.04,34.4134,35.76,3070588.0
1596672000,35.75,36.69,35.33,36.42,2586152.0
1596758400,36.0,36.6313,35.79,36.61,1588481.0
1597017600,36.98,39.47,36.96,39.25,3807191.0
1597104000,40.9,41.05,38.67,38.98,3604075.0
1597190400,39.53,39.74,37.57,38.46,2187144.0
1597276800,37.8,38.96,37.55,37.79,1802726.0
1597363200,37.06,38.05,36.85,37.68,1871962.0
1597622400,37.48,37.63,36.1716,36.26,2085836.0
1597708800,36.55,36.85,35.83,36.19,1456767.0
1597795200,36.32,37.61,35.785,35.85,1966945.0
1597881600,35.5,35.99,35.04,35.77,1362916.0
1597968000,35.85,36.25,35.385,35.43,1370222.0
1598227200,35.77,37.695,35.44,37.52,2584574.0
1598313600,38.18,38.4799,36.75,37.71,2345152.0
1598400000,37.52,37.71,36.6,36.69,1617025.0
1598486400,37.9,39.43,37.6901,38.5,3452599.0
1598572800,39.05,40.74,38.56,40.73,3823804.0
1598832000,40.4,40.65,38.9,38.95,2831386.0
1598918400,38.1,40.06,37.82,39.15,2282826.0
1599004800,39.23,40.555,38.77,40.47,2375637.0
1599091200,41.03,42.39,39.26,40.39,3143512.0
1599177600,41.32,41.82,39.38,40.82,3242221.0
1599523200,40.17,42.57,40.06,41.6,2914999.0
1599609600,40.7,41.27,39.6755,40.67,2248685.0
1599696000,41.29,41.67,40.8118,40.89,2018868.0
1599782400,40.76,40.88,39.765,40.33,2445900.0
1600041600,40.8,41.625,40.44,41.51,1966751.0
1600128000,41.69,42.465,41.4,42.18,1725148.0
1600214400,42.13,43.9434,41.57,43.12,2408227.0
1600300800,42.49,43.56,41.93,42.15,1743626.0
1600387200,41.62,41.9008,40.4401,41.04,3010778.0
1600646400,39.36,39.8,37.54,37.64,2862476.0
1600732800,37.85,38.47,37.52,37.88,1852960.0
1600819200,38.35,38.84,36.81,36.86,2097352.0
1600905600,36.54,36.59,34.83,35.7,3326039.0
1600992000,35.49,36.9,35.4,36.7,1767638.0
1601251200,37.59,38.26,36.74,37.54,2922841.0
1601337600,37.4,37.42,36.285,36.67,1747948.0
1601424000,37.59,38.27,36.475,36.63,1922303.0
1601510400,37.09,37.21,36.23,36.91,1858682.0
1601596800,35.6,38.15,35.31,37.52,3904407.0
1601856000,37.92,38.0,36.87,37.57,1987466.0
1601942400,38.22,38.44,36.06,36.09,2041000.0
1602028800,37.21,37.64,36.8,37.02,2102897.0
1602115200,37.73,39.46,37.62,38.63,3650595.0
1602201600,38.23,39.1,37.92,38.69,2633481.0
1602460800,38.32,38.5899,37.82,38.41,2139617.0
1602547200,38.22,38.65,37.81,38.0,1941010.0
1602633600,38.09,39.35,38.09,38.55,2197121.0
1602720000,38.02,38.2,37.33,38.03,1818640.0
1602806400,38.18,39.75,38.06,39.35,2457612.0
1603065600,39.61,40.86,39.36,39.58,2153458.0
1603152000,40.33,40.78,39.69,39.93,1678243.0
1603238400,39.69,40.045,38.95,39.69,1722446.0
1603324800,39.15,41.32,38.9,40.59,2675840.0
1603411200,40.63,41.73,39.83,41.57,1974574.0
1603670400,40.88,41.12,37.93,38.58,2755403.0
1603756800,38.31,38.56,37.29,37.47,1757648.0
1603843200,36.5,36.77,35.06,35.71,1862338.0
1603929600,35.61,37.09,35.52,36.78,1971019.0
1604016000,36.55,37.95,36.26,37.89,2886606.0
1604275200,38.22,38.43,36.8201,38.27,1722949.0
1604361600,39.37,39.71,38.22,38.56,2132220.0
1604448000,37.73,39.28,36.9,37.8,2425687.0
1604534400,38.23,39.55,38.1,39.18,1477026.0
1604620800,38.9,38.94,37.76,38.26,1339957.0
1604880000,44.74,46.28,43.45,45.91,7015144.0
1604966400,45.9,46.65,44.2,45.52,3642671.0
1605052800,45.2,45.4105,43.68,44.34,2186396.0
1605139200,43.05,44.27,41.9,42.41,2480016.0
1605225600,43.11,44.87,42.7801,44.66,1923177.0
1605484800,47.48,47.66,45.28,47.16,3729731.0
1605571200,46.34,48.05,46.0021,47.46,1802439.0
1605657600,48.5,49.71,47.6,47.72,1985256.0
1605744000,47.36,48.54,47.005,48.49,1647098.0
1605830400,48.23,48.2646,46.6301,47.72,1929069.0
1606089600,48.4,49.97,48.18,49.72,1887379.0
1606176000,51.42,52.75,50.26,52.37,3332829.0
1606262400,51.94,52.74,50.8189,52.47,1661446.0
1606435200,52.46,53.42,51.3871,51.55,1338052.0
1606694400,52.0,52.0,49.62,50.97,2022624.0
1606780800,51.77,52.57,50.92,50.94,1430307.0
1606867200,50.19,51.4882,49.91,51.29,1824267.0
1606953600,52.18,54.625,52.06,53.01,2647076.0
1607040000,54.05,54.96,52.34,52.94,2113589.0
1607299200,52.64,52.94,50.8,51.01,2707113.0
1607385600,50.51,51.76,50.155,50.97,1814054.0
1607472000,51.45,51.85,49.58,50.36,1627788.0
1607558400,49.14,51.37,49.1,51.29,1335476.0
1607644800,51.18,51.42,48.91,49.88,1964881.0
1607904000,50.84,51.0,48.54,48.93,2093766.0
1607990400,49.34,50.57,48.29,50.33,1624967.0
1608076800,49.83,50.06,49.05,49.75,1410470.0
1608163200,50.23,50.25,49.05,50.17,1582433.0
1608249600,49.74,50.63,49.6,50.35,2931493.0
1608508800,48.91,50.67,48.27,50.22,2142108.0
1608595200,50.71,50.76,49.7,50.35,1795245.0
1608681600,50.63,52.719,50.61,51.84,2143694.0
1608768000,52.25,52.56,51.12,52.25,814791.0
1609113600,52.95,53.76,52.4101,52.58,1307894.0
1609200000,52.98,53.14,51.78,52.03,913089.0
1609286400,52.0,53.03,51.98,52.9,1243087.0
1609372800,52.61,52.62,51.865,52.0,1131695.0
1609718400,52.17,52.19,48.807,49.24,2218749.0
1609804800,48.84,50.69,48.7871,49.86,1645081.0
1609891200,49.85,52.12,49.52,51.52,2014986.0
1609977600,51.72,52.46,51.28,51.32,1228156.0
1610064000,51.79,51.93,50.4801,50.98,1043879.0
1610323200,50.1,50.85,49.6,50.15,1955958.0
1610409600,50.43,51.9,50.1401,51.69,1958841.0
1610496000,51.46,52.37,50.63,51.85,1652559.0
1610582400,52.51,56.14,52.32,55.42,3174851.0
1610668800,55.53,56.18,53.57,53.65,2052701.0
1611014400,54.47,55.12,53.42,54.71,1194049.0
1611100800,54.99,56.1,54.6641,55.81,1151639.0
1611187200,54.86,55.64,54.16,54.96,1334719.0
1611273600,54.2,54.6499,53.71,54.47,936103.0
1611532800,54.0,54.05,51.23,52.9,2800310.0
1611619200,53.5,53.65,51.62,51.83,2736962.0
1611705600,50.965,51.22,48.09,48.85,3787621.0
1611792000,50.075,51.98,50.0147,50.67,2884625.0
1611878400,50.48,50.56,48.13,48.83,2231022.0
1612137600,49.355,50.56,48.25,49.89,2704686.0
1612224000,50.85,51.2394,50.18,50.66,2376171.0
1612310400,51.25,52.74,50.76,52.54,1530819.0
1612396800,52.8,54.7143,52.72,54.48,1745375.0
1612483200,54.98,55.15,54.05,54.18,1163516.0
1612742400,54.6,57.6,54.5901,57.08,1755410.0
1612828800,56.48,56.59,55.57,55.74,1296287.0
1612915200,56.11,57.68,55.65,57.36,1445083.0
1613001600,57.04,57.74,56.45,57.69,1362137.0
1613088000,57.19,58.17,56.915,57.56,967282.0
1613433600,58.54,60.1,57.69,59.94,1650693.0
1613520000,59.38,60.245,58.94,59.99,1357743.0
1613606400,59.21,60.18,58.43,59.9,1416254.0
1613692800,60.42,62.8551,60.18,62.28,1986487.0
1613952000,63.91,66.1289,62.64,63.61,4115860.0
1614038400,64.725,66.965,62.15,66.52,3113296.0
1614124800,66.9,68.989,66.64,67.45,3229545.0
1614211200,67.49,67.89,64.07,65.56,2035146.0
1614297600,65.32,66.57,63.58,65.02,2203699.0
1614556800,67.08,67.67,64.31,64.83,2445443.0
1614643200,64.57,65.82,64.05,65.42,1094453.0
1614729600,66.13,67.2229,65.18,65.96,1212037.0
1614816000,65.32,66.7,61.85,64.62,1592999.0
1614902400,65.04,65.29,59.6893,64.89,1783996.0
1615161600,65.99,69.1684,65.61,67.99,2201370.0
1615248000,68.66,68.75,66.205,66.89,1449131.0
1615334400,66.36,67.68,65.15,66.39,1648429.0
1615420800,66.86,66.99,65.11,65.69,1998685.0
1615507200,66.01,68.88,65.8,68.02,1865640.0
1615766400,69.44,72.62,68.86,71.98,3738049.0
1615852800,72.41,72.5,70.2,70.6,2045530.0
1615939200,70.05,73.26,69.76,73.2,1948885.0
1616025600,72.69,73.749,70.21,70.59,1885840.0
1616112000,69.98,71.69,68.22,70.78,2414319.0
1616371200,70.42,70.42,68.24,68.56,1728588.0
1616457600,67.6,68.79,65.23,65.66,1669811.0
1616544000,66.7,68.64,65.37,65.42,1305171.0
1616630400,64.25,67.97,63.5,67.75,2028088.0
1616716800,68.6,69.54,66.88,68.32,1222252.0
1616976000,68.65,68.83,66.35,67.5,1478934.0
1617062400,68.01,70.34,67.75,69.94,1602132.0
1617148800,70.02,70.05,68.57,69.21,1184432.0
1617235200,69.67,70.44,68.95,69.49,810336.0
1617580800,70.74,72.75,70.488,71.09,1427323.0
1617667200,72.44,73.9,71.85,73.74,2764155.0
1617753600,73.7,74.25,71.717,72.36,1246893.0
1617840000,71.78,72.95,70.36,72.69,1278563.0
1617926400,72.7,72.95,71.59,72.63,909526.0
1618185600,72.0,72.47,70.66,71.3,1024923.0
1618272000,70.52,70.8347,67.76,70.22,3012551.0
1618358400,71.59,72.4,70.41,70.57,1550273.0
1618444800,71.51,71.66,68.47,69.43,1750567.0
1618531200,69.7,70.55,68.6862,69.33,1465869.0
1618790400,69.0,69.175,67.88,68.77,1286433.0
1618876800,67.89,68.025,65.44,66.9,1749793.0
1618963200,66.5,68.83,64.81,68.83,1668893.0
1619049600,70.0,70.24,66.96,66.96,2410551.0
1619136000,67.55,69.55,67.2,69.21,1187507.0
1619395200,70.4,70.95,68.71,69.48,1824171.0
1619481600,69.0,69.7175,68.49,69.08,838334.0
1619568000,68.86,69.0,68.05,68.65,1023244.0
1619654400,69.27,69.51,68.19,68.57,889395.0
1619740800,67.96,69.72,67.85,69.14,1616287.0
1620000000,69.46,69.8,68.05,68.69,1186212.0
1620086400,68.12,68.89,65.87,66.56,1887800.0
1620172800,65.98,67.8,66.88,66.91,760966.0
1620259200,67.02,67.4,65.78,67.04,1014725.0
1620345600,66.5,68.57,66.4959,67.9,829281.0
1620604800,68.0,68.53,67.03,67.09,814309.0
1620691200,65.3,66.05,63.64,65.54,1279848.0
1620777600,65.23,66.49,64.55,64.77,1809391.0
1620864000,65.4,67.66,65.25,67.16,1593391.0
1620950400,68.08,70.25,68.08,69.84,1454250.0
1621209600,69.2,71.87,68.5301,71.67,2057876.0
1621296000,72.0,72.92,70.29,70.29,1457208.0
1621382400,69.29,69.77,67.9,69.33,953222.0
1621468800,69.88,69.88,67.53,68.43,834450.0
1621555200,68.88,69.3,68.0,68.07,1083490.0
1621814400,68.43,69.36,67.75,69.25,794367.0
1621900800,68.96,70.3,68.1,68.25,1780981.0
1621987200,68.77,69.95,68.63,69.64,1143735.0
1622073600,70.14,70.61,69.3947,70.43,856437.0
1622160000,70.35,70.38,68.9501,69.2,1159143.0
1622505600,69.93,70.9,68.91,69.54,1557047.0
1622592000,69.84,69.85,67.54,67.84,1876062.0
1622678400,66.83,67.34,65.33,65.46,2206519.0
1622764800,65.78,66.1698,64.82,65.45,1267524.0
1623024000,65.91,66.3864,65.26,65.56,1094017.0
1623110400,66.0,66.94,65.17,66.3,1272366.0
1623196800,66.6,66.66,65.5,65.62,1010359.0
1623283200,67.01,67.01,64.755,64.9,1491770.0
1623369600,64.855,65.83,63.43,65.48,2844159.0
1623628800,65.12,65.75,64.265,64.45,1942842.0
1623715200,64.71,64.935,63.54,64.33,1720903.0
1623801600,64.4,64.9071,63.62,63.93,1306769.0
1623888000,64.18,64.51,61.88,62.64,1720226.0
1623974400,62.43,64.1303,62.01,63.31,3381611.0
1624233600,63.79,65.16,63.6,65.02,1516920.0
1624320000,64.61,64.97,63.1,64.21,1818020.0
1624406400,64.3,64.49,63.74,63.78,1495327.0
1624492800,64.19,64.4,63.06,63.55,1281793.0
1624579200,63.42,63.71,62.9101,63.27,1693696.0
1624838400,62.45,62.685,60.52,61.45,2038669.0
1624924800,61.27,61.6338,59.85,60.13,3916110.0
1625011200,60.01,60.62,59.83,60.31,4112675.0
1625097600,60.86,61.55,60.46,61.43,2243692.0
1625184000,61.69,61.75,60.41,60.71,1196652.0
1625529600,60.74,61.09,58.94,59.19,1452387.0
1625616000,58.99,59.63,57.22,57.62,2208002.0
1625702400,56.5,58.7299,55.93,57.78,1830939.0
1625788800,58.65,59.59,58.27,59.38,1213538.0
1626048000,58.82,59.8,58.07,59.67,1297405.0
1626134400,59.03,59.105,57.47,57.62,1810329.0
1626220800,58.5,59.39,57.21,57.55,1533673.0
1626307200,57.09,58.0,56.01,56.91,1938990.0
1626393600,57.5,57.62,54.36,54.62,2810241.0
1626652800,52.84,53.71,51.75,52.83,3103912.0
1626739200,52.82,55.91,52.58,55.48,2404441.0
1626825600,56.33,58.22,56.26,57.59,2659063.0
1626912000,56.86,58.98,55.4,57.98,4907429.0
1626998400,58.86,59.48,57.7437,58.25,1920049.0
1627257600,58.26,60.66,58.26,60.56,2326877.0
1627344000,60.34,60.49,59.08,59.32,1552476.0
1627430400,59.9,60.2,58.32,59.66,1586244.0
1627516800,60.29,60.5,58.82,58.85,1423412.0
1627603200,58.12,59.42,57.7,58.03,2072561.0
1627862400,58.21,59.73,56.62,56.71,2440296.0
1627948800,56.74,57.2,55.2,57.19,1833551.0
1628035200,56.14,56.96,54.79,55.24,2127444.0
1628121600,55.25,57.8698,55.15,57.56,2223753.0
1628208000,58.14,58.49,57.02,57.87,1499582.0
1628467200,57.07,57.47,55.87,56.86,1345166.0
1628553600,56.81,58.98,56.52,58.47,1621283.0
1628640000,57.85,59.72,57.51,59.45,2010063.0
1628726400,59.12,59.2499,57.71,58.57,1174908.0
1628812800,58.43,58.55,57.45,57.62,1099619.0
1629072000,57.12,57.52,56.09,57.36,1416993.0
1629158400,56.46,56.4875,54.5599,55.24,1861747.0
1629244800,55.08,56.17,54.75,54.89,2306299.0
1629331200,54.53,54.815,52.88,53.98,1745927.0
1629417600,53.83,54.46,53.595,54.35,1248955.0
1629676800,55.0,56.07,54.94,55.15,2324140.0
1629763200,56.04,57.48,55.96,57.12,1393683.0
1629849600,57.13,58.09,56.71,57.66,1336467.0
1629936000,57.23,58.18,56.65,57.18,1343932.0
1630022400,57.33,58.72,57.31,58.22,1415551.0
1630281600,58.51,58.51,56.53,56.71,1247142.0
1630368000,56.6,57.71,56.3574,57.34,1413678.0
1630454400,57.78,57.87,56.61,57.23,1172560.0
1630540800,57.45,58.29,56.79,57.84,1149686.0
1630627200,57.64,58.56,56.85,57.11,1401304.0
1630972800,56.25,57.42,56.12,57.14,1255197.0
1631059200,57.27,58.1,56.15,56.39,1357333.0
1631145600,56.13,59.24,55.84,58.2,2208261.0
1631232000,58.36,58.41,56.02,56.09,2097889.0
1631491200,56.73,57.65,55.43,57.16,1364112.0
1631577600,56.76,57.13,55.95,56.3,1082976.0
1631664000,56.2,56.51,55.45,56.34,1565463.0
1631750400,56.85,57.6,56.72,57.02,1378836.0
1631836800,57.16,58.04,56.22,56.92,2370859.0
1632096000,56.4,57.43,55.73,56.96,2285046.0
1632182400,57.41,58.04,55.9,56.11,1565310.0
1632268800,56.57,58.08,56.57,57.45,1909932.0
1632355200,57.94,60.26,57.8017,59.8,2608304.0
1632441600,59.86,61.39,59.7,60.79,2053524.0
1632700800,61.64,62.85,61.17,61.25,1880926.0
1632787200,61.27,62.37,61.01,61.22,1729142.0
1632873600,61.5,61.71,60.36,60.45,1795575.0
1632960000,60.18,60.18,58.16,58.6,2021268.0
1633046400,60.53,62.68,59.82,62.2,2619675.0
1633305600,62.77,63.76,61.97,62.09,1858352.0
1633392000,62.19,62.91,61.195,61.6,1705493.0
1633478400,59.9,61.08,59.51,61.05,1639054.0
1633564800,61.73,61.87,60.21,60.24,1522450.0
1633651200,60.49,60.73,59.4528,59.8,899674.0
1633910400,59.21,60.02,58.33,58.46,1550700.0
1633996800,58.17,58.89,57.63,58.43,1783455.0
1634083200,58.04,58.04,56.43,57.04,2184706.0
1634169600,57.52,58.01,56.93,57.52,1246661.0
1634256000,58.94,59.12,57.68,57.77,1933031.0
1634515200,57.17,57.96,56.7,57.42,1257808.0
1634601600,57.57,57.62,56.44,56.94,1720590.0
1634688000,57.01,57.8583,56.23,57.25,2070447.0
1634774400,57.48,58.0,55.89,56.2,2741788.0
1634860800,55.24,55.66,53.64,53.81,3087146.0
1635120000,53.7,54.63,53.395,53.94,1842600.0
1635206400,54.81,55.3,54.04,54.27,1588325.0
1635292800,54.37,54.47,52.69,52.71,1550290.0
1635379200,52.79,53.44,52.62,52.86,1527871.0
1635465600,52.91,53.5,52.2,52.8,1681721.0
1635724800,53.02,54.74,52.5968,54.71,1755228.0
1635811200,54.51,54.62,53.61,54.45,1400699.0
1635897600,54.16,55.99,53.9601,55.93,1690654.0
1635984000,56.17,56.4,55.26,55.73,1215246.0
1636070400,58.55,59.7299,58.131,59.35,2460025.0
1636329600,59.68,60.1167,58.64,58.88,1935881.0
1636416000,58.82,59.2,57.96,58.83,1510521.0
1636502400,58.19,58.815,57.26,57.54,1321690.0
1636588800,57.52,57.72,56.74,56.81,807031.0
1636675200,56.82,57.13,55.05,55.65,2387292.0
1636934400,56.05,56.4,55.3778,55.67,1222770.0
1637020800,55.44,55.545,53.56,53.89,2343875.0
1637107200,53.7,54.06,52.95,53.54,1289014.0
1637193600,53.64,53.75,52.04,52.54,1805660.0
1637280000,51.9,52.84,50.98,52.74,3461973.0
1637539200,53.23,53.88,52.48,53.08,1918941.0
1637625600,53.68,54.09,52.4661,52.73,1221146.0
1637712000,52.24,53.65,51.96,52.91,1524966.0
1637884800,50.0,50.07,47.38,49.45,3092198.0
1638144000,50.19,50.98,48.76,49.45,2660127.0
1638230400,48.5,49.13,47.56,48.57,2259061.0
1638316800,49.96,50.22,46.26,46.29,2594870.0
1638403200,47.0,49.849,46.8028,49.52,2209972.0
1638489600,49.31,49.72,47.731,48.57,1682002.0
1638748800,49.51,52.265,49.47,50.62,2716133.0
1638835200,51.26,51.85,49.92,50.35,1873810.0
1638921600,50.77,52.8994,50.61,51.43,2171075.0
1639008000,50.72,51.78,49.85,51.42,2309406.0
1639094400,51.44,52.06,50.7214,51.67,2007052.0
1639353600,50.82,50.94,49.68,50.3,1627953.0
1639440000,50.2,51.69,50.01,50.14,1555079.0
1639526400,50.2,50.43,48.78,50.27,1837415.0
1639612800,50.81,51.14,49.04,49.22,1728711.0
1639699200,49.37,50.98,48.71,50.03,3780143.0
1639958400,48.99,50.2,48.27,49.34,1870340.0
1640044800,50.0,52.28,49.875,52.07,2166242.0
1640131200,52.24,52.72,51.57,52.19,1605019.0
1640217600,53.0,53.29,52.4,53.02,1996069.0
1640563200,51.83,52.9695,51.44,52.62,1474734.0
1640649600,52.1,53.4,51.98,52.9,1292951.0
1640736000,52.41,52.51,51.835,52.14,1429592.0
1640822400,51.88,52.92,51.8,51.94,1667392.0
1640908800,51.93,52.44,51.62,52.1,1271000.0
