1483401600,33.785,34.11,33.545,33.715,1653222.0
1483488000,33.765,34.07,33.735,33.965,1734128.0
1483574400,34.005,34.205,33.7,33.785,1683970.0
1483660800,33.875,34.139,33.695,34.04,1275608.0
1483920000,34.01,34.12,33.68,33.69,1418042.0
1484006400,33.71,33.99,33.56,33.895,1349592.0
1484092800,33.78,33.91,33.675,33.91,1504456.0
1484179200,33.775,34.01,33.455,33.985,1538458.0
1484265600,34.045,34.25,34.005,34.055,1684232.0
1484611200,33.89,34.06,33.65,33.85,1436080.0
1484697600,34.005,34.25,33.885,34.14,1621462.0
1484784000,34.06,34.23,33.915,34.105,1716730.0
1484870400,34.25,34.395,34.145,34.3,2378192.0
1485129600,34.175,34.3925,33.68,33.99,2466302.0
1485216000,34.145,34.47,34.005,34.38,4495082.0
1485302400,34.4,34.625,33.205,33.515,6327836.0
1485388800,33.745,33.745,33.13,33.32,2752922.0
1485475200,33.44,33.71,33.34,33.46,2851510.0
1485734400,33.495,33.53,33.15,33.49,2638516.0
1485820800,33.485,33.8075,33.17,33.745,3714580.0
1485907200,33.785,33.83,33.18,33.3,2984526.0
1485993600,33.26,33.685,33.0,33.575,2691704.0
1486080000,33.7,33.84,33.495,33.73,2853082.0
1486339200,33.65,33.855,33.485,33.535,3412466.0
1486425600,33.665,33.91,33.59,33.645,2780598.0
1486512000,33.645,34.205,33.63,34.01,3116416.0
1486598400,34.015,34.39,34.01,34.145,2646346.0
1486684800,34.12,34.4675,34.04,34.385,2232806.0
1486944000,34.515,34.61,34.405,34.485,2136680.0
1487030400,34.415,34.57,34.28,34.565,2099382.0
1487116800,34.425,34.6075,34.285,34.51,2927216.0
1487203200,34.58,34.72,34.431,34.69,1767892.0
1487289600,34.7,34.73,34.36,34.73,2206632.0
1487635200,34.69,34.845,34.575,34.79,2106946.0
1487721600,34.78,34.9925,34.7675,34.91,1620172.0
1487808000,35.01,35.12,34.59,34.985,4908342.0
1487894400,34.775,35.115,34.705,35.09,2626770.0
1488153600,35.005,35.13,34.695,34.735,2381298.0
1488240000,34.68,34.7025,34.4925,34.605,2693004.0
1488326400,34.775,35.5,34.75,35.44,3023834.0
1488412800,35.385,35.49,35.1975,35.24,1631030.0
1488499200,35.205,35.325,35.115,35.235,1821254.0
1488758400,35.035,35.21,35.02,35.065,1829540.0
1488844800,35.11,35.25,34.98,35.135,1337422.0
1488931200,35.07,35.295,34.96,35.19,1864204.0
1489017600,35.115,35.315,34.9,35.07,1437870.0
1489104000,35.18,35.405,35.13,35.275,1328116.0
1489363200,35.245,35.71,35.14505,35.695,2484992.0
1489449600,35.55,35.59,35.345,35.475,1743890.0
1489536000,35.64,35.99,35.585,35.93,4309480.0
1489622400,35.87,35.98,35.62,35.72,2279894.0
1489708800,35.72,35.84495,35.6,35.67,2498126.0
1489968000,35.655,35.745,35.43,35.67,1406206.0
1490054400,35.76,35.925,35.12,35.205,2321666.0
1490140800,35.335,35.515,35.1,35.48,2401570.0
1490227200,35.465,35.7,35.285,35.45,2012304.0
1490313600,35.55,35.805,35.4,35.485,2478256.0
1490572800,35.2,35.52,34.93,35.49,1831812.0
1490659200,35.47,35.765,35.295,35.66,1888370.0
1490745600,35.49,35.71,35.42,35.655,2231384.0
1490832000,35.635,35.975,35.605,35.945,1826776.0
1490918400,35.865,35.9,35.545,35.585,2968582.0
1491177600,35.535,35.55,34.875,35.145,2403068.0
1491264000,35.09,35.23,34.76,34.95,2076370.0
1491350400,35.07,35.16,34.76,34.785,2409798.0
1491436800,34.755,35.12,34.675,34.965,1606204.0
1491523200,34.935,35.07,34.85,34.885,1824748.0
1491782400,34.965,35.13,34.78,34.82,1540988.0
1491868800,34.75,34.905,34.47,34.87,1599608.0
1491955200,34.94,34.975,34.2825,34.42,2389450.0
1492041600,34.38,34.59,34.325,34.325,1808872.0
1492387200,34.5,34.78,34.4143,34.765,1339108.0
1492473600,34.735,35.015,34.71,34.98,2429752.0
1492560000,35.14,35.345,35.005,35.06,1973118.0
1492646400,35.215,35.545,35.115,35.41,1780846.0
1492732800,35.41,35.435,35.15,35.235,2246944.0
1492992000,35.65,35.97,35.57,35.965,2426706.0
1493078400,36.01,36.25,35.87,36.09,2855466.0
1493164800,36.5,36.875,35.81,35.865,5000152.0
1493251200,36.015,36.405,35.95,36.39,2058518.0
1493337600,36.32,36.375,35.955,36.155,2423140.0
1493596800,36.29,36.325,35.945,35.945,2212074.0
1493683200,35.935,36.01,35.615,35.75,2165124.0
1493769600,35.63,35.7,35.45,35.645,1817022.0
1493856000,35.765,35.995,35.6,35.92,1676538.0
1493942400,36.015,36.1,35.85,36.065,975472.0
1494201600,36.045,36.355,35.99,36.265,1813244.0
1494288000,36.23,36.435,36.23,36.33,1513156.0
1494374400,36.33,36.5,36.135,36.49,2383630.0
1494460800,36.275,36.375,36.08,36.31,1237818.0
1494547200,36.27,36.44,36.235,36.425,1296504.0
1494806400,36.49,36.685,36.405,36.585,2880790.0
1494892800,36.725,36.9325,36.55,36.87,1739920.0
1494979200,36.58,36.705,36.2775,36.28,2814350.0
1495065600,36.065,36.4,35.685,36.225,1905104.0
1495152000,36.355,36.615,36.33,36.45,1678112.0
1495411200,36.5,36.835,36.425,36.8,1921434.0
1495497600,36.8,36.94,36.65,36.685,1945974.0
1495584000,36.79,37.0925,36.7,36.965,1980064.0
1495670400,37.18,37.34,36.99,37.285,1873810.0
1495756800,37.285,37.4275,37.165,37.4,1894536.0
1496102400,37.255,37.495,37.255,37.44,1938662.0
1496188800,37.5,37.575,37.265,37.3,5432762.0
1496275200,37.48,37.66,37.415,37.565,2234880.0
1496361600,37.65,37.8075,37.48,37.78,1835514.0
1496620800,37.785,38.075,37.68,37.795,1975288.0
1496707200,37.61,37.96,37.61,37.775,1671100.0
1496793600,37.92,37.99,37.71,37.96,1432810.0
1496880000,37.905,38.125,37.765,38.09,2084934.0
1496966400,38.095,38.335,37.635,37.88,2568368.0
1497225600,37.705,37.8,37.315,37.71,2391916.0
1497312000,37.805,38.025,37.805,37.96,2339702.0
1497398400,37.945,38.075,37.8,37.97,2118540.0
1497484800,37.6,38.06,37.485,38.01,2205258.0
1497571200,38.005,38.24,37.775,37.815,4471838.0
1497830400,37.95,38.025,37.645,37.825,2930054.0
1497916800,37.79,37.875,37.465,37.475,2450472.0
1498003200,37.465,37.53,37.275,37.365,3083566.0
1498089600,37.365,37.41,37.095,37.185,2074706.0
1498176000,37.245,37.6,37.105,37.54,3229286.0
1498435200,37.65,37.8,37.335,37.38,1904588.0
1498521600,37.33,37.35,37.115,37.115,2372732.0
1498608000,37.405,37.62,37.19,37.555,1670618.0
1498694400,37.55,37.55,36.63,36.88,1845596.0
1498780800,37.025,37.125,36.67,36.91,2894446.0
1499040000,37.145,37.16,36.55,36.55,1160664.0
1499212800,36.77,36.915,36.525,36.885,2355058.0
1499299200,36.425,36.6375,36.175,36.24,2910194.0
1499385600,36.445,36.83,36.385,36.695,1917812.0
1499644800,36.56,36.96,36.465,36.885,2050380.0
1499731200,36.875,37.0,36.685,36.83,1449718.0
1499817600,37.085,37.335,36.95,37.29,2049046.0
1499904000,37.31,37.48,37.2355,37.295,1320172.0
1499990400,37.325,37.335,37.165,37.275,2106832.0
1500249600,37.285,37.595,37.16,37.42,1390470.0
1500336000,37.31,37.5,37.225,37.455,1516968.0
1500422400,37.585,37.835,37.51,37.79,1582988.0
1500508800,37.74,37.8875,37.56,37.83,1971170.0
1500595200,37.725,37.905,37.62,37.785,1652664.0
1500854400,37.85,37.925,37.6355,37.82,2235270.0
1500940800,37.94,38.09,37.7,37.92,3213188.0
1501027200,38.1,38.735,37.015,37.47,4573440.0
1501113600,37.485,37.965,37.41,37.92,4070110.0
1501200000,37.97,38.1275,37.615,38.065,2915398.0
1501459200,38.24,38.43,38.035,38.31,2967380.0
1501545600,38.885,38.885,38.4,38.69,2207162.0
1501632000,38.805,38.99,38.715,38.92,2977688.0
1501718400,38.87,39.1925,38.78,38.915,4196052.0
1501804800,39.035,39.065,38.735,38.83,2411618.0
1502064000,38.79,39.045,38.79,38.99,2253864.0
1502150400,38.82,39.17,38.82,38.985,1710156.0
1502236800,38.88,39.29,38.76,39.245,2271628.0
1502323200,39.03,39.18,38.87,38.885,3700246.0
1502409600,39.005,39.085,38.855,38.985,2202822.0
1502668800,39.185,39.68,39.135,39.55,2733640.0
1502755200,39.615,39.6887,39.455,39.455,3829770.0
1502841600,39.575,39.85,39.505,39.66,1874420.0
1502928000,39.525,39.73,39.445,39.475,2582144.0
1503014400,39.42,39.49,39.18,39.21,1747926.0
1503273600,39.15,39.39,39.06,39.355,1617426.0
1503360000,39.46,39.875,39.46,39.85,2062844.0
1503446400,39.595,39.9675,39.45,39.7,2021246.0
1503532800,39.74,39.75,39.49,39.695,1396100.0
1503619200,39.895,40.07,39.795,39.895,2623028.0
1503878400,40.0,40.0,39.775,39.875,1469136.0
1503964800,39.665,40.165,39.54,40.08,1571592.0
1504051200,40.05,40.235,39.99,40.155,1968314.0
1504137600,40.25,40.565,40.165,40.47,2157272.0
1504224000,40.49,40.5825,40.155,40.435,1733860.0
1504569600,40.35,40.45,39.93,40.175,1644420.0
1504656000,40.325,40.37,40.02,40.29,1629384.0
1504742400,40.355,40.4175,40.135,40.255,1385912.0
1504828800,40.135,40.45,40.03,40.26,1419896.0
1505088000,40.51,41.035,40.4845,40.97,2047658.0
1505174400,40.975,41.15,40.8755,41.06,1514510.0
1505260800,41.035,41.06,40.705,40.86,1584324.0
1505347200,40.76,41.145,40.76,41.105,1564768.0
1505433600,41.085,41.3,40.925,41.29,2264520.0
1505692800,41.28,41.505,41.115,41.4,2149292.0
1505779200,41.535,41.575,41.335,41.535,1366864.0
1505865600,41.615,41.625,41.2,41.495,1311812.0
1505952000,41.6,41.68,41.385,41.57,1456886.0
1506038400,41.685,41.905,41.425,41.47,3236460.0
1506297600,41.43,41.4575,40.785,40.96,2659448.0
1506384000,41.025,41.08,40.775,40.81,1736562.0
1506470400,40.995,41.12,40.8375,40.985,2270254.0
1506556800,40.865,41.195,40.84,41.14,1625344.0
1506643200,41.745,42.435,41.515,42.32,3695860.0
1506902400,42.375,42.45,42.19,42.385,3066086.0
1506988800,42.5,42.59,42.35,42.5,1977324.0
1507075200,42.495,42.9375,42.38,42.88,2024840.0
1507161600,43.025,43.15,42.835,43.15,2005328.0
1507248000,43.065,43.295,42.99,43.29,1590344.0
1507507200,43.3,43.405,43.16,43.275,2047416.0
1507593600,43.32,43.54,43.25,43.51,1546700.0
1507680000,43.5,43.505,43.255,43.39,1378562.0
1507766400,43.375,43.895,43.35,43.885,1435502.0
1507852800,43.965,44.0,43.545,43.6,4190300.0
1508112000,43.695,43.74,43.405,43.47,3162188.0
1508198400,43.49,43.5151,43.235,43.35,1987762.0
1508284800,43.385,43.43,43.125,43.31,2086378.0
1508371200,43.185,43.2425,42.695,43.05,3189236.0
1508457600,43.34,43.47,43.0,43.285,2500286.0
1508716800,43.47,43.47,43.085,43.175,2565170.0
1508803200,43.325,43.5125,43.145,43.325,2151612.0
1508889600,43.785,44.095,43.255,43.625,3657994.0
1508976000,43.625,43.635,42.75,42.75,3616566.0
1509062400,42.75,43.3,42.725,43.3,2519046.0
1509321600,43.215,43.28,42.825,42.88,1782630.0
1509408000,43.06,43.57,42.98,43.5,2447994.0
1509494400,43.775,43.915,43.37,43.435,2394780.0
1509580800,43.5,43.945,43.45,43.795,2732024.0
1509667200,43.81,43.9025,43.385,43.665,1897430.0
1509926400,43.65,43.82,43.555,43.62,2287250.0
1510012800,43.59,43.85,43.555,43.685,1838674.0
1510099200,43.67,43.925,43.555,43.87,1679950.0
1510185600,43.59,43.695,43.0723,43.36,1675834.0
1510272000,43.34,44.18,43.29,44.105,2718236.0
1510531200,44.0,44.31,43.93,44.24,2109546.0
1510617600,44.14,44.58,44.04,44.49,2177110.0
1510704000,44.36,44.435,44.09,44.205,2288164.0
1510790400,44.36,44.845,44.2965,44.655,2031788.0
1510876800,44.555,44.8625,44.4548,44.76,2104726.0
1511136000,44.865,45.06,44.765,44.94,1650298.0
1511222400,45.365,45.57,45.035,45.42,2974132.0
1511308800,45.42,45.47,44.94,44.95,2458622.0
1511481600,44.995,45.545,44.95,45.455,1283944.0
1511740800,45.385,45.48,45.1875,45.19,2396726.0
1511827200,45.38,45.625,45.31,45.52,2871626.0
1511913600,45.5,45.63,44.7255,44.885,2959090.0
1512000000,45.215,45.54,45.005,45.295,9182652.0
1512086400,45.33,45.37,44.0322,44.9,2639268.0
1512345600,45.185,45.3,44.22,44.23,2582874.0
1512432000,44.25,44.365,43.985,44.09,2302622.0
1512518400,43.81,44.14,43.7,43.89,1908638.0
1512604800,43.945,44.105,43.825,44.07,3027902.0
1512691200,44.335,44.675,44.335,44.67,3213574.0
1512950400,44.54,44.9175,44.45,44.62,2055614.0
1513036800,44.62,44.975,44.48,44.835,2711908.0
1513123200,44.82,45.005,44.535,44.75,1765990.0
1513209600,44.84,44.965,44.61,44.615,1734368.0
1513296000,44.765,44.83,44.485,44.565,3102448.0
1513555200,44.78,44.93,44.625,44.725,1873766.0
1513641600,44.86,45.035,44.395,44.4,2498532.0
1513728000,44.575,44.575,44.12,44.32,1994514.0
1513814400,44.535,44.535,44.17,44.225,2121094.0
1513900800,44.385,44.51,43.875,44.07,1386710.0
1514246400,44.03,44.03,43.71435,43.895,1329088.0
1514332800,44.045,44.095,43.85,44.045,2296388.0
1514419200,44.125,44.325,43.92,44.3,1618716.0
1514505600,44.5,44.575,43.765,43.9,1698328.0
1514851200,44.235,44.425,43.77505,43.9,2454932.0
1514937600,43.79,44.48,43.75005,44.47,2684046.0
1515024000,44.5,44.635,44.315,44.315,2796608.0
1515110400,44.57,44.905,44.45,44.855,2203834.0
1515369600,44.82,45.355,44.82,45.335,2722682.0
1515456000,45.5,45.755,45.38,45.405,2500260.0
1515542400,45.295,45.345,44.63,44.755,1872614.0
1515628800,44.76,45.41,44.665,45.395,1539546.0
1515715200,45.43,45.97,45.23125,45.915,1691930.0
1516060800,46.0,46.305,45.595,45.64,2964148.0
1516147200,45.975,46.5,45.56,46.425,1867646.0
1516233600,46.435,46.64,46.06,46.145,3032784.0
1516320000,46.58,46.81,46.44,46.565,3581116.0
1516579200,46.565,46.745,45.89,45.99,4121596.0
1516665600,45.975,46.1,45.835,45.91,2972556.0
1516752000,46.33,46.765,45.48,45.6,4931868.0
1516838400,45.75,46.34,45.5,45.6,4380514.0
1516924800,45.87,46.365,45.47,46.365,3323112.0
1517184000,46.18,46.5,45.9825,46.065,3976466.0
1517270400,45.68,46.515,45.6,46.275,3021490.0
1517356800,46.535,46.555,46.2,46.385,3083978.0
1517443200,45.7,46.76,45.7,46.41,2643828.0
1517529600,46.265,46.42,45.595,45.625,3401660.0
1517788800,45.38,46.005,44.04,44.205,3830268.0
1517875200,43.36,44.44,42.855,44.28,4938508.0
1517961600,44.005,44.915,43.73,44.14,3564016.0
1518048000,44.12,44.26,42.2,42.22,5137502.0
1518134400,42.47,42.725,41.075,42.39,5360124.0
1518393600,42.895,43.45,42.845,43.205,3595574.0
1518480000,42.92,43.54,42.9,43.44,1749112.0
1518566400,43.15,43.72,43.12,43.67,2147846.0
1518652800,44.005,44.57,43.895,44.57,3256264.0
1518739200,44.375,45.36,44.325,44.995,2455880.0
1519084800,44.75,45.415,44.65,45.18,2362266.0
1519171200,45.245,45.775,45.21,45.21,2065928.0
1519257600,45.395,45.6,45.03,45.115,2421718.0
1519344000,45.24,45.43,44.96,45.415,1942638.0
1519603200,45.535,46.2125,45.35,46.205,1606814.0
1519689600,46.295,46.765,45.97,45.97,2285884.0
1519776000,46.2,46.35,45.69,45.695,2539846.0
1519862400,45.575,45.78,44.12,44.475,3135382.0
1519948800,44.25,44.925,44.07,44.825,2303398.0
1520208000,44.49,44.86,44.11,44.59,2177270.0
1520294400,44.75,45.065,44.5625,44.875,2069250.0
1520380800,44.405,45.24,44.255,45.13,2207174.0
1520467200,45.16,45.325,44.965,45.29,2703240.0
1520553600,45.565,46.325,45.423,46.22,2390106.0
1520812800,46.255,46.535,46.17,46.33,2610252.0
1520899200,46.58,46.75,46.11,46.255,1773730.0
1520985600,46.425,46.48,45.6025,45.685,1150486.0
1521072000,45.775,46.195,45.605,45.975,1385376.0
1521158400,46.08,46.465,45.735,46.0,3607346.0
1521417600,45.95,46.055,45.175,45.67,2406572.0
1521504000,45.845,46.005,45.59,45.85,1714062.0
1521590400,45.805,46.01,45.41,45.515,1500350.0
1521676800,45.0,45.23,44.035,44.085,2195264.0
1521763200,44.1,44.36,42.61,42.665,2214480.0
1522022400,43.195,43.58,42.69,43.545,2306560.0
1522108800,43.695,44.0,42.545,42.795,2101516.0
1522195200,42.895,42.94,41.978,42.425,1858586.0
1522281600,42.7,43.49,42.53,43.065,2710548.0
1522627200,43.065,43.14,41.365,42.025,2649148.0
1522713600,42.14,42.435,41.585,42.4,2747858.0
1522800000,41.065,42.58,41.065,42.495,3042502.0
1522886400,42.77,42.87,42.24,42.385,2329770.0
1522972800,42.16,42.285,40.95,41.285,2471450.0
1523232000,41.565,42.305,41.39,41.79,2851850.0
1523318400,42.46,42.86,42.275,42.685,3853514.0
1523404800,42.435,42.975,42.42505,42.64,3225070.0
1523491200,42.895,43.245,42.66,43.07,2070810.0
1523577600,43.25,43.33355,42.685,42.805,1498998.0
1523836800,43.15,43.405,42.875,43.235,1509540.0
1523923200,43.405,43.57,43.145,43.41,1999750.0
1524009600,43.605,43.835,43.36,43.6,1526398.0
1524096000,43.54,43.555,43.005,43.1,2067834.0
1524182400,42.975,42.98,42.335,42.605,3031958.0
1524441600,42.8,42.8425,42.14,42.2,3056000.0
1524528000,42.48,42.55,41.015,41.385,4785816.0
1524614400,41.825,41.975,40.21,41.44,5602962.0
1524700800,41.575,41.905,41.30225,41.895,3160284.0
1524787200,41.95,42.3025,41.755,42.14,3579116.0
1525046400,42.195,42.425,41.855,41.855,3069434.0
1525132800,41.675,42.06775,41.385,41.97,2580674.0
1525219200,42.1,42.39,41.875,41.98,3484746.0
1525305600,41.705,42.23,41.415,42.14,2586540.0
1525392000,41.89,42.795,41.8225,42.675,2830074.0
1525651200,42.735,43.08,42.735,42.91,2740176.0
1525737600,42.94,42.995,42.585,42.87,2564938.0
1525824000,42.89,43.235,42.63,43.155,2249176.0
1525910400,43.41,43.655,43.07,43.635,1955046.0
1525996800,43.545,44.01,43.4975,43.99,2364594.0
1526256000,44.07,44.155,43.89,44.095,2145612.0
1526342400,44.03,44.085,43.79,43.93,2220280.0
1526428800,44.115,44.345,43.805,44.175,2040032.0
1526515200,44.11,44.345,43.9575,44.06,1998140.0
1526601600,43.96,44.185,43.81,43.99,1814698.0
1526860800,44.245,44.47,44.11,44.465,1983472.0
1526947200,44.6,44.6,44.015,44.05,2183896.0
1527033600,43.805,44.11,43.53,44.1,2236744.0
1527120000,44.055,44.305,43.695,43.9,1615862.0
1527206400,43.84,43.905,43.41,43.635,2200760.0
1527552000,43.27,43.82,43.13,43.49,2879702.0
1527638400,43.745,43.975,43.695,43.785,1913562.0
1527724800,43.21,43.895,43.17,43.465,3586708.0
1527811200,43.785,44.2616,43.675,44.185,2098538.0
1528070400,44.205,44.34995,43.975,44.045,2429104.0
1528156800,44.005,44.99,43.61,44.975,2669316.0
1528243200,45.0,45.22,44.71,45.22,2096490.0
1528329600,45.25,45.435,45.12,45.405,2973470.0
1528416000,45.23,45.49,45.03655,45.455,2172016.0
1528675200,45.485,45.55,45.29,45.36,2778946.0
1528761600,45.265,45.44,44.755,45.435,2729950.0
1528848000,45.46,45.635,45.33,45.525,2210430.0
1528934400,45.585,45.77,45.36,45.6,2107940.0
1529020800,45.34,45.985,45.095,45.66,3486066.0
1529280000,45.29,45.4,44.94,45.4,1611022.0
1529366400,44.785,44.91,44.325,44.84,1898692.0
1529452800,45.01,45.1039,44.705,44.92,1941728.0
1529539200,44.905,44.925,44.155,44.23,2097648.0
1529625600,44.475,44.68,44.16,44.6,2609304.0
1529884800,44.5,44.5,43.445,43.895,2678308.0
1529971200,43.82,44.15495,43.575,43.585,2777384.0
1530057600,43.67,43.93,43.125,43.135,3192552.0
1530144000,43.11,43.555,42.78,43.53,3002798.0
1530230400,43.64,43.96,43.51,43.575,3685052.0
1530489600,43.275,43.585,42.7725,43.555,2303356.0
1530576000,43.75,43.75,43.29,43.355,859202.0
1530748800,43.6,43.915,43.275,43.905,1557744.0
1530835200,43.99,44.24,43.735,44.095,1623562.0
1531094400,44.405,44.715,44.21,44.685,1627446.0
1531180800,44.565,44.78,44.52,44.635,1313436.0
1531267200,42.965,44.365,42.965,43.825,1583758.0
1531353600,44.07,44.545,44.06,44.525,1639858.0
1531440000,44.61,44.665,44.325,44.355,1356952.0
1531699200,44.405,44.56,44.2,44.265,1537590.0
1531785600,44.14,44.59,44.005,44.505,2176318.0
1531872000,44.53,44.75,44.395,44.565,1908278.0
1531958400,44.365,44.645,44.2,44.295,1836152.0
1532044800,44.14,44.405,44.06,44.2,2242530.0
1532304000,44.09,44.145,43.855,44.0,2143540.0
1532390400,44.22,44.665,44.1725,44.44,3216114.0
1532476800,45.0,46.585,45.0,46.52,4382380.0
1532563200,46.77,47.85,46.57,47.765,4015038.0
1532649600,47.765,47.95,46.81,46.98,4603894.0
1532908800,46.79,47.02,46.09,46.125,2122640.0
1532995200,46.23,46.81,46.11,46.755,3816840.0
1533081600,46.755,46.895,46.42,46.69,2232148.0
1533168000,46.515,47.125,46.4,46.92,2154430.0
1533254400,47.08,47.08,46.71,46.93,1830848.0
1533513600,46.89,47.085,46.81,46.985,1492516.0
1533600000,46.985,47.355,46.895,47.29,1494934.0
1533686400,47.34,47.39,47.175,47.23,1269192.0
1533772800,47.5,47.8,47.14,47.16,2263270.0
1533859200,46.93,47.105,46.78,46.875,1614820.0
1534118400,47.005,47.26,46.8,46.925,2476874.0
1534204800,46.84,47.255,46.75,47.035,2264036.0
1534291200,46.725,47.05,46.465,46.965,3205464.0
1534377600,47.06,47.36,46.94,47.03,2063460.0
1534464000,46.995,47.13,46.785,47.025,2207296.0
1534723200,47.245,47.3,47.0475,47.15,1979718.0
1534809600,47.115,47.3,46.975,47.075,1793846.0
1534896000,47.0,47.01,46.66,46.695,2666418.0
1534982400,46.765,46.9725,46.66,46.75,3331172.0
1535068800,46.92,46.925,46.645,46.8,4567098.0
1535328000,47.045,47.395,46.97025,47.225,3671218.0
1535414400,47.395,47.44,47.025,47.31,3762132.0
1535500800,47.39,47.695,47.39,47.515,1750178.0
1535587200,47.5,47.5,47.075,47.19,1488354.0
1535673600,47.045,47.35,46.885,47.29,2172770.0
1536019200,47.325,47.325,46.93,47.265,2125142.0
1536105600,47.325,47.645,47.0,47.56,2242182.0
1536192000,47.56,47.8225,47.465,47.765,1933210.0
1536278400,47.71,47.91,47.485,47.675,2680008.0
1536537600,47.775,48.295,47.775,48.16,2898334.0
1536624000,48.0,48.39,47.9605,48.355,3082380.0
1536710400,48.275,48.405,47.82,47.82,3702084.0
1536796800,48.005,48.51,48.005,48.495,1720726.0
1536883200,48.5,48.78,48.2,48.415,2748992.0
1537142400,48.4,48.68,48.0,48.095,3066236.0
1537228800,48.18,48.2,47.605,47.685,1975772.0
1537315200,47.675,47.80995,47.355,47.685,1960700.0
1537401600,47.965,48.175,47.855,48.03,2353704.0
1537488000,48.0,48.365,47.595,47.68,5531476.0
1537747200,47.56,47.56,47.02,47.34,2990532.0
1537833600,47.175,47.2525,46.755,47.025,2621672.0
1537920000,47.0,47.17,46.755,46.8,2032936.0
1538006400,46.92,47.045,46.71,46.735,1714684.0
1538092800,46.645,47.105,46.55,47.01,2512954.0
1538352000,47.235,47.28,46.97,47.235,1899434.0
1538438400,47.01,47.47,46.94,46.98,1715250.0
1538524800,47.06,47.14,46.615,46.755,1812834.0
1538611200,46.58,46.63,45.295,45.8,2841952.0
1538697600,45.77,45.9,44.965,45.26,2644474.0
1538956800,45.16,45.21,44.28,44.65,2146268.0
1539043200,45.165,45.295,44.71,45.095,4160878.0
1539129600,44.825,44.825,43.14,43.2,3100154.0
1539216000,43.21,43.34,42.005,42.13,5217126.0
1539302400,42.785,43.0,42.06,42.515,3335314.0
1539561600,42.425,42.615,42.175,42.185,2249984.0
1539648000,42.475,43.195,42.3725,43.155,3737538.0
1539734400,42.8,43.065,42.42,42.915,3169582.0
1539820800,42.7,42.7,41.58,41.84,3459614.0
1539907200,41.905,42.195,41.44,41.485,3932404.0
1540166400,41.655,41.775,41.085,41.36,2498566.0
1540252800,40.55,41.72,40.435,41.36,5009972.0
1540339200,43.005,44.0,41.74005,41.785,9078460.0
1540425600,42.265,43.265,42.14,43.025,4807374.0
1540512000,42.28,43.615,42.075,42.56,5161674.0
1540771200,43.21,43.625,42.15,42.73,5297630.0
1540857600,42.89,44.355,42.7575,44.24,6425682.0
1540944000,44.665,45.18,44.4,44.75,7371666.0
1541030400,44.76,45.29,44.715,44.925,4305930.0
1541116800,45.165,45.47,44.77,45.2,5121656.0
1541376000,45.285,45.375,44.6246,45.0,3985570.0
1541462400,45.06,45.4075,45.06,45.25,3180974.0
1541548800,45.615,46.0,45.32,45.965,2190224.0
1541635200,45.75,46.195,45.75,46.115,1752336.0
1541721600,45.84,46.08,45.31,45.57,1903104.0
1541980800,45.41,45.7375,44.075,44.225,4149326.0
1542067200,44.4,44.715,43.785,43.915,2966702.0
1542153600,44.375,44.435,43.225,43.32,2311934.0
1542240000,43.26,44.145,43.17,43.89,3311122.0
1542326400,43.595,44.785,43.595,44.385,2735154.0
1542585600,44.19,44.305,42.895,43.08,3627814.0
1542672000,42.415,42.845,41.8475,42.085,3839412.0
1542758400,42.445,42.975,42.285,42.435,3326996.0
1542931200,42.06,42.71,42.035,42.49,1583638.0
1543190400,42.985,43.01,42.37,42.475,2855660.0
1543276800,42.185,42.375,41.915,42.245,2828274.0
1543363200,42.455,42.98,42.305,42.905,4254642.0
1543449600,42.95,43.74,42.82,43.505,2583326.0
1543536000,43.62,44.005,43.345,43.97,3486164.0
1543795200,44.7,44.99,44.33,44.89,2932870.0
1543881600,44.66,44.886,42.735,42.825,4848820.0
1544054400,41.795,42.15,40.925,41.96,6773492.0
1544140800,41.91,42.295,41.48,41.79,5895426.0
1544400000,41.775,42.75,41.59,42.62,4065666.0
1544486400,43.125,43.48,41.915,41.94,2823908.0
1544572800,42.535,42.905,42.185,42.35,3378206.0
1544659200,42.57,42.715,42.13,42.39,1720134.0
1544745600,41.965,42.24,41.505,41.62,1733614.0
1545004800,41.615,41.985,41.015,41.27,3400656.0
1545091200,41.59,41.83,40.515,40.74,3229508.0
1545177600,40.93,41.26,39.7,39.82,3787650.0
1545264000,39.79,40.06,38.865,38.95,3988216.0
1545350400,38.62,39.925,38.08,38.635,8275886.0
1545609600,38.3,38.645,37.825,37.825,1644310.0
1545782400,37.985,39.445,37.56,39.425,2617120.0
1545868800,38.825,40.21,38.65,40.21,2255858.0
1545955200,40.45,40.785,40.025,40.235,1694982.0
1546214400,40.38,40.53735,39.98,40.51,2108602.0
1546387200,39.84,40.14,39.615,39.895,2780764.0
1546473600,39.12,39.205,37.475,37.535,7362200.0
1546560000,38.16,38.895,38.0,38.77,6695366.0
1546819200,38.73,39.415,38.73,39.06,2362578.0
1546905600,39.335,39.58,38.895,39.57,3663684.0
1546992000,40.08,40.28625,39.76,40.24,2224166.0
1547078400,40.185,40.945,40.065,40.91,2369326.0
1547164800,40.605,40.765,40.42,40.75,1383974.0
1547424000,40.425,40.695,40.095,40.51,1850028.0
1547510400,40.675,40.865,40.435,40.555,1668328.0
1547596800,40.495,40.975,40.445,40.675,1742636.0
1547683200,40.48,41.09,40.415,40.915,1582014.0
1547769600,41.005,41.58,40.905,41.245,3726668.0
1548115200,40.895,41.095,40.375,40.585,3450408.0
1548201600,40.22,41.815,39.925,41.725,5629108.0
1548288000,41.91,42.665,41.46,42.61,4483944.0
1548374400,43.02,43.575,42.86,43.15,3632898.0
1548633600,42.79,42.9575,42.47,42.875,2415956.0
1548720000,43.175,43.36,42.915,43.035,2376672.0
1548806400,43.35,44.11,43.11,44.105,3172926.0
1548892800,43.98,44.1825,43.715,43.96,2596254.0
1548979200,43.995,44.42,43.735,44.0,2404892.0
1549238400,43.965,44.26,43.76,44.255,2336214.0
1549324800,44.35,44.91,44.315,44.91,2585436.0
1549411200,44.83,45.285,44.7775,44.905,2227038.0
1549497600,44.62,45.135,44.5,44.93,1854214.0
1549584000,44.595,45.135,44.595,45.135,1918500.0
1549843200,45.235,45.415,44.965,45.04,1658358.0
1549929600,45.265,45.885,45.145,45.79,2167436.0
1550016000,45.86,46.14,45.625,45.93,1595752.0
1550102400,45.82,45.84,45.54,45.575,2396890.0
1550188800,45.96,46.42,45.87,46.345,2455578.0
1550534400,46.215,46.4175,45.91,46.235,1872050.0
1550620800,46.325,46.885,46.275,46.74,2289960.0
1550707200,46.65,46.89,46.4975,46.665,2347824.0
1550793600,46.94,47.385,46.82,47.17,1896560.0
1551052800,47.39,47.69,47.3425,47.565,2257446.0
1551139200,47.365,47.655,46.995,47.105,2636358.0
1551225600,46.875,47.1525,46.6,47.1,1383382.0
1551312000,47.015,47.18,46.885,46.985,2088084.0
1551398400,47.33,47.6775,47.025,47.555,2095374.0
1551657600,47.705,47.77,46.8337,47.235,1674174.0
1551744000,47.47,47.645,47.265,47.385,1706906.0
1551830400,47.44,47.44,46.98,47.025,1270362.0
1551916800,46.92,46.94,46.28,46.69,1585500.0
1552003200,46.355,46.585,46.18,46.43,1873782.0
1552262400,46.55,47.1,46.525,46.985,1191960.0
1552348800,47.05,47.295,46.845,47.0,1253454.0
1552435200,47.25,47.6,47.035,47.22,1734398.0
1552521600,47.315,47.3575,47.0,47.16,2047358.0
1552608000,47.365,47.925,47.19005,47.71,3669796.0
1552867200,47.625,47.835,47.52,47.715,1634368.0
1552953600,47.815,48.115,47.685,47.855,2517478.0
1553040000,47.895,47.935,47.2175,47.605,2471908.0
1553126400,47.555,48.5,47.455,48.28,1494104.0
1553212800,47.9,48.075,47.245,47.27,1788436.0
1553472000,47.195,47.465,46.925,47.09,1384122.0
1553558400,47.51,47.515,47.015,47.25,1189972.0
1553644800,47.36,47.39915,46.605,46.86,2243514.0
1553731200,47.205,47.255,46.63,47.01,2093438.0
1553817600,47.335,47.38,47.0,47.22,2469640.0
1554076800,47.835,48.96,47.665,48.905,3568322.0
1554163200,49.0,49.94,49.0,49.88,4279782.0
1554249600,50.0,50.64,50.0,50.46,3542658.0
1554336000,50.46,51.27,50.395,50.855,2927822.0
1554422400,51.035,51.355,50.945,51.35,2015168.0
1554681600,51.265,51.405,50.84,51.395,1518756.0
1554768000,51.13,51.215,50.63,50.715,1597052.0
1554854400,50.795,50.945,50.59,50.935,1212704.0
1554940800,51.0,51.485,50.665,51.46,1373644.0
1555027200,51.51,51.92,51.51,51.895,1082590.0
1555286400,51.895,52.1,51.565,51.945,1737926.0
1555372800,52.05,52.26,51.695,51.79,2086400.0
1555459200,52.14,52.5,51.87,52.0,2223322.0
1555545600,52.105,52.335,51.97,52.285,1870288.0
1555891200,52.035,52.26,51.875,51.955,1483888.0
1555977600,52.04,52.755,51.95,52.69,2500648.0
1556064000,47.55,51.865,47.25,51.26,7156276.0
1556150400,51.155,51.155,49.975,50.315,3117468.0
1556236800,50.26,50.26,49.66,49.985,4024072.0
1556496000,49.985,50.235,49.4,49.46,3388404.0
1556582400,49.29,49.855,49.095,49.78,3448042.0
1556668800,50.26,50.375,49.75,49.96,3674856.0
1556755200,50.05,50.075,49.49,49.57,2100608.0
1556841600,49.885,50.1375,49.795,50.005,2276794.0
1557100800,48.925,49.44,48.255,49.195,4576664.0
1557187200,48.58,48.925,47.85505,48.135,5194568.0
1557273600,48.05,48.15,47.245,47.285,6851028.0
1557360000,46.75,47.41,46.4125,47.13,3407210.0
1557446400,46.865,47.555,46.385,47.36,3172374.0
1557705600,46.12,46.585,45.81,46.08,4197202.0
1557792000,46.265,46.6675,46.115,46.15,2579994.0
1557878400,45.86,46.79,45.82,46.625,2227982.0
1557964800,46.59,47.165,46.445,46.54,2832840.0
1558051200,46.015,46.21,45.715,45.81,5161032.0
1558310400,45.205,45.35,44.8125,44.855,2595254.0
1558396800,45.285,45.745,45.14,45.635,2133844.0
1558483200,45.585,45.715,45.27,45.29,1578910.0
1558569600,44.755,45.03,44.47,44.745,1941184.0
1558656000,44.98,45.1075,44.5,44.755,2960330.0
1559001600,45.015,45.325,44.18,44.375,3682596.0
1559088000,44.265,44.53,43.7025,43.805,4687394.0
1559174400,43.935,44.285,43.84,44.25,2582866.0
1559260800,43.87,44.065,43.42,43.5,3068274.0
1559520000,43.6,43.94,43.29,43.57,2652758.0
1559606400,44.165,44.87,43.855,44.785,4510290.0
1559692800,45.22,45.44,44.57,45.395,2035894.0
1559779200,45.64,46.145,45.255,45.965,2371308.0
1559865600,46.275,46.685,45.99,46.595,2185716.0
1560124800,46.86,47.605,46.86,47.075,2426902.0
1560211200,47.865,48.505,47.6,47.77,3197224.0
1560297600,47.69,47.98,47.085,47.73,2182228.0
1560384000,47.855,48.52,47.795,48.445,2820658.0
1560470400,47.77,48.09,46.555,47.15,3379812.0
1560729600,47.0,47.06,46.48,46.75,2536278.0
1560816000,46.695,47.215,46.535,47.05,5106772.0
1560902400,47.35,47.4275,46.995,47.215,2666844.0
1560988800,47.99,48.065,47.67,47.94,3018772.0
1561075200,47.99,48.06,47.505,47.755,4750840.0
1561334400,47.805,47.91,47.7675,47.81,1887410.0
1561420800,47.565,47.825,47.39,47.395,1699716.0
1561507200,47.775,47.865,47.555,47.715,2459674.0
1561593600,47.945,48.08,47.61,47.825,1790522.0
1561680000,48.0,48.1625,47.625,47.97,3946162.0
1561939200,48.815,49.17,48.525,48.935,2581694.0
1562025600,48.95,49.25,48.67,49.195,2004576.0
1562112000,49.47,49.62,48.9225,49.555,1365486.0
1562284800,49.07,49.2025,48.385,49.16,1484568.0
1562544000,48.865,48.99,48.6675,48.78,1776614.0
1562630400,48.48,48.86,48.355,48.79,2170138.0
1562716800,49.02,49.22,48.7,48.76,2268208.0
1562803200,48.665,49.015,48.235,48.45,1894024.0
1562889600,48.745,49.535,48.745,49.525,1568400.0
1563148800,49.54,49.655,49.045,49.505,1233676.0
1563235200,49.235,49.235,48.65,48.925,2629868.0
1563321600,48.985,49.0675,48.48,48.495,1902632.0
1563408000,48.49,48.52165,47.98525,48.23,4123756.0
1563494400,48.595,48.885,48.31,48.32,4051868.0
1563753600,48.435,48.8,48.34,48.575,2667680.0
1563840000,48.92,49.295,48.515,49.18,4698702.0
1563926400,47.22,47.85,45.835,46.19,8030946.0
1564012800,46.055,46.955,45.77,46.93,6913496.0
1564099200,46.955,47.71,46.855,47.64,3412088.0
1564358400,47.705,48.0225,47.39,47.945,3005642.0
1564444800,47.485,47.735,47.275,47.38,2387242.0
1564531200,47.51,47.575,46.455,46.66,2321402.0
1564617600,46.605,46.94,45.285,45.4,3069196.0
1564704000,45.065,45.065,44.3,44.545,4041200.0
1564963200,43.645,43.75,42.625,43.105,4112730.0
1565049600,43.54,43.835,43.155,43.635,3139758.0
1565136000,43.13,44.0355,42.845,43.89,2605004.0
1565222400,44.22,44.55,43.95,44.37,3507286.0
1565308800,44.23,44.25,43.395,43.455,2673966.0
1565568000,43.11,43.425,42.82,43.035,2933848.0
1565654400,42.865,44.675,42.805,44.005,3619700.0
1565740800,43.1,43.595,42.62,42.635,3668346.0
1565827200,42.71,42.825,41.89,42.195,3566918.0
1565913600,42.64,43.3914,42.425,43.305,2032948.0
1566172800,43.85,44.44,43.705,44.1,2776130.0
1566259200,44.005,44.005,43.34,43.37,2403724.0
1566345600,43.775,44.18,43.675,44.08,3200092.0
1566432000,44.325,44.41,43.59,43.925,2036162.0
1566518400,43.705,44.37,42.545,42.7,2771792.0
1566777600,43.085,43.155,42.425,42.63,2286206.0
1566864000,42.91,43.033,42.375,42.52,1508328.0
1566950400,42.33,42.885,42.04,42.595,1788478.0
1567036800,43.185,43.925,43.185,43.81,2295040.0
1567123200,44.155,44.27,43.615,43.77,1767286.0
1567468800,43.165,43.342,42.68,42.845,1963340.0
1567555200,43.365,43.665,43.245,43.35,1692776.0
1567641600,43.885,44.97,43.885,44.895,2399268.0
1567728000,45.0,45.12,44.41,44.66,2054154.0
1567987200,44.98,44.985,44.1675,44.485,2595668.0
1568073600,44.235,44.8325,43.88,44.8,2867152.0
1568160000,44.98,45.765,44.505,45.75,2249540.0
1568246400,45.985,47.095,45.56,46.975,4553440.0
1568332800,47.15,47.525,46.96,47.355,4263590.0
1568592000,47.22,47.975,47.11,47.525,3660974.0
1568678400,47.3,47.615,46.8183,47.54,2658506.0
1568764800,47.38,47.49,46.54,47.14,2925146.0
1568851200,47.165,47.715,47.035,47.12,1926192.0
1568937600,47.28,47.425,46.82,46.91,3129356.0
1569196800,46.59,47.0725,46.365,46.82,2338374.0
1569283200,47.04,47.29,46.46,46.915,3134176.0
1569369600,46.86,48.16,46.68,48.045,2860034.0
1569456000,48.05,48.455,47.81,48.2,2996508.0
1569542400,48.405,48.405,47.735,47.865,3174688.0
1569801600,48.25,48.335,47.905,48.25,1976300.0
1569888000,48.5,48.835,47.56,47.64,3280680.0
1569974400,47.22,47.3,46.4,46.695,2592686.0
1570060800,46.775,47.32,46.3,47.31,1779370.0
1570147200,47.28,48.09,47.28,48.07,1747364.0
1570406400,47.855,48.18,47.625,47.685,1972330.0
1570492800,47.285,47.285,46.4675,46.59,1834596.0
1570579200,47.2,47.75,46.87,47.475,2003954.0
1570665600,47.455,48.16,47.3613,47.755,1566044.0
1570752000,48.285,49.115,48.285,48.49,2665536.0
1571011200,48.445,48.68,48.32,48.455,2556648.0
1571097600,48.7,49.425,48.4225,49.21,2219000.0
1571184000,49.065,49.44,49.04,49.39,2504338.0
1571270400,49.5,49.745,49.245,49.32,1632088.0
1571356800,49.305,49.82,49.25,49.5,2637114.0
1571616000,49.85,50.26,49.69,50.205,2739418.0
1571702400,49.72,49.9875,49.48,49.545,2555814.0
1571788800,50.75,50.87,49.2,50.795,4067376.0
1571875200,51.0,51.12,50.64,50.895,2386642.0
1571961600,50.84,51.0,50.06,50.115,3750948.0
1572220800,50.285,50.91,50.14,50.595,2950858.0
1572307200,50.25,50.74,50.165,50.49,1765120.0
1572393600,50.25,50.485,49.635,50.41,2116540.0
1572480000,50.28,50.5675,49.735,50.165,1960138.0
1572566400,50.625,51.4,50.4125,51.39,2419646.0
1572825600,51.5,52.18,51.425,52.1,2193088.0
1572912000,52.135,52.42,51.73,52.205,3020976.0
1572998400,51.87,52.0325,51.135,51.445,2108970.0
1573084800,51.935,52.04,51.165,51.265,2063544.0
1573171200,51.135,51.425,50.935,51.35,1580382.0
1573430400,51.015,51.345,50.89,51.085,1220288.0
1573516800,51.08,51.365,50.595,50.755,1702016.0
1573603200,50.51,51.055,50.51,50.835,1770364.0
1573689600,50.77,50.795,50.395,50.55,1597278.0
1573776000,50.825,51.37,50.765,51.125,2064896.0
1574035200,51.185,51.435,50.92,51.225,2859256.0
1574121600,51.42,51.71,51.11,51.63,1628012.0
1574208000,51.21,51.505,50.79,51.11,2033294.0
1574294400,51.175,51.215,50.675,50.89,1731428.0
1574380800,51.11,51.165,50.61,50.87,1312928.0
1574640000,51.0,51.66,50.83,51.625,2356088.0
1574726400,51.725,51.725,51.2375,51.515,4633172.0
1574812800,51.5,51.925,51.42,51.885,1838670.0
1574985600,51.77,52.095,51.6,52.0,871826.0
1575244800,52.0,52.18,51.27,51.35,1903570.0
1575331200,50.84,50.925,50.225,50.89,2288988.0
1575417600,51.2,52.1,51.1875,51.495,1456226.0
1575504000,51.68,51.78,51.42,51.49,1943498.0
1575590400,51.92,52.195,51.86,52.015,1467802.0
1575849600,51.97,52.305,51.875,52.23,1594490.0
1575936000,52.5,52.705,52.1,52.56,2205922.0
1576022400,52.67,53.195,52.535,52.965,2189308.0
1576108800,52.905,54.115,52.73,54.01,2571794.0
1576195200,53.92,54.15,53.47,53.57,2237948.0
1576454400,54.25,54.6575,53.8325,53.895,1888294.0
1576540800,53.91,53.96,53.43,53.45,1862534.0
1576627200,53.585,53.585,53.0075,53.11,3096260.0
1576713600,53.16,53.535,53.09,53.525,1585350.0
1576800000,53.88,54.07,53.41,53.575,3796054.0
1577059200,53.805,53.975,53.345,53.63,1519762.0
1577145600,53.735,53.735,53.475,53.615,331382.0
1577318400,53.78,54.0,53.475,53.995,846008.0
1577404800,54.195,54.3,53.86,54.03,1399182.0
1577664000,54.12,54.305,53.715,54.14,1183038.0
1577750400,53.935,54.1943,53.75,54.115,1586868.0
1577923200,54.2,54.615,53.89,54.615,2343062.0
1578009600,53.8,54.15,53.72,54.045,1397820.0
1578268800,53.64,53.78,53.34,53.765,2196418.0
1578355200,54.01,54.2675,53.79,54.055,1668498.0
1578441600,54.0,54.47,53.695,54.185,1615832.0
1578528000,54.5,54.71,54.24,54.375,2376814.0
1578614400,54.415,54.49,54.015,54.16,1512192.0
1578873600,54.235,54.57,54.165,54.555,1442564.0
1578960000,54.445,55.12,54.375,54.75,2055024.0
1579046400,54.965,55.0,54.09,54.355,1399002.0
1579132800,54.685,54.895,54.41,54.895,1181536.0
1579219200,54.56,55.03,54.0,54.725,2550676.0
1579564800,54.375,54.87165,54.055,54.13,3428130.0
1579651200,53.58,54.565,52.555,53.315,5750794.0
1579737600,52.895,53.22,52.165,53.17,3510080.0
1579824000,53.53,53.74,52.45,52.68,2284760.0
1580083200,51.69,51.945,51.3,51.315,3466840.0
1580169600,51.77,52.185,51.575,51.705,3150592.0
1580256000,52.01,52.69,51.655,51.71,2087872.0
1580342400,51.17,51.63,50.455,50.935,2474656.0
1580428800,50.695,50.885,49.475,49.735,3107450.0
1580688000,50.11,50.515,49.87,49.975,2971256.0
1580774400,50.925,51.955,50.855,51.92,3097790.0
1580860800,52.83,52.83,52.03,52.315,2005044.0
1580947200,52.435,52.435,51.785,51.98,1409818.0
1581033600,51.615,51.755,51.225,51.68,2788980.0
1581292800,51.305,51.585,51.235,51.4,3578524.0
1581379200,51.58,52.1,51.295,51.31,2750562.0
1581465600,51.825,52.015,51.555,51.775,1987190.0
1581552000,51.37,52.32,51.285,52.185,1924038.0
1581638400,52.19,52.3431,51.81,52.035,1368170.0
1581984000,51.64,51.705,50.5,50.695,2979584.0
1582070400,51.0,51.725,50.895,51.555,2109442.0
1582156800,51.39,51.9225,51.26,51.855,2390730.0
1582243200,51.45,51.695,50.585,50.875,2369038.0
1582502400,49.0,49.75,48.025,48.835,4392166.0
1582588800,49.215,49.525,47.6,47.735,5057244.0
1582675200,48.185,49.015,47.695,47.835,4919540.0
1582761600,46.765,47.8,46.28,46.29,4252154.0
1582848000,45.225,46.215,44.595,45.84,5989526.0
1583107200,46.205,47.475,45.305,47.465,5079670.0
1583193600,47.31,48.82,46.36,46.485,3626484.0
1583280000,47.265,48.53,46.835,48.5,2529960.0
1583366400,47.18,47.77,46.375,46.71,3362034.0
1583452800,45.11,46.485,45.04,46.28,3171508.0
1583712000,43.335,49.05,42.5,42.765,4654216.0
1583798400,44.17,45.255,42.3,45.245,5789316.0
1583884800,43.77,43.935,41.185,42.135,4916568.0
1583971200,39.42,41.155,37.555,37.56,7278496.0
1584057600,39.61,40.43,36.72125,39.8,8463842.0
1584316800,34.94,36.92,32.05,34.17,7034652.0
1584403200,34.805,36.57,33.375,35.665,5788924.0
1584489600,32.78,34.225,31.525,34.205,5912206.0
1584576000,33.655,34.75,32.16,34.38,6141826.0
1584662400,34.4,36.345,34.305,35.02,6267958.0
1584921600,34.47,35.94,32.5,34.5,7425200.0
1585008000,36.24,37.495,35.805,37.075,5871622.0
1585094400,37.22,38.98,36.0025,37.46,5200870.0
1585180800,37.49,40.05,37.255,39.585,5165070.0
1585267200,37.99,38.66,37.025,37.135,3811822.0
1585526400,37.28,38.095,36.785,37.915,5402900.0
1585612800,37.935,38.005,36.195,36.44,4667450.0
1585699200,35.075,36.01,34.6975,34.76,5700866.0
1585785600,34.835,35.2625,33.73,34.38,8609632.0
1585872000,34.19,34.68,33.795,34.21,4222520.0
1586131200,36.09,37.885,35.73,37.67,7581426.0
1586217600,39.535,39.86,37.77,37.855,4974804.0
1586304000,38.13,40.04,38.005,39.81,4419492.0
1586390400,40.145,41.56,40.13975,40.955,3571076.0
1586736000,40.18,40.7855,39.9525,40.33,3222306.0
1586822400,40.98,41.81,40.635,41.235,4733268.0
1586908800,40.185,40.65,39.68035,40.185,4328324.0
1586995200,40.19,40.585,39.795,40.43,3092064.0
1587081600,41.33,42.435,41.305,42.11,4437042.0
1587340800,40.665,41.45,40.34,40.625,3665160.0
1587427200,40.01,40.385,38.1375,38.46,8209396.0
1587513600,39.33,41.25,38.655,40.835,6698180.0
1587600000,41.915,43.075,41.307,41.99,5800842.0
1587686400,42.21,43.265,42.125,43.085,2834642.0
1587945600,43.315,44.065,43.315,43.765,2834026.0
1588032000,44.9,45.285,43.98,44.17,3374336.0
1588118400,45.0,46.37,44.88,46.08,2816414.0
1588204800,45.465,45.61,44.1025,44.13,3848908.0
1588291200,43.095,43.33,42.155,42.75,3238040.0
1588550400,42.345,42.4925,41.61,41.96,3367072.0
1588636800,42.48,43.595,42.48,43.125,1993196.0
1588723200,43.44,43.7275,42.875,43.04,2092108.0
1588809600,43.7,44.265,43.47,43.62,2103262.0
1588896000,44.39,44.785,44.215,44.78,2147480.0
1589155200,44.205,44.205,43.52,43.55,2270734.0
1589241600,43.795,43.99,42.1,42.135,2524404.0
1589328000,42.16,42.2,40.2625,40.91,2962686.0
1589414400,40.23,41.655,40.08,41.64,3302600.0
1589500800,41.255,41.6675,40.675,41.155,3250358.0
1589760000,42.42,44.48,42.39,44.22,3089724.0
1589846400,44.045,45.215,43.975,44.56,2225416.0
1589932800,45.29,46.025,45.1825,45.48,2037674.0
1590019200,45.34,45.62,44.885,45.105,2939478.0
1590105600,45.065,45.45,44.6,45.4,3184122.0
1590451200,46.575,47.24,46.475,46.995,4110418.0
1590537600,47.5,48.015,47.15,47.765,3320710.0
1590624000,48.175,48.285,47.42,47.675,2877230.0
1590710400,47.525,48.39,47.05,48.28,4123282.0
1590969600,48.115,49.165,47.965,48.865,2753590.0
1591056000,49.095,49.61,48.525,49.47,3808634.0
1591142400,50.0,51.67,49.755,51.595,3968602.0
1591228800,51.0,51.68995,50.48,50.785,4249966.0
1591315200,52.08,54.18,52.08,53.5,7194540.0
1591574400,53.38,53.595,51.97,52.04,5319890.0
1591660800,51.275,51.555,50.7,50.86,3039798.0
1591747200,51.25,51.25,49.835,50.17,2215046.0
1591833600,48.88,49.11375,47.245,47.255,3431524.0
1591920000,48.735,48.875,46.625,47.505,2926198.0
1592179200,46.6,48.265,45.905,48.24,2539754.0
1592265600,49.685,50.39,48.47,49.285,2614636.0
1592352000,49.595,49.8325,48.81,49.235,2196254.0
1592438400,48.865,49.425,48.65,48.98,1629110.0
1592524800,50.46,50.46,48.435,48.515,4801938.0
1592784000,48.42,48.985,47.94,48.78,1922656.0
1592870400,49.485,49.8,48.575,48.575,2155406.0
1592956800,48.245,48.4,46.845,47.305,3444848.0
1593043200,47.1,47.63,46.295,47.6,1804892.0
1593129600,47.5,47.58,46.5,46.985,6133226.0
1593388800,47.545,47.86,47.145,47.615,2513810.0
1593475200,47.605,48.245,47.535,47.905,4223544.0
1593561600,48.075,48.425,47.31,47.54,2931042.0
1593648000,48.375,48.67,47.6525,47.935,2541584.0
1593993600,48.765,49.195,48.505,49.07,2077146.0
1594080000,48.585,48.987,48.045,48.11,1839284.0
1594166400,48.095,48.25,47.1625,47.525,2992730.0
1594252800,47.395,47.705,46.81,47.245,3387250.0
1594339200,47.325,47.66,46.76,47.465,2313278.0
1594598400,47.935,48.10335,47.09,47.23,3772766.0
1594684800,47.265,48.735,47.08,48.7,3962542.0
1594771200,49.145,50.39,49.145,50.22,4723642.0
1594857600,50.225,50.66,50.1275,50.455,2234466.0
1594944000,50.76,51.275,50.555,51.01,2472774.0
1595203200,50.855,51.0025,50.295,50.74,2909142.0
1595289600,51.06,51.59,50.935,51.05,2507622.0
1595376000,52.0,53.155,50.97135,51.635,3837170.0
1595462400,52.23,52.99,51.915,52.8,4446340.0
1595548800,52.575,52.785,51.88,52.195,2935570.0
1595808000,52.21,53.215,52.01,53.085,2459008.0
1595894400,52.965,53.07,52.01,52.105,2376138.0
1595980800,52.26,53.095,52.045,52.915,2727904.0
1596067200,52.35,52.715,52.06,52.585,2380738.0
1596153600,52.485,52.945,52.02,52.88,2362874.0
1596412800,52.98,53.87,52.98,53.695,2219096.0
1596499200,53.565,54.27,53.5,54.21,2202090.0
1596585600,54.365,54.75,54.045,54.325,1618322.0
1596672000,54.09,54.415,53.935,54.175,1550246.0
1596758400,53.985,54.22,53.57,53.98,2178732.0
1597017600,53.845,54.47,53.805,54.06,4535814.0
1597104000,54.355,55.0,54.28,54.405,3328002.0
1597190400,54.63,55.1875,54.22005,54.895,2711162.0
1597276800,54.675,55.7,54.405,55.285,2069890.0
1597363200,55.035,55.15,54.72,54.89,1594394.0
1597622400,55.095,55.395,54.9,54.945,1677792.0
1597708800,54.83,54.93,54.505,54.575,1664366.0
1597795200,54.75,54.98,54.46,54.57,1169272.0
1597881600,54.14,54.25,53.545,53.65,1776514.0
1597968000,53.65,54.3,53.555,54.12,1926438.0
1598227200,52.495,54.635,52.1,54.375,1655298.0
1598313600,54.57,55.095,54.26,54.455,2147000.0
1598400000,54.48,54.785,54.255,54.525,1875094.0
1598486400,55.025,55.025,53.95,54.05,1626594.0
1598572800,54.095,54.975,53.865,54.89,2152612.0
1598832000,54.82,55.15,54.675,54.9,2207804.0
1598918400,55.0,55.515,54.705,55.395,2508446.0
1599004800,55.745,56.625,55.385,56.48,2726064.0
1599091200,56.33,56.335,53.83,54.235,2518398.0
1599177600,54.735,54.815,53.255,54.225,2605914.0
1599523200,53.335,53.785,52.475,52.53,3394772.0
1599609600,53.25,53.895,52.9275,53.39,5238476.0
1599696000,53.745,53.985,52.025,52.265,2732418.0
1599782400,52.685,53.065,51.935,52.145,3418782.0
1600041600,52.695,53.52,52.625,53.39,2506642.0
1600128000,53.735,54.6525,53.65,54.165,1802848.0
1600214400,55.0,55.13,54.44,54.54,2708620.0
1600300800,54.055,55.2225,53.92,54.94,3991350.0
1600387200,54.87,55.38,54.115,54.435,4142572.0
1600646400,53.605,53.84,51.455,51.745,3167634.0
1600732800,51.895,52.425,50.845,52.31,3259312.0
1600819200,52.255,52.625,51.4,51.645,3046012.0
1600905600,51.355,52.8,51.21,52.095,2676956.0
1600992000,51.82,53.065,51.585,52.83,2242946.0
1601251200,53.765,54.47,53.5,54.09,2410472.0
1601337600,54.355,54.64,53.805,54.315,3036824.0
1601424000,54.52,54.895,53.7953,54.135,3697188.0
1601510400,54.96,55.0,54.4725,54.895,2059144.0
1601596800,53.815,55.355,53.49,54.68,2418656.0
1601856000,55.13,56.315,55.13,55.765,2948276.0
1601942400,55.645,56.38,55.02,55.07,2351342.0
1602028800,55.615,56.78,55.615,56.515,1718032.0
1602115200,56.765,57.275,56.585,56.75,1407120.0
1602201600,57.265,57.6275,56.56,56.745,2419524.0
1602460800,57.1,58.05,56.87,57.38,3918950.0
1602547200,57.085,57.22,56.3475,56.49,3069474.0
1602633600,56.885,57.325,56.3775,56.74,2125810.0
1602720000,56.105,57.21,55.815,57.18,2724372.0
1602806400,57.5,57.985,57.4075,57.58,5945244.0
1603065600,57.565,57.92,56.285,56.55,3123530.0
1603152000,57.31,58.09,56.7525,57.3,2759082.0
1603238400,57.43,59.54,56.855,57.47,4336456.0
1603324800,57.56,59.675,57.3675,59.255,3294878.0
1603411200,59.7,59.885,58.945,59.875,3063228.0
1603670400,59.02,59.165,57.295,58.225,2216218.0
1603756800,58.18,58.69,57.255,57.525,2517716.0
1603843200,56.595,56.885,55.58,55.755,2315438.0
1603929600,55.73,57.27,55.33,56.585,2769948.0
1604016000,56.335,56.45,55.505,56.42,2218416.0
1604275200,57.155,57.735,56.775,57.535,3006898.0
1604361600,58.335,59.425,58.205,58.25,2945264.0
1604448000,58.31,58.92,57.41,57.96,4413226.0
1604534400,59.195,60.2,58.955,59.73,3396112.0
1604620800,59.835,60.31,59.56,60.17,1663928.0
1604880000,62.75,64.27,60.71,60.795,3913310.0
1604966400,60.5,61.46,60.255,60.925,4036480.0
1605052800,61.595,62.7,61.395,62.14,4282522.0
1605139200,61.725,61.945,59.8175,60.105,3223224.0
1605225600,60.68,61.875,60.515,61.7,2626316.0
1605484800,60.73,63.15,60.675,63.14,3258774.0
1605571200,62.525,64.21,62.5,63.53,3056508.0
1605657600,63.7,63.715,62.7725,62.9,2819846.0
1605744000,62.505,63.815,62.405,63.6,1832908.0
1605830400,63.68,64.215,63.56,63.695,3069550.0
1606089600,64.175,64.8,63.765,64.035,2223212.0
1606176000,64.71,65.7425,64.2725,65.625,2577034.0
1606262400,65.255,65.575,64.935,65.415,1739130.0
1606435200,65.86,66.225,65.54,65.975,1053864.0
1606694400,65.57,66.0625,65.01,65.405,3632200.0
1606780800,66.325,66.775,65.735,65.805,3764020.0
1606867200,65.77,65.89,65.0925,65.545,2918022.0
1606953600,65.375,66.115,65.315,65.85,2697898.0
1607040000,66.27,67.26,66.2,66.455,2836178.0
1607299200,66.55,66.955,65.9075,66.215,3254282.0
1607385600,65.59,66.7175,65.57,66.62,2740276.0
1607472000,67.0,67.84,66.5875,66.81,2810350.0
1607558400,66.435,66.825,65.63,65.705,2524522.0
1607644800,65.235,65.8225,64.965,65.505,2544458.0
1607904000,66.06,66.48,65.0375,65.15,2149874.0
1607990400,65.6,65.95,65.0425,65.775,2549530.0
1608076800,65.685,65.81,64.79,65.43,2137612.0
1608163200,65.945,66.4925,65.7775,66.085,2143728.0
1608249600,66.09,66.2125,64.915,65.325,4729382.0
1608508800,64.225,64.94,63.6325,64.68,3400612.0
1608595200,64.745,64.745,64.11,64.435,1716094.0
1608681600,64.845,65.11,64.335,64.38,1939606.0
1608768000,64.535,64.69,64.13,64.585,674628.0
1609113600,65.07,65.405,64.71,64.92,1283424.0
1609200000,65.145,65.15,64.01,64.22,1734872.0
1609286400,64.645,65.1933,64.47,64.92,1465158.0
1609372800,64.93,65.49,64.68,65.385,1775364.0
1609718400,65.46,66.015,63.89,64.26,2056452.0
1609804800,64.42,65.7,64.1775,65.37,2711864.0
1609891200,65.545,67.405,65.545,66.995,2220700.0
1609977600,67.5,68.225,67.0,67.955,1827406.0
1610064000,68.25,68.59,66.96,67.68,1935590.0
1610323200,66.635,67.9475,66.35,67.84,1629790.0
1610409600,67.875,68.105,67.23,67.47,1484916.0
1610496000,67.36,67.53,66.87,67.23,1620784.0
1610582400,67.5,67.63,66.83,66.92,1606936.0
1610668800,66.58,66.785,65.46,65.87,2743946.0
1611014400,66.665,66.8,65.665,66.175,2153356.0
1611100800,66.9,67.18,66.5,66.975,1680612.0
1611187200,67.17,67.915,66.475,66.55,2080150.0
1611273600,66.16,66.335,65.785,66.12,3108970.0
1611532800,66.28,66.565,65.2,66.41,3595264.0
1611619200,66.715,66.8825,64.875,65.01,3204938.0
1611705600,63.39,64.0,61.265,62.785,6669234.0
1611792000,63.765,63.99,62.49,63.425,4498808.0
1611878400,63.3,63.5,62.395,62.44,4313434.0
1612137600,63.0,63.925,62.055,62.815,4831348.0
1612224000,63.715,64.25,63.285,63.49,2300052.0
1612310400,63.495,64.0,63.2325,63.24,2573908.0
1612396800,63.16,64.34,62.975,64.185,1562532.0
1612483200,64.885,65.035,64.345,64.75,2114528.0
1612742400,65.13,66.195,65.095,66.15,2045512.0
1612828800,65.945,66.655,65.805,66.105,1730614.0
1612915200,66.5,66.71,65.56,65.66,1922062.0
1613001600,66.125,66.33,65.08,66.295,2153258.0
1613088000,65.98,68.015,65.98,67.95,2825550.0
1613433600,68.465,69.1,67.7,67.87,2724386.0
1613520000,67.58,67.69,66.655,66.985,1665648.0
1613606400,66.225,66.475,65.245,65.37,3758940.0
1613692800,65.665,66.79,65.62,66.215,5083372.0
1613952000,65.59,66.29,64.955,64.995,2457328.0
1614038400,64.67,64.67,62.7025,63.695,5368022.0
1614124800,63.43,65.1075,63.4175,64.775,3291954.0
1614211200,64.54,64.62,62.34,62.605,3004004.0
1614297600,63.12,63.405,62.2625,62.84,3762056.0
1614556800,63.69,65.11,63.665,64.98,2676204.0
1614643200,65.055,65.495,64.43,64.515,2721678.0
1614729600,64.095,64.335,62.825,62.85,3271002.0
1614816000,62.645,62.74,59.62,60.04,4756106.0
1614902400,61.28,61.89,58.58,61.56,3589830.0
1615161600,61.59,62.56,60.67,61.34,3243730.0
1615248000,62.23,62.93,62.06,62.2,2440077.0
1615334400,62.32,63.02,62.05,62.09,3171375.0
1615420800,63.11,64.05,62.71,63.92,3567651.0
1615507200,63.47,64.19,63.38,64.09,2156958.0
1615766400,64.09,65.91,64.09,65.85,2514812.0
1615852800,66.22,66.72,64.88,65.31,2918660.0
1615939200,64.93,65.545,64.66,65.27,2083574.0
1616025600,64.82,66.04,64.74,65.0,2389158.0
1616112000,64.65,65.04,63.77,64.3,3271338.0
1616371200,64.26,65.065,63.85,64.71,2344506.0
1616457600,64.2,64.93,62.54,62.93,3137857.0
1616544000,63.21,64.44,63.07,63.65,2051518.0
1616630400,63.23,64.63,62.83,64.5,2537089.0
1616716800,64.94,66.6,64.67,66.49,2405755.0
1616976000,66.34,66.83,65.54,66.21,2013634.0
1617062400,66.08,66.42,65.14,65.59,2586975.0
1617148800,65.56,66.54,65.39,65.97,2991823.0
1617235200,66.74,67.17,65.54,67.05,2722595.0
1617580800,67.88,68.92,67.51,68.82,1790642.0
1617667200,68.48,68.6,67.85,68.28,2149282.0
1617753600,68.26,68.63,67.22,67.29,4129596.0
1617840000,67.71,68.07,66.92,68.06,3017261.0
1617926400,68.12,68.51,67.53,68.46,2147504.0
1618185600,67.78,68.59,67.54,67.72,3052963.0
1618272000,67.75,67.96,67.08,67.83,3618950.0
1618358400,68.02,68.45,67.56,67.71,2899052.0
1618444800,68.14,68.775,68.06,68.52,2101124.0
1618531200,68.84,68.98,68.33,68.48,6099308.0
1618790400,68.43,68.61,67.14,67.51,2771244.0
1618876800,67.23,67.62,66.56,66.79,1531736.0
1618963200,66.79,67.95,66.66,67.73,3146445.0
1619049600,67.98,68.425,67.44,67.6,3344510.0
1619136000,68.0,68.97,67.76,68.8,3555397.0
1619395200,68.94,69.62,68.81,68.98,2452493.0
1619481600,68.94,69.29,67.77,68.26,3146118.0
1619568000,67.53,68.43,66.91,67.52,4943284.0
1619654400,68.35,69.05,67.97,68.64,2901087.0
1619740800,67.86,68.18,66.87,67.34,3716748.0
1620000000,68.17,68.31,66.11,66.25,3386045.0
1620086400,65.9,66.24,65.08,66.07,4635558.0
1620172800,66.7,67.49,66.82,66.9,2113890.0
1620259200,66.68,67.18,65.8,66.95,2638467.0
1620345600,67.17,68.345,66.99,68.11,2106414.0
1620604800,68.12,68.33,67.06,67.06,2825479.0
1620691200,65.68,66.44,65.19,66.31,2660854.0
1620777600,65.61,65.85,64.13,64.17,2549668.0
1620864000,64.59,65.73,64.34,65.3,1993713.0
1620950400,65.82,66.69,65.48,66.36,1586691.0
1621209600,66.03,66.58,65.73,66.5,1640801.0
1621296000,66.57,66.73,65.67,65.7,2203505.0
1621382400,64.83,66.02,64.515,65.94,2314953.0
1621468800,66.31,66.81,65.99,66.59,1782420.0
1621555200,66.9,67.33,66.0,66.35,3645114.0
1621814400,66.89,67.25,66.6,67.07,1607824.0
1621900800,67.34,67.57,66.87,66.96,1632153.0
1621987200,66.83,67.29,66.74,67.1,1483284.0
1622073600,67.46,67.69,67.13,67.19,2469398.0
1622160000,67.54,67.7,67.0,67.26,1963202.0
1622505600,67.8,68.23,67.54,67.59,2049308.0
1622592000,67.69,68.24,67.305,67.76,2429080.0
1622678400,67.33,68.24,66.93,68.04,2173048.0
1622764800,68.49,69.205,68.24,69.16,1702364.0
1623024000,69.16,69.33,67.9,68.19,1680547.0
1623110400,68.54,68.64,67.92,68.17,1250820.0
1623196800,68.39,68.4,67.91,68.14,1687542.0
1623283200,68.53,68.73,67.84,68.27,1829896.0
1623369600,68.5,68.69,67.99,68.45,3410245.0
1623628800,68.34,68.44,67.69,68.31,1653407.0
1623715200,68.21,68.65,68.19,68.43,1796922.0
1623801600,68.46,68.885,67.84,68.22,2690475.0
1623888000,68.14,68.37,66.86,67.39,2812294.0
1623974400,66.67,66.86,65.84,66.28,4415732.0
1624233600,66.5,67.24,66.24,67.03,2344829.0
1624320000,66.96,67.74,66.66,67.53,3079265.0
1624406400,67.61,67.98,67.26,67.43,2312252.0
1624492800,67.93,68.21,67.515,68.04,1761867.0
1624579200,68.26,68.43,67.84,67.93,3604025.0
1624838400,68.28,68.465,67.67,68.4,2059728.0
1624924800,68.65,69.04,68.445,68.5,2157346.0
1625011200,68.36,68.78,68.08,68.41,2735497.0
1625097600,68.47,68.97,68.15,68.96,2388174.0
1625184000,69.43,70.31,69.39,69.95,3063972.0
1625529600,70.0,70.1,68.5675,69.31,2321662.0
1625616000,69.41,69.9,68.77,69.84,1907029.0
1625702400,68.8,69.27,68.15,69.1,1982641.0
1625788800,69.7,70.39,69.19,70.31,2355288.0
1626048000,70.45,70.775,70.05,70.37,2944020.0
1626134400,69.97,70.59,69.86,69.93,2800217.0
1626220800,70.59,71.05,69.61,69.85,2809646.0
1626307200,69.46,69.73,68.7475,69.09,3395174.0
1626393600,69.37,69.67,67.89,68.03,6456277.0
1626652800,66.91,67.71,66.75,67.39,3663738.0
1626739200,67.79,68.93,67.49,68.61,2238375.0
1626825600,68.91,70.21,68.9,70.15,3462836.0
1626912000,70.34,70.63,69.63,70.03,2458677.0
1626998400,70.67,71.01,70.29,71.0,2096602.0
1627257600,70.83,71.12,70.44,70.74,2371805.0
1627344000,70.38,70.64,69.78,70.39,2816061.0
1627430400,70.65,71.7,70.41,70.77,4609915.0
1627516800,71.42,72.3,71.34,71.96,3539490.0
1627603200,71.65,72.61,71.565,72.49,2475049.0
1627862400,72.85,73.09,72.345,72.68,3237607.0
1627948800,72.96,73.99,72.87,73.83,3518796.0
1628035200,73.8,74.06,73.19,73.55,2179335.0
1628121600,73.78,73.96,73.2442,73.68,1899742.0
1628208000,73.74,73.85,73.41,73.63,1529255.0
1628467200,73.35,73.72,73.12,73.43,1480081.0
1628553600,73.5,73.78,73.17,73.63,1341563.0
1628640000,73.48,73.77,73.31,73.72,1313340.0
1628726400,73.69,73.98,73.43,73.91,1820611.0
1628812800,73.83,74.115,73.66,73.99,1173688.0
1629072000,73.89,74.52,73.57,74.5,1561016.0
1629158400,74.24,74.24,73.37,74.11,2087547.0
1629244800,73.93,74.64,73.75,73.91,2351880.0
1629331200,73.35,74.2631,73.04,74.12,2122746.0
1629417600,74.14,74.56,73.99,74.47,3682538.0
1629676800,74.8,75.4,74.49,75.26,1966634.0
1629763200,75.39,75.82,75.2625,75.34,2483146.0
1629849600,75.29,75.9,75.24,75.78,1492780.0
1629936000,75.89,76.03,75.4,75.62,1560000.0
1630022400,75.93,77.0,75.9,76.75,2225526.0
1630281600,76.92,77.25,76.55,76.93,1268221.0
1630368000,77.05,77.05,76.12,76.63,2130387.0
1630454400,76.67,76.75,76.13,76.34,1983654.0
1630540800,76.67,76.88,76.28,76.84,1659371.0
1630627200,76.65,77.085,76.56,77.04,1328023.0
1630972800,76.83,76.96,75.94,75.98,1874433.0
1631059200,75.85,75.975,74.98,75.56,1921094.0
1631145600,75.51,76.04,75.2,75.22,2124851.0
1631232000,75.67,76.38,75.32,75.36,1883465.0
1631491200,75.89,76.12,75.155,75.92,3115238.0
1631577600,76.2,76.2,75.26,75.73,2036370.0
1631664000,75.56,76.48,75.56,76.41,2024046.0
1631750400,76.25,76.81,75.81,76.47,2038567.0
1631836800,76.12,76.42,75.41,75.72,4814175.0
1632096000,74.49,74.74,73.58,74.2,2900927.0
1632182400,74.7,74.7,73.35,73.87,2101164.0
1632268800,74.57,76.31,74.47,75.56,2617037.0
1632355200,75.97,77.22,75.84,77.04,1956679.0
1632441600,76.61,77.68,76.61,77.49,1538466.0
1632700800,77.16,77.69,76.85,77.27,2048741.0
1632787200,76.49,77.33,75.57,75.64,4154873.0
1632873600,75.9,76.17,74.42,74.54,4376771.0
1632960000,74.74,75.24,73.2,73.23,3439945.0
1633046400,73.65,75.01,73.03,74.61,2745241.0
1633305600,74.17,74.54,73.17,73.54,2149804.0
1633392000,73.94,75.045,73.61,74.59,1955135.0
1633478400,73.73,74.58,73.17,74.53,1794046.0
1633564800,75.27,76.05,75.27,75.6,1226809.0
1633651200,75.77,76.02,75.38,75.74,1340529.0
1633910400,75.48,75.96,75.05,75.07,1375399.0
1633996800,75.19,75.44,73.85,74.0,1615806.0
1634083200,74.02,74.56,73.43,74.43,2397750.0
1634169600,75.14,76.45,74.92,76.43,1652447.0
1634256000,76.83,77.13,76.51,77.07,2050017.0
1634515200,76.62,77.76,76.19,77.48,1531131.0
1634601600,78.0,78.1,77.34,77.83,1295103.0
1634688000,77.95,78.58,77.78,78.35,1454884.0
1634774400,78.36,79.725,78.36,79.49,2227278.0
1634860800,79.5,80.12,79.05,79.3,1403406.0
1635120000,79.42,79.6,78.725,79.12,1580952.0
1635206400,79.22,79.37,78.72,78.76,1979030.0
1635292800,77.2,77.91,75.61,75.77,3059940.0
1635379200,76.29,76.82,75.34,76.63,3372408.0
1635465600,76.3,77.25,76.2,76.77,1853921.0
1635724800,76.92,77.66,76.595,76.96,1949643.0
1635811200,76.92,78.7,76.92,77.84,2181518.0
1635897600,77.58,78.51,76.96,78.37,1342744.0
1635984000,78.72,79.13,78.15,79.12,1483615.0
1636070400,80.0,81.53,79.765,81.44,2243624.0
1636329600,82.0,82.34,81.24,81.65,2215240.0
1636416000,81.76,82.315,81.4,82.29,1690531.0
1636502400,81.75,82.56,81.6,82.29,2005936.0
1636588800,82.44,83.18,81.92,82.82,1935498.0
1636675200,83.16,84.39,82.61,84.02,1743317.0
1636934400,84.05,85.0,83.57,84.96,2600643.0
1637020800,84.71,85.62,84.57,85.04,3205369.0
1637107200,84.93,85.2514,84.44,84.9,1882171.0
1637193600,85.06,85.37,83.96,84.76,1464371.0
1637280000,84.9,85.78,84.55,85.14,1653968.0
1637539200,85.43,86.05,84.19,84.26,1800809.0
1637625600,84.48,84.86,83.75,84.8,1809925.0
1637712000,84.42,84.8,83.645,84.3,2013912.0
1637884800,82.58,82.86,81.08,81.62,2225628.0
1638144000,82.42,83.68,82.34,82.93,2213723.0
1638230400,81.57,82.67,80.37,80.58,3987245.0
1638316800,82.18,82.92,79.95,79.99,2891401.0
1638403200,80.1,82.07,80.02,81.46,1965564.0
1638489600,82.12,82.85,80.98,81.67,2886442.0
1638748800,82.55,83.19,81.7001,82.75,2117293.0
1638835200,83.85,84.26,83.36,83.85,1904673.0
1638921600,84.22,84.3,83.16,83.54,1333812.0
1639008000,82.99,83.55,82.98,83.11,1321347.0
1639094400,83.68,84.36,83.36,84.27,1955024.0
1639353600,84.25,84.34,82.851,83.6,2219347.0
1639440000,83.27,83.4,81.85,82.47,1482397.0
1639526400,82.71,84.43,82.17,84.37,2076823.0
1639612800,84.69,84.86,83.2,83.55,2513088.0
1639699200,83.22,84.08,82.16,82.48,3534368.0
1639958400,81.16,81.64,80.07,81.14,1444774.0
1640044800,81.96,83.1,81.69,83.06,1279739.0
1640131200,82.96,84.07,82.74,83.99,1703049.0
1640217600,84.33,85.65,84.27,85.06,1365320.0
1640563200,85.29,86.94,85.29,86.93,969949.0
1640649600,87.0,87.375,86.56,87.12,1130691.0
1640736000,86.92,88.329,86.82,87.94,1188746.0
1640822400,88.08,88.4499,86.891,87.02,834447.0
1640908800,86.97,87.86,86.94,87.46,1213900.0
