1483401600,32.02,32.59,31.66,31.87,6719839.0
1483488000,32.11,33.04,32.04,33.04,5479475.0
1483574400,33.04,33.4,32.32,33.05,5949647.0
1483660800,33.07,33.5,33.02,33.47,2840150.0
1483920000,33.47,33.95,33.07,33.77,4523247.0
1484006400,33.41,33.78,32.4,32.73,6816358.0
1484092800,32.87,34.24,32.8646,34.19,6499962.0
1484179200,33.93,34.57,33.4101,34.51,5902033.0
1484265600,34.37,34.7,33.34,33.98,4144901.0
1484611200,34.23,34.26,32.86,32.89,4777844.0
1484697600,32.89,32.92,32.29,32.32,5392334.0
1484784000,32.58,32.72,31.99,32.25,5019969.0
1484870400,33.72,34.34,33.04,34.2,7960517.0
1485129600,34.0,35.29,33.92,35.25,7577126.0
1485216000,35.63,37.13,35.56,36.85,1.0489118E7
1485302400,37.11,37.17,36.02,36.54,4963997.0
1485388800,34.81,36.48,34.5,36.21,6072724.0
1485475200,36.47,36.8,35.79,36.51,4210197.0
1485734400,36.28,36.28,35.12,35.39,4156173.0
1485820800,35.74,36.1,35.16,35.29,4355328.0
1485907200,35.34,36.69,35.26,36.63,4594791.0
1485993600,36.41,36.41,35.315,35.63,3911060.0
1486080000,35.79,36.14,35.54,35.68,3189401.0
1486339200,35.7,35.752,34.77,35.49,3882460.0
1486425600,35.05,35.56,34.35,34.89,4909000.0
1486512000,34.9,35.17,34.41,34.94,3068347.0
1486598400,34.9,35.01,34.45,34.49,3718818.0
1486684800,34.75,35.9,34.58,35.84,4172322.0
1486944000,36.08,37.1,36.02,36.71,6424960.0
1487030400,36.48,36.57,35.78,36.32,7961331.0
1487116800,36.2,36.26,34.32,34.49,9225971.0
1487203200,33.68,35.71,33.3801,33.52,1.0609504E7
1487289600,33.51,34.15,33.31,34.11,6668823.0
1487635200,34.18,34.54,33.44,33.93,5137493.0
1487721600,33.76,33.975,33.19,33.22,3145939.0
1487808000,33.24,33.26,31.08,31.82,7986243.0
1487894400,31.42,31.51,30.58,31.15,5696401.0
1488153600,31.1,31.54,30.92,31.49,3897784.0
1488240000,31.15,32.14,31.02,31.42,5672538.0
1488326400,31.99,32.27,31.355,32.15,5654604.0
1488412800,32.15,32.3,31.53,31.56,4037638.0
1488499200,31.47,31.53,30.84,30.95,5302280.0
1488758400,30.79,31.08,30.42,30.83,3378785.0
1488844800,30.67,30.75,29.875,30.2,5349425.0
1488931200,30.12,30.45,29.54,29.62,4775880.0
1489017600,29.91,30.89,29.0,29.34,5520044.0
1489104000,29.39,29.61,29.0,29.42,3142414.0
1489363200,29.68,29.68,29.2,29.42,4511606.0
1489449600,29.18,29.18,28.49,28.68,4798411.0
1489536000,28.83,29.39,28.485,28.85,6407066.0
1489622400,29.1,29.16,28.35,28.71,4926593.0
1489708800,28.96,29.58,28.925,29.29,9977087.0
1489968000,29.98,30.4,29.65,30.39,6301988.0
1490054400,30.46,30.53,29.4,29.54,5078275.0
1490140800,29.29,29.58,28.72,29.23,4495829.0
1490227200,29.06,29.515,28.87,29.39,3676419.0
1490313600,29.49,29.7,28.98,29.18,6549053.0
1490572800,28.74,29.51,28.65,29.24,3387212.0
1490659200,29.26,30.4246,29.13,30.24,3948238.0
1490745600,30.27,31.1,30.27,30.86,4344359.0
1490832000,30.62,30.86,29.48,29.67,6368852.0
1490918400,29.67,29.79,28.9,29.35,7377723.0
1491177600,29.42,29.67,28.14,28.42,5237486.0
1491264000,28.42,29.25,28.28,29.23,5140820.0
1491350400,29.39,29.52,28.76,28.8,3892969.0
1491436800,28.85,29.705,28.76,29.66,3638746.0
1491523200,29.54,29.85,29.2,29.51,2922986.0
1491782400,29.53,30.0699,29.36,29.86,2306881.0
1491868800,29.82,30.01,29.52,29.65,4062135.0
1491955200,29.4,29.48,28.49,28.62,5074593.0
1492041600,28.5,28.85,28.28,28.42,2695921.0
1492387200,28.5,28.5,27.38,27.51,4606858.0
1492473600,27.27,27.27,26.74,27.08,4645787.0
1492560000,27.07,27.24,26.355,26.6,3468322.0
1492646400,26.7,26.95,26.53,26.58,3750109.0
1492732800,26.46,26.5,25.82,26.0,3916288.0
1492992000,26.31,26.46,25.9,26.41,3341786.0
1493078400,26.67,27.55,26.45,27.34,5094604.0
1493164800,27.18,27.45,26.98,27.26,3773853.0
1493251200,27.57,27.63,26.9,27.43,3005082.0
1493337600,27.56,27.56,26.71,26.74,3567819.0
1493596800,26.88,26.92,26.37,26.73,3794435.0
1493683200,26.62,26.63,25.94,26.37,7617716.0
1493769600,26.18,26.24,25.04,25.51,8303534.0
1493856000,26.2,27.47,26.06,27.07,1.3283841E7
1493942400,27.37,28.68,27.16,28.42,6661639.0
1494201600,28.76,29.33,27.66,27.76,6447370.0
1494288000,27.9,28.01,27.315,27.42,3805445.0
1494374400,27.47,27.92,27.415,27.62,3695997.0
1494460800,27.17,27.58,26.64,27.2,2958545.0
1494547200,27.18,27.55,26.64,26.78,2755912.0
1494806400,27.04,28.04,26.965,27.74,3953478.0
1494892800,27.8,28.21,27.68,28.07,5121422.0
1494979200,27.72,28.165,27.33,27.46,3669652.0
1495065600,27.0,27.51,26.78,27.41,2674217.0
1495152000,27.57,28.93,27.55,28.56,4975740.0
1495411200,28.69,28.85,27.78,28.29,2727155.0
1495497600,28.4,29.105,28.33,28.95,4142084.0
1495584000,28.96,29.29,28.305,28.44,3151786.0
1495670400,28.66,29.065,27.7025,28.09,4853961.0
1495756800,27.99,28.19,27.63,28.13,2486547.0
1496102400,28.0,28.37,27.89,27.91,2743917.0
1496188800,27.92,28.12,26.715,26.9,4788442.0
1496275200,26.9,27.49,26.75,27.03,4141693.0
1496361600,26.93,26.99,25.79,26.4,6658154.0
1496620800,26.33,26.44,25.92,26.28,3496494.0
1496707200,26.19,26.41,25.65,26.1,3795459.0
1496793600,26.12,26.24,25.765,26.22,4920256.0
1496880000,26.22,27.25,26.0,26.77,3705304.0
1496966400,26.77,27.48,26.6,27.25,5115288.0
1497225600,27.21,28.49,27.08,27.36,5512432.0
1497312000,27.44,28.5,27.08,28.48,3257170.0
1497398400,28.5,28.5,27.33,27.37,3375973.0
1497484800,27.16,27.28,26.625,26.75,3487221.0
1497571200,26.75,27.58,26.62,27.58,4027496.0
1497830400,27.76,28.265,27.76,28.24,3114936.0
1497916800,28.02,28.02,27.13,27.18,3732615.0
1498003200,27.3,27.51,26.611,26.7,2810037.0
1498089600,26.59,27.61,26.51,27.34,3179352.0
1498176000,27.3,27.48,26.78,27.45,4262434.0
1498435200,27.58,27.66,27.08,27.41,3752930.0
1498521600,27.49,27.81,26.84,26.87,3353935.0
1498608000,27.13,27.55,27.04,27.17,2460674.0
1498694400,27.4,28.04,27.36,27.43,4403878.0
1498780800,27.49,28.08,26.96,27.96,4521404.0
1499040000,28.2,29.365,28.18,29.22,4050697.0
1499212800,29.34,29.34,28.35,28.72,5108549.0
1499299200,28.61,28.86,27.53,27.58,3710236.0
1499385600,27.6,27.93,27.27,27.89,3339444.0
1499644800,27.85,29.96,27.73,29.72,7721343.0
1499731200,29.71,30.06,28.68,29.44,4628514.0
1499817600,29.67,30.43,28.6,28.92,6523136.0
1499904000,28.86,29.7,28.2999,29.51,4243724.0
1499990400,29.56,29.88,29.285,29.49,3696245.0
1500249600,29.46,29.86,28.93,29.27,3076251.0
1500336000,29.23,29.465,28.82,29.43,3003467.0
1500422400,29.61,30.84,29.6,30.81,5647411.0
1500508800,30.95,31.315,30.4,31.13,4044019.0
1500595200,30.94,31.31,30.89,31.14,2669320.0
1500854400,30.95,31.01,30.13,30.22,4873165.0
1500940800,30.56,30.98,29.9,30.17,6840943.0
1501027200,29.85,30.01,28.64,28.88,8457205.0
1501113600,28.93,29.2,28.44,28.81,4933560.0
1501200000,28.74,29.23,28.74,28.99,2707988.0
1501459200,29.04,29.57,28.98,29.35,6799124.0
1501545600,29.48,29.52,28.26,29.22,6144239.0
1501632000,29.19,29.28,28.49,28.72,5361543.0
1501718400,28.39,30.78,27.77,30.71,9932048.0
1501804800,30.86,32.37,30.85,32.21,8358466.0
1502064000,32.35,32.35,31.26,31.93,4183970.0
1502150400,31.86,32.22,31.28,31.49,5247849.0
1502236800,31.24,31.915,31.131,31.88,3585937.0
1502323200,31.6,32.59,30.66,30.76,6247604.0
1502409600,30.57,30.84,30.21,30.51,3853833.0
1502668800,30.8,30.8,30.2,30.22,2369447.0
1502755200,30.07,30.415,29.6,30.3,2819898.0
1502841600,30.3,30.74,30.04,30.21,2348502.0
1502928000,30.18,30.3,29.06,29.16,4758697.0
1503014400,29.08,29.37,28.55,29.03,3399458.0
1503273600,29.09,29.37,28.89,29.18,2153972.0
1503360000,29.2,29.62,29.13,29.24,2849055.0
1503446400,29.07,29.39,28.91,28.93,1873172.0
1503532800,28.94,29.17,28.645,29.03,3037998.0
1503619200,29.19,29.19,28.83,28.98,2082777.0
1503878400,29.1,29.46,28.79,29.03,4411776.0
1503964800,28.7,28.85,28.47,28.83,2052743.0
1504051200,28.8,29.145,28.56,28.94,2158544.0
1504137600,29.11,29.32,28.79,28.99,3119674.0
1504224000,28.99,30.08,28.89,29.98,3970028.0
1504569600,30.0,30.39,28.95,29.08,4943554.0
1504656000,29.26,31.35,29.21,31.2,5988856.0
1504742400,31.2,31.8,30.91,31.68,3975404.0
1504828800,31.65,32.27,31.47,32.04,3834917.0
1505088000,32.3,32.76,31.96,32.31,3500312.0
1505174400,32.5,33.56,31.92,32.19,5621548.0
1505260800,32.3,32.47,31.75,32.1,2184934.0
1505347200,32.07,32.44,31.901,32.36,3406320.0
1505433600,32.28,33.0,32.24,32.89,4863973.0
1505692800,33.47,36.51,33.32,35.1,1.0287755E7
1505779200,35.25,36.13,35.2,35.54,5590029.0
1505865600,35.63,36.01,34.86,35.19,4621334.0
1505952000,35.14,36.1,35.015,35.96,3249516.0
1506038400,35.83,35.99,35.125,35.23,3144631.0
1506297600,35.45,36.01,35.23,35.91,3658589.0
1506384000,35.78,35.875,34.33,34.88,5100139.0
1506470400,34.88,35.35,34.39,35.09,3814905.0
1506556800,35.28,35.79,34.43,34.84,4498976.0
1506643200,34.72,35.2,34.11,35.16,4052800.0
1506902400,35.11,35.53,34.69,35.4,3315658.0
1506988800,35.53,35.72,35.03,35.39,3332800.0
1507075200,35.42,35.86,34.91,35.1,2334356.0
1507161600,35.17,35.25,34.83,35.03,2198986.0
1507248000,34.87,34.9,33.98,34.2,3331542.0
1507507200,34.36,34.68,33.93,34.44,2712409.0
1507593600,34.44,34.56,34.05,34.48,2979818.0
1507680000,34.5,34.955,33.9499,34.91,5852078.0
1507766400,34.92,35.87,34.91,35.84,4026636.0
1507852800,36.07,37.0,35.93,36.8,6124125.0
1508112000,36.76,37.29,36.47,36.89,4278227.0
1508198400,36.9,37.39,36.47,37.0,4643565.0
1508284800,37.02,37.31,36.26,36.83,3160943.0
1508371200,36.54,36.77,36.01,36.33,3192830.0
1508457600,36.75,37.02,36.36,36.99,3194019.0
1508716800,36.9,37.19,36.28,36.31,2500953.0
1508803200,36.74,37.68,36.56,37.61,3257379.0
1508889600,37.47,38.01,37.17,37.68,3350316.0
1508976000,37.31,37.535,36.62,37.45,2317350.0
1509062400,37.15,37.53,36.67,37.11,2659086.0
1509321600,37.51,38.06,37.33,37.37,3952081.0
1509408000,37.62,38.1,37.42,37.98,4838558.0
1509494400,38.25,38.5,37.575,38.04,4439027.0
1509580800,38.74,39.04,36.71,38.55,5965827.0
1509667200,38.75,38.85,37.81,38.6,3506301.0
1509926400,38.67,39.32,38.6,39.21,3938647.0
1510012800,37.74,38.0,36.4201,36.89,6080464.0
1510099200,36.97,37.86,36.52,37.78,3320504.0
1510185600,37.52,38.01,36.77,37.14,3156474.0
1510272000,37.26,37.92,37.0,37.28,3391274.0
1510531200,36.96,37.72,36.83,37.37,2634861.0
1510617600,35.68,36.62,35.01,35.52,3518757.0
1510704000,35.11,35.5,33.5,35.32,4213095.0
1510790400,35.35,36.83,35.3,36.17,3147322.0
1510876800,35.89,36.04,35.25,35.48,4330185.0
1511136000,35.34,35.86,35.03,35.78,2332842.0
1511222400,35.96,36.89,35.96,36.45,2559781.0
1511308800,36.69,36.8,36.17,36.31,2567904.0
1511481600,35.82,36.32,35.39,35.94,1893075.0
1511740800,36.05,36.41,35.84,35.92,3235581.0
1511827200,35.81,36.54,35.72,36.45,3180661.0
1511913600,36.57,37.03,36.28,36.85,2799877.0
1512000000,36.77,37.6337,36.77,37.47,2683645.0
1512086400,37.59,37.85,36.76,37.59,2837136.0
1512345600,37.95,38.69,36.84,36.9,4267213.0
1512432000,36.82,37.97,36.71,37.36,3051778.0
1512518400,37.02,37.24,36.52,36.55,3585904.0
1512604800,36.58,38.3,36.51,38.22,2349927.0
1512691200,38.41,39.68,38.4,39.26,4567248.0
1512950400,39.25,39.64,39.101,39.4,3051114.0
1513036800,39.28,41.8,39.2,40.6,7533729.0
1513123200,40.77,41.41,40.6,41.26,3007935.0
1513209600,41.07,41.461,40.92,41.02,3845465.0
1513296000,40.94,41.17,39.95,41.09,5468802.0
1513555200,41.45,41.64,40.605,40.93,4758993.0
1513641600,41.07,41.62,40.815,41.2,3126554.0
1513728000,41.29,41.36,40.85,40.88,2258132.0
1513814400,40.93,41.32,40.88,41.25,3095991.0
1513900800,41.36,42.07,41.1,41.71,5559655.0
1514246400,41.8,43.0391,41.71,42.85,1853410.0
1514332800,42.54,43.1,42.2101,43.07,3087418.0
1514419200,42.94,43.42,42.46,42.61,1870792.0
1514505600,42.94,43.285,42.29,42.54,1426184.0
1514851200,42.86,43.322,42.51,43.14,2330622.0
1514937600,43.35,43.54,43.02,43.15,1757484.0
1515024000,43.4,43.69,42.85,43.6,1718736.0
1515110400,43.85,43.98,43.35,43.67,2077119.0
1515369600,43.86,43.9397,42.58,42.72,3349471.0
1515456000,42.7085,43.07,42.29,42.47,3381076.0
1515542400,42.22,42.6339,41.7,42.42,2251698.0
1515628800,42.47,43.72,42.37,43.72,2639877.0
1515715200,43.53,43.83,43.15,43.52,2260542.0
1516060800,42.935,42.97,40.53,40.71,6781118.0
1516147200,41.03,41.03,39.35,39.56,5651631.0
1516233600,40.34,41.03,39.91,40.08,6375648.0
1516320000,40.37,40.63,39.55,40.39,3539914.0
1516579200,40.27,40.86,40.27,40.84,2273226.0
1516665600,40.65,41.69,40.3365,41.3,2560902.0
1516752000,41.46,42.07,41.03,41.64,2422231.0
1516838400,42.0,42.09,40.32,40.41,1814390.0
1516924800,40.6,42.23,40.27,42.13,2758263.0
1517184000,41.9,42.52,41.46,42.1,2208049.0
1517270400,41.81,42.35,41.49,42.0,2245829.0
1517356800,42.08,42.68,41.46,42.44,2730383.0
1517443200,42.18,42.97,41.51,41.57,1961729.0
1517529600,41.31,41.31,39.58,39.91,1911132.0
1517788800,39.56,40.49,38.1,38.2,3665779.0
1517875200,37.17,39.33,36.84,39.04,3752531.0
1517961600,38.71,40.37,38.66,39.48,3264357.0
1518048000,39.5,39.99,37.39,37.46,4103212.0
1518134400,37.8,38.18,35.9,37.62,4032864.0
1518393600,38.17,38.88,37.64,38.44,3115628.0
1518480000,38.36,39.25,37.9,39.0,2372683.0
1518566400,38.64,40.08,38.48,39.66,2757824.0
1518652800,40.9,41.11,39.09,40.89,3996001.0
1518739200,40.78,41.03,40.2,40.36,2884767.0
1519084800,40.56,41.95,40.3,41.82,3878049.0
1519171200,42.21,43.77,42.07,42.63,4653396.0
1519257600,42.91,43.65,42.815,42.97,2980132.0
1519344000,43.43,44.2,43.0,44.12,2733447.0
1519603200,44.36,44.48,42.38,42.67,3491957.0
1519689600,42.1,42.7,41.63,41.77,2721889.0
1519776000,41.76,42.64,41.22,41.24,2944378.0
1519862400,41.38,42.5,41.05,41.65,2841167.0
1519948800,41.48,42.06,40.53,41.87,2348463.0
1520208000,42.64,44.8,42.5,44.56,9383184.0
1520294400,44.94,45.0,43.06,43.2,5640085.0
1520380800,42.52,43.11,41.421,41.91,3685142.0
1520467200,41.27,41.27,39.61,40.89,7437325.0
1520553600,41.3,42.0599,40.35,41.5,4000837.0
1520812800,41.34,42.02,41.01,41.88,3971449.0
1520899200,41.5,41.96,40.2,40.38,3632972.0
1520985600,40.4,40.71,39.8,40.31,3796253.0
1521072000,40.33,40.57,38.87,38.99,3669847.0
1521158400,38.99,39.12,38.075,38.33,4597441.0
1521417600,38.12,38.53,37.21,37.69,4161372.0
1521504000,37.86,38.29,37.36,37.95,3274647.0
1521590400,37.94,39.16,37.85,38.66,2502510.0
1521676800,38.09,38.75,37.25,37.27,2163096.0
1521763200,37.23,37.87,36.8,36.92,3327680.0
1522022400,37.38,37.61,36.63,37.35,2579012.0
1522108800,37.53,38.01,37.11,37.5,4438373.0
1522195200,36.88,37.37,36.37,36.49,2522577.0
1522281600,36.73,37.87,36.69,37.73,3083894.0
1522627200,37.61,37.74,36.391,36.62,3022755.0
1522713600,36.86,37.165,36.53,36.98,2036633.0
1522800000,36.21,37.17,35.7,37.11,3301954.0
1522886400,37.43,38.89,37.25,38.58,4174186.0
1522972800,37.97,38.44,36.53,36.83,3400192.0
1523232000,37.11,37.75,36.55,37.16,1960413.0
1523318400,37.64,37.815,37.0,37.27,2900548.0
1523404800,37.16,37.82,37.16,37.41,1913690.0
1523491200,37.65,38.5,37.0,38.2,2122746.0
1523577600,38.38,38.55,37.78,38.43,1955732.0
1523836800,38.7,38.83,38.33,38.45,1634677.0
1523923200,38.66,39.4,38.19,39.08,1805904.0
1524009600,39.3,40.35,39.0,40.02,2064725.0
1524096000,39.93,40.01,39.245,39.64,1192390.0
1524182400,39.57,39.65,38.53,38.72,2575424.0
1524441600,38.67,39.39,38.42,39.0,1899267.0
1524528000,39.23,39.815,38.42,38.94,1958829.0
1524614400,38.93,39.76,38.71,39.61,2016830.0
1524700800,39.85,40.1,39.645,39.82,1782114.0
1524787200,39.8,39.83,39.06,39.53,2162932.0
1525046400,39.47,39.89,38.59,38.8,2701249.0
1525132800,38.52,38.73,38.13,38.67,2255234.0
1525219200,38.69,39.8,38.69,39.07,3195910.0
1525305600,37.42,39.05,37.35,38.27,2831627.0
1525392000,38.37,38.85,37.76,38.51,2611917.0
1525651200,38.47,38.51,37.17,37.73,3183892.0
1525737600,37.4,37.89,37.02,37.79,3292754.0
1525824000,38.35,39.23,38.12,38.75,3209164.0
1525910400,38.69,39.78,38.69,39.41,1378175.0
1525996800,39.17,39.92,39.05,39.5,1939661.0
1526256000,39.65,40.66,39.65,40.47,2572980.0
1526342400,40.49,42.035,40.47,41.74,3740139.0
1526428800,41.69,41.81,40.3301,40.55,3477954.0
1526515200,40.57,41.27,40.465,41.1,2315851.0
1526601600,41.02,41.56,40.77,41.35,1973047.0
1526860800,41.67,42.5799,41.52,42.07,1944380.0
1526947200,42.15,42.49,41.81,41.86,1790763.0
1527033600,41.49,41.49,40.09,41.26,2050696.0
1527120000,41.02,41.76,40.98,41.41,2512996.0
1527206400,41.28,41.76,40.39,41.66,1920695.0
1527552000,41.26,41.9,40.92,41.17,3015686.0
1527638400,41.32,41.9,41.0901,41.54,1700134.0
1527724800,41.51,41.67,40.83,41.14,1957953.0
1527811200,41.45,41.58,40.3,40.47,2212012.0
1528070400,40.7,40.95,40.26,40.57,1822489.0
1528156800,40.83,42.3801,40.7,41.34,4019090.0
1528243200,41.42,42.6,41.07,42.56,2597578.0
1528329600,42.74,43.25,42.46,42.89,2031472.0
1528416000,42.78,43.42,41.84,43.18,3296257.0
1528675200,43.02,43.28,42.73,43.07,2822010.0
1528761600,43.06,43.91,42.93,43.55,2613997.0
1528848000,43.53,44.425,43.06,44.31,3118889.0
1528934400,44.6,45.08,43.81,44.92,3474293.0
1529020800,44.67,44.861,44.03,44.58,5347159.0
1529280000,44.25,46.035,44.14,45.95,3374488.0
1529366400,45.01,45.31,43.24,45.2,4574193.0
1529452800,45.34,45.43,44.26,44.58,1817428.0
1529539200,45.09,45.8,44.69,44.91,2833615.0
1529625600,45.43,46.2,45.12,45.3,4103002.0
1529884800,44.58,44.75,43.83,43.99,2567560.0
1529971200,44.17,44.485,43.85,44.1,1605858.0
1530057600,44.39,45.14,43.7,43.82,2074248.0
1530144000,45.58,45.98,44.0,44.29,3690150.0
1530230400,44.77,45.38,44.38,44.4,2382583.0
1530489600,44.13,44.2175,43.11,43.4,3049106.0
1530576000,43.78,44.36,43.38,44.26,1362975.0
1530748800,44.35,44.65,42.76,43.05,3234566.0
1530835200,42.79,43.1,42.26,42.88,2979140.0
1531094400,43.07,43.77,43.07,43.6,2169044.0
1531180800,43.62,44.25,43.25,43.64,2721376.0
1531267200,43.23,43.57,42.36,42.56,3550290.0
1531353600,43.17,43.25,42.2,43.12,2833778.0
1531440000,42.92,43.19,42.11,42.31,2997744.0
1531699200,42.2,42.615,41.49,42.24,2755809.0
1531785600,42.77,43.15,42.37,42.73,2178949.0
1531872000,43.36,43.61,42.65,42.88,2011629.0
1531958400,42.81,43.04,42.28,42.8,2225463.0
1532044800,42.46,43.33,42.46,43.04,2204358.0
1532304000,43.13,43.485,43.04,43.27,1705099.0
1532390400,43.83,44.98,43.35,43.53,3060389.0
1532476800,43.72,44.41,43.11,44.3,2699896.0
1532563200,44.18,45.49,44.09,45.27,2165826.0
1532649600,45.32,45.52,44.42,44.5,1881051.0
1532908800,44.61,45.17,43.86,43.95,1901132.0
1532995200,44.3,44.74,44.1,44.42,2248485.0
1533081600,44.18,44.65,43.7,44.13,2426559.0
1533168000,47.05,49.76,46.13,49.5,7277711.0
1533254400,49.87,49.949,48.63,49.07,2990545.0
1533513600,49.0,49.73,48.64,49.1,2722707.0
1533600000,49.21,49.9,48.545,48.71,2113517.0
1533686400,49.3,49.39,48.53,48.57,2239341.0
1533772800,48.57,49.8,48.32,49.75,2565655.0
1533859200,49.39,50.54,49.05,49.27,2630962.0
1534118400,48.91,49.5499,48.2792,48.46,2148232.0
1534204800,48.42,48.75,47.96,48.0,2196376.0
1534291200,47.59,47.59,46.6,47.09,3622020.0
1534377600,47.58,48.11,47.19,47.29,2506828.0
1534464000,47.45,48.2,47.26,47.52,4032984.0
1534723200,47.86,49.34,47.78,48.81,2487559.0
1534809600,48.55,49.31,48.165,48.22,2689015.0
1534896000,48.4,48.84,48.2562,48.66,2029772.0
1534982400,48.63,49.57,48.54,49.46,2448465.0
1535068800,49.57,50.04,49.3,49.95,1367386.0
1535328000,50.25,51.05,50.06,50.63,1935145.0
1535414400,50.88,50.89,50.32,50.71,1927214.0
1535500800,50.75,51.8,50.68,51.64,2154809.0
1535587200,51.5,51.875,51.37,51.53,2294717.0
1535673600,51.2,52.035,51.2,51.95,2340298.0
1536019200,51.87,52.07,51.11,51.85,3020827.0
1536105600,51.62,51.64,50.06,51.24,2609287.0
1536192000,51.17,51.73,50.64,50.95,1620218.0
1536278400,50.5,51.24,50.21,50.93,1578129.0
1536537600,51.23,51.9,51.12,51.47,1788125.0
1536624000,51.56,52.71,51.1535,52.33,2356517.0
1536710400,52.33,52.9,51.73,52.58,2149676.0
1536796800,52.84,53.17,51.22,51.3,2505146.0
1536883200,50.96,51.7,50.89,51.55,1859436.0
1537142400,51.74,52.71,51.7,51.95,1911570.0
1537228800,52.33,52.87,51.95,52.5,2207654.0
1537315200,52.78,54.03,52.65,53.13,2167779.0
1537401600,53.36,53.81,53.13,53.31,1907522.0
1537488000,53.75,53.97,52.72,52.81,3890454.0
1537747200,52.83,53.52,52.68,52.81,1401014.0
1537833600,53.04,55.14,53.04,54.26,2711851.0
1537920000,54.22,55.42,53.85,54.88,2867176.0
1538006400,54.96,55.47,53.4781,53.77,2806958.0
1538092800,54.02,55.0,53.58,54.44,2762472.0
1538352000,54.74,55.59,54.04,54.8,2513216.0
1538438400,55.22,56.41,54.96,55.81,2918137.0
1538524800,55.77,55.82,54.75,55.32,2974437.0
1538611200,55.53,56.51,55.078,56.06,2466628.0
1538697600,56.1,56.1777,54.335,55.02,2227556.0
1538956800,55.05,55.685,54.5,55.33,2187107.0
1539043200,55.01,55.92,54.66,54.81,1828529.0
1539129600,55.49,55.79,50.31,50.34,6335705.0
1539216000,50.61,52.52,50.25,51.13,4174576.0
1539302400,52.43,53.63,52.07,52.43,2872573.0
1539561600,51.98,52.4,50.58,50.79,3842977.0
1539648000,51.05,52.35,50.6,52.3,1821230.0
1539734400,52.42,52.73,50.85,51.5,2331772.0
1539820800,51.25,51.94,50.66,50.82,2700234.0
1539907200,51.02,51.78,50.591,50.64,2838131.0
1540166400,50.84,50.99,48.53,49.06,3619267.0
1540252800,47.89,48.13,46.36,47.19,4975286.0
1540339200,47.19,47.39,44.14,44.29,5598021.0
1540425600,44.77,45.39,44.42,44.88,2881039.0
1540512000,44.19,45.36,43.31,44.38,4528121.0
1540771200,45.03,45.98,44.34,44.83,5626885.0
1540857600,44.91,46.56,44.33,46.25,4730497.0
1540944000,47.79,49.08,47.6,48.03,6425616.0
1541030400,47.96,51.51,47.38,51.05,9045790.0
1541116800,51.8,52.17,49.52,49.68,4156898.0
1541376000,49.5,49.84,48.675,49.49,3091077.0
1541462400,50.01,51.67,50.01,51.64,2695370.0
1541548800,51.88,53.84,51.39,53.55,3584936.0
1541635200,53.43,54.08,53.02,53.67,2556404.0
1541721600,53.11,53.11,51.47,52.22,3510750.0
1541980800,52.35,52.43,50.71,51.27,2907644.0
1542067200,51.2,51.69,49.48,49.54,3540241.0
1542153600,47.71,48.53,44.61,45.03,7804182.0
1542240000,44.88,46.78,44.7638,46.61,5113453.0
1542326400,46.43,47.44,46.18,47.09,3283939.0
1542585600,46.8,47.26,45.28,45.51,3184962.0
1542672000,44.71,45.38,43.22,43.56,4903238.0
1542758400,43.78,44.62,43.7,44.2,4925678.0
1542931200,43.75,43.91,42.94,43.22,2614018.0
1543190400,43.89,44.42,43.61,44.06,3101797.0
1543276800,43.79,44.03,42.69,43.19,3078789.0
1543363200,43.33,43.5781,42.3,42.57,4286954.0
1543449600,42.5,43.98,42.13,43.5,4639341.0
1543536000,43.0,43.29,41.95,42.19,4877459.0
1543795200,43.49,44.695,43.45,43.86,6773911.0
1543881600,43.58,43.93,42.2,42.55,3853162.0
1544054400,41.78,42.15,39.99,41.56,4323467.0
1544140800,41.68,42.62,40.84,41.03,3549399.0
1544400000,40.83,41.61,40.2868,41.33,2255262.0
1544486400,42.16,42.73,41.17,41.35,2476181.0
1544572800,42.15,42.74,41.93,41.95,3906530.0
1544659200,42.18,42.83,41.45,41.64,2988757.0
1544745600,41.07,42.49,41.02,42.06,4800574.0
1545004800,42.05,42.79,41.115,41.37,2980440.0
1545091200,41.78,42.57,41.29,41.76,3670338.0
1545177600,42.31,43.53,41.71,41.92,4043148.0
1545264000,41.63,41.87,40.14,40.83,3375669.0
1545350400,40.61,41.63,40.47,41.03,5111614.0
1545609600,40.59,41.4,40.09,40.11,1218727.0
1545782400,40.36,42.62,40.19,42.6,2000047.0
1545868800,43.15,43.24,41.5687,43.24,2465610.0
1545955200,43.39,43.49,42.09,42.37,1756664.0
1546214400,42.52,43.8,42.5101,43.51,1966293.0
1546387200,42.71,43.0,41.81,42.03,2806675.0
1546473600,41.41,41.85,40.34,40.57,3252289.0
1546560000,41.54,44.295,41.47,43.96,3219052.0
1546819200,44.0,45.39,43.6,44.11,2379558.0
1546905600,44.65,45.55,44.47,45.39,2890510.0
1546992000,45.85,46.51,44.5,45.03,3407844.0
1547078400,44.41,45.39,44.0,45.05,1723544.0
1547164800,44.83,45.35,43.81,44.4,1995401.0
1547424000,43.24,43.75,42.98,43.19,3398668.0
1547510400,42.89,43.67,42.59,43.3,1793692.0
1547596800,42.98,42.99,41.12,42.59,2967510.0
1547683200,42.53,44.04,42.49,43.79,1647822.0
1547769600,44.15,44.82,43.7801,44.18,2425271.0
1548115200,43.76,43.99,41.6,41.86,2356779.0
1548201600,42.14,42.619,41.39,42.12,2690727.0
1548288000,42.12,42.25,40.98,41.26,2374130.0
1548374400,41.99,42.69,41.5,42.55,2064506.0
1548633600,42.0,43.18,41.72,42.97,2325408.0
1548720000,43.32,44.0,42.61,42.77,2110682.0
1548806400,43.19,43.275,42.12,43.06,1700954.0
1548892800,42.31,43.685,42.04,43.65,2306540.0
1548979200,43.84,43.975,42.96,43.5,2175635.0
1549238400,43.32,43.48,42.52,42.66,2356214.0
1549324800,42.74,43.38,42.52,42.95,1955830.0
1549411200,42.76,42.99,42.25,42.42,1802255.0
1549497600,42.1,42.26,40.74,41.31,3543892.0
1549584000,41.21,41.97,40.71,41.86,3097229.0
1549843200,41.98,42.335,41.38,41.96,3250615.0
1549929600,42.47,43.13,42.03,42.91,2718959.0
1550016000,43.17,43.38,42.49,42.64,3769281.0
1550102400,42.36,45.15,42.24,42.54,6675627.0
1550188800,42.72,42.72,41.21,41.77,3650522.0
1550534400,41.46,42.255,41.125,42.01,3184360.0
1550620800,42.24,44.78,42.0468,44.58,3326933.0
1550707200,44.82,45.43,43.71,43.99,3336790.0
1550793600,44.2,44.63,43.39,44.07,2292102.0
1551052800,44.3,44.7,43.17,43.25,2859269.0
1551139200,43.36,43.67,42.24,43.19,2705029.0
1551225600,43.18,43.64,43.0,43.35,2107056.0
1551312000,43.09,43.38,41.855,42.2,3765551.0
1551398400,42.54,42.95,41.99,42.28,2572229.0
1551657600,42.78,43.05,41.48,42.08,2953258.0
1551744000,41.9,42.17,41.17,41.28,2815601.0
1551830400,41.21,41.705,41.04,41.25,3010304.0
1551916800,41.0,41.275,40.035,40.27,2770997.0
1552003200,39.82,40.53,38.9,40.29,2269901.0
1552262400,40.49,41.46,40.02,41.44,3031022.0
1552348800,41.55,42.74,41.53,41.75,3832175.0
1552435200,42.0,43.12,41.87,43.0,4060084.0
1552521600,43.02,43.175,42.62,42.71,3787375.0
1552608000,42.97,43.37,42.65,43.05,4732580.0
1552867200,43.2,43.26,42.355,42.47,1692201.0
1552953600,42.61,42.78,41.89,42.09,2643124.0
1553040000,41.85,42.18,41.525,41.59,2020650.0
1553126400,41.49,41.57,40.6765,41.11,3431825.0
1553212800,40.78,41.0,38.97,39.01,4735122.0
1553472000,39.11,39.7,38.94,39.59,2811461.0
1553558400,39.97,40.0,39.03,39.73,2962383.0
1553644800,39.61,40.51,39.56,40.2,1920412.0
1553731200,40.43,41.38,40.11,40.36,2360711.0
1553817600,40.47,40.97,40.21,40.88,2154330.0
1554076800,41.45,41.84,40.77,41.82,2043643.0
1554163200,41.94,42.18,41.47,41.68,2531689.0
1554249600,42.16,43.24,42.16,42.93,3200900.0
1554336000,42.74,43.2,42.42,43.18,1624104.0
1554422400,43.26,43.55,42.91,43.48,2300774.0
1554681600,43.64,43.72,42.98,43.56,1644952.0
1554768000,43.13,43.21,42.54,42.75,1773896.0
1554854400,42.76,42.96,42.17,42.55,1663008.0
1554940800,42.24,42.65,41.94,42.25,1292645.0
1555027200,42.8,43.15,42.17,42.58,1374301.0
1555286400,42.54,43.14,42.52,42.87,1383528.0
1555372800,42.87,44.08,42.5,43.86,2148158.0
1555459200,44.1,44.91,43.95,44.62,4331183.0
1555545600,43.44,45.31,42.83,45.14,4662134.0
1555891200,44.94,45.72,44.86,44.95,3035969.0
1555977600,44.7,45.0,43.31,44.57,3199943.0
1556064000,44.43,44.65,43.57,44.55,1552134.0
1556150400,44.22,44.74,44.06,44.07,1848494.0
1556236800,44.56,45.525,44.24,45.16,1758288.0
1556496000,44.7,45.34,43.97,44.92,2209003.0
1556582400,45.05,45.28,44.41,44.78,2535652.0
1556668800,44.41,44.69,43.19,43.29,2746449.0
1556755200,43.19,45.0,42.67,43.46,3895254.0
1556841600,43.86,44.33,43.26,44.22,1467415.0
1557100800,43.02,44.2,42.72,43.8,1731487.0
1557187200,43.28,43.29,41.215,41.52,3940419.0
1557273600,41.37,42.04,40.92,41.84,3473928.0
1557360000,41.2,41.31,40.55,41.15,2153494.0
1557446400,40.98,41.84,40.48,41.62,2373042.0
1557705600,40.61,40.92,39.84,40.82,2481834.0
1557792000,40.88,41.515,40.41,41.19,2688794.0
1557878400,41.13,42.15,40.97,41.92,1670342.0
1557964800,42.25,43.1,42.08,42.75,2936241.0
1558051200,42.32,43.18,42.32,42.47,1699112.0
1558310400,41.94,42.27,41.26,41.29,1886137.0
1558396800,41.87,42.26,41.6,42.08,2445398.0
1558483200,41.47,41.99,41.075,41.14,2699433.0
1558569600,40.46,40.82,39.97,40.5,2493543.0
1558656000,41.04,41.25,40.57,40.8,1918787.0
1559001600,40.77,40.86,39.98,40.25,2161233.0
1559088000,39.83,40.27,39.71,39.83,1973902.0
1559174400,39.84,40.75,39.75,40.59,1855682.0
1559260800,39.84,40.385,39.17,40.24,2460920.0
1559520000,40.15,41.49,40.12,41.41,3181711.0
1559606400,42.16,43.51,41.8,43.51,3378710.0
1559692800,43.49,43.49,41.87,42.52,2508981.0
1559779200,42.31,43.58,42.0,43.37,2020184.0
1559865600,43.5,43.5,41.475,42.03,2804049.0
1560124800,42.22,42.61,41.64,41.94,2257074.0
1560211200,42.56,42.61,41.88,42.08,2748250.0
1560297600,42.12,43.43,42.085,43.11,2182622.0
1560384000,44.05,45.17,43.76,45.14,3260635.0
1560470400,45.02,46.67,44.62,46.0,2993906.0
1560729600,46.44,46.96,46.04,46.53,2971138.0
1560816000,46.81,47.85,46.56,47.22,2838376.0
1560902400,47.12,47.44,46.36,46.47,2791055.0
1560988800,47.27,47.345,46.15,46.86,2544977.0
1561075200,46.89,47.71,46.72,46.77,3087059.0
1561334400,46.85,47.47,46.48,47.05,2093108.0
1561420800,47.4,47.92,47.13,47.48,2824066.0
1561507200,47.49,47.59,46.765,46.8,1431321.0
1561593600,47.07,47.58,46.45,47.14,1661793.0
1561680000,47.16,47.77,46.24,46.71,4454198.0
1561939200,46.8,47.45,44.91,46.52,2793059.0
1562025600,46.4,46.75,45.65,46.29,2375807.0
1562112000,46.5,46.96,46.31,46.64,641172.0
1562284800,46.09,46.54,45.8,46.3,1191317.0
1562544000,46.24,46.24,45.25,45.52,1627583.0
1562630400,45.19,45.28,44.37,44.39,2617977.0
1562716800,44.65,45.3,44.1,44.22,1971952.0
1562803200,43.99,44.95,43.81,44.94,2426650.0
1562889600,45.1,46.4,44.865,46.17,2653745.0
1563148800,46.5,48.175,46.26,47.88,2268021.0
1563235200,47.88,48.64,47.54,47.71,1769899.0
1563321600,47.67,47.84,46.99,47.42,1469663.0
1563408000,47.04,47.46,46.56,46.98,1771714.0
1563494400,47.06,47.35,46.88,47.16,1344513.0
1563753600,47.18,47.39,46.91,47.34,1298602.0
1563840000,47.69,48.42,47.31,48.34,1758145.0
1563926400,48.48,48.985,48.08,48.92,2151142.0
1564012800,48.49,48.81,48.02,48.38,2012472.0
1564099200,48.44,48.49,47.77,48.15,1607626.0
1564358400,48.08,48.24,47.495,47.52,1760040.0
1564444800,47.04,49.77,47.0,49.74,2611083.0
1564531200,49.72,50.61,49.285,49.56,2685473.0
1564617600,52.24,55.15,51.39,52.35,6314865.0
1564704000,52.65,53.0,51.36,52.68,2917755.0
1564963200,51.74,51.94,49.87,50.74,3704108.0
1565049600,52.0,52.44,50.275,50.94,3856412.0
1565136000,50.28,50.72,49.64,50.45,2174364.0
1565222400,50.92,52.2,50.48,52.15,2800935.0
1565308800,52.33,52.33,50.41,51.04,2993226.0
1565568000,50.94,50.94,48.29,48.89,3208885.0
1565654400,49.01,50.085,48.11,48.77,3074124.0
1565740800,48.28,48.37,47.05,47.2,3032855.0
1565827200,47.55,47.79,46.52,46.94,1967565.0
1565913600,47.27,48.355,46.75,48.18,1992403.0
1566172800,48.56,48.85,48.26,48.72,2342559.0
1566259200,48.48,48.68,47.88,48.04,1326452.0
1566345600,48.51,48.99,47.8105,48.89,1894939.0
1566432000,49.25,50.14,48.46,48.54,2190263.0
1566518400,47.82,48.445,46.92,47.12,2445139.0
1566777600,47.7,47.72,46.965,47.24,1210330.0
1566864000,47.62,47.68,46.45,46.69,1352516.0
1566950400,46.36,47.6,46.065,47.31,1314043.0
1567036800,48.41,48.97,47.97,48.26,1451473.0
1567123200,48.65,48.92,47.95,48.19,1574641.0
1567468800,47.69,48.08,46.97,47.25,1885723.0
1567555200,48.39,48.43,47.35,47.76,1610295.0
1567641600,48.39,48.65,47.98,48.17,3450543.0
1567728000,48.32,48.94,47.96,48.64,1327964.0
1567987200,48.74,49.24,48.43,48.85,1340821.0
1568073600,49.12,50.95,48.63,50.78,2122304.0
1568160000,50.78,51.55,50.18,50.38,2342817.0
1568246400,50.82,50.82,49.08,49.1,2014883.0
1568332800,49.5,50.3,49.1,49.91,2246192.0
1568592000,50.26,52.3,50.16,51.34,2840869.0
1568678400,50.82,51.16,50.13,50.58,1374052.0
1568764800,50.33,51.0,50.05,50.65,1691448.0
1568851200,50.43,50.74,50.0,50.01,1987044.0
1568937600,50.21,50.55,49.25,49.29,2501562.0
1569196800,48.99,49.98,48.69,49.91,2085877.0
1569283200,49.8,49.99,48.58,48.88,2587537.0
1569369600,49.0,49.5,48.61,48.67,1363484.0
1569456000,49.02,49.58,48.61,49.22,1693092.0
1569542400,49.36,49.755,48.35,48.65,1699983.0
1569801600,48.74,49.39,47.54,49.2,3332709.0
1569888000,49.43,50.08,48.79,49.13,2136430.0
1569974400,48.47,48.85,47.59,48.28,1945360.0
1570060800,48.14,48.9899,47.6,48.76,1443346.0
1570147200,48.8,48.85,47.6,48.78,2139234.0
1570406400,48.83,49.7,48.7,48.91,1637653.0
1570492800,48.49,49.43,48.18,48.86,1919911.0
1570579200,49.4,49.52,48.65,48.84,1289326.0
1570665600,49.47,50.045,48.67,49.15,1634998.0
1570752000,50.0,51.06,49.86,50.62,2458907.0
1571011200,50.22,50.26,48.925,48.97,1577815.0
1571097600,49.01,49.615,48.49,48.58,2040737.0
1571184000,48.51,49.245,48.36,48.91,1867865.0
1571270400,49.0,49.2,48.2,48.46,2540868.0
1571356800,48.34,48.4,47.71,47.77,2432121.0
1571616000,48.33,48.33,46.26,46.46,2577502.0
1571702400,46.49,46.8,45.58,46.41,2157368.0
1571788800,46.35,46.39,45.56,45.82,1911306.0
1571875200,45.99,46.0899,45.39,45.47,1537471.0
1571961600,45.45,46.64,45.2103,46.14,1657716.0
1572220800,46.36,46.72,45.81,45.83,1548722.0
1572307200,45.5,47.28,45.5,46.87,2023176.0
1572393600,46.78,47.46,46.51,47.04,3807817.0
1572480000,46.0,46.5,43.32,45.35,4872136.0
1572566400,45.49,46.33,44.99,46.27,2666142.0
1572825600,46.77,47.86,46.585,47.62,2613495.0
1572912000,47.53,48.39,47.34,47.73,2548043.0
1572998400,47.67,48.07,46.39,46.39,1629768.0
1573084800,46.73,46.99,46.23,46.63,1177437.0
1573171200,46.42,46.9,45.77,46.63,1812077.0
1573430400,46.26,46.54,45.65,46.45,961798.0
1573516800,46.54,48.03,46.33,47.91,2890775.0
1573603200,47.43,47.43,46.23,46.84,1810645.0
1573689600,45.84,46.45,45.75,46.36,1739540.0
1573776000,46.66,46.9,45.87,45.93,1251496.0
1574035200,45.63,45.83,44.82,45.13,1421560.0
1574121600,45.45,46.01,45.2312,45.76,1803918.0
1574208000,45.55,45.89,45.055,45.1,1691126.0
1574294400,45.12,45.69,44.77,45.4,1866116.0
1574380800,45.55,45.8162,44.73,44.95,1580994.0
1574640000,45.52,46.31,45.45,46.29,1813736.0
1574726400,46.35,46.37,45.52,45.72,1677874.0
1574812800,45.71,45.99,45.3057,45.65,1636728.0
1574985600,45.58,46.31,45.58,46.21,779026.0
1575244800,46.09,46.23,45.52,45.69,1686444.0
1575331200,45.03,45.295,44.34,44.95,1476184.0
1575417600,45.2,45.85,44.76,44.77,1408343.0
1575504000,44.97,45.09,44.26,44.45,1361887.0
1575590400,44.89,45.55,44.765,45.34,2255860.0
1575849600,45.55,45.79,45.085,45.4,1661812.0
1575936000,44.35,44.55,43.67,44.02,2176391.0
1576022400,43.94,45.095,43.835,44.56,2835836.0
1576108800,44.44,45.78,44.2,45.4,2968709.0
1576195200,45.4,45.9,44.78,45.14,2441679.0
1576454400,45.85,47.31,45.73,46.88,2632202.0
1576540800,46.88,47.23,46.56,46.92,2422559.0
1576627200,46.83,46.8447,45.65,46.53,2936335.0
1576713600,46.29,46.75,46.05,46.38,2002732.0
1576800000,46.66,48.51,46.43,48.28,6009141.0
1577059200,48.14,48.32,47.443,47.75,1496943.0
1577145600,47.69,48.22,47.69,47.94,293856.0
1577318400,47.94,48.51,47.93,48.46,873319.0
1577404800,48.88,48.88,47.54,47.55,1306394.0
1577664000,47.79,47.86,47.28,47.36,975447.0
1577750400,47.2,47.8,47.16,47.74,1016402.0
1577923200,48.19,48.19,46.03,46.4,2521641.0
1578009600,46.37,47.21,45.97,46.08,2349572.0
1578268800,45.75,46.22,45.02,46.0,2283267.0
1578355200,45.73,46.4175,45.56,45.58,1945072.0
1578441600,45.37,45.93,45.02,45.79,2121476.0
1578528000,45.94,45.964,44.79,45.57,1762563.0
1578614400,45.5,45.77,44.64,44.77,2206790.0
1578873600,44.91,45.435,44.5,45.34,1500858.0
1578960000,45.22,46.0,45.22,45.42,1259888.0
1579046400,45.32,46.0671,45.3,45.65,1268187.0
1579132800,45.48,45.94,45.09,45.89,1273521.0
1579219200,45.96,46.33,45.475,46.14,2871620.0
1579564800,45.86,45.86,44.21,44.25,2183193.0
1579651200,44.01,44.32,41.92,42.71,5417804.0
1579737600,42.03,42.68,41.29,42.5,2973390.0
1579824000,42.48,42.49,40.91,40.93,2503762.0
1580083200,39.92,40.25,39.33,39.42,2633971.0
1580169600,39.74,40.16,39.25,39.95,2371565.0
1580256000,40.16,40.84,40.08,40.27,1912944.0
1580342400,40.04,40.76,39.9,40.68,1964775.0
1580428800,40.26,40.495,40.06,40.28,2051132.0
1580688000,40.27,40.84,39.41,39.75,2850520.0
1580774400,40.28,41.17,40.08,41.07,2297366.0
1580860800,41.69,42.76,41.33,42.71,2784791.0
1580947200,42.87,42.93,42.17,42.25,2801060.0
1581033600,41.88,42.21,41.7,42.17,1679932.0
1581292800,41.7,42.57,41.44,41.67,2085291.0
1581379200,41.91,42.65,41.75,42.17,1929774.0
1581465600,42.2,42.26,41.305,41.61,2376507.0
1581552000,41.3,41.4116,39.18,39.34,4897008.0
1581638400,38.12,40.04,38.0,38.3,5653815.0
1581984000,38.01,38.455,37.58,38.16,5994137.0
1582070400,38.16,40.04,38.16,39.38,3313116.0
1582156800,39.58,40.6,39.39,39.48,2972542.0
1582243200,39.83,40.18,39.32,39.35,2065724.0
1582502400,38.41,39.3,37.71,38.83,3445126.0
1582588800,39.01,39.5,37.43,37.64,3288004.0
1582675200,37.93,38.75,36.96,37.06,3028806.0
1582761600,36.5,37.68,35.92,36.13,4420209.0
1582848000,35.22,36.99,35.18,36.86,4338998.0
1583107200,37.28,38.27,36.98,38.22,4818888.0
1583193600,37.82,39.01,37.231,38.14,4247025.0
1583280000,38.51,38.94,38.05,38.75,3329037.0
1583366400,37.61,38.23,37.42,37.99,3076715.0
1583452800,37.2,37.49,36.09,36.84,3800800.0
1583712000,34.41,34.81,31.13,31.17,4896951.0
1583798400,32.64,32.86,29.32,30.73,6353457.0
1583884800,30.04,30.24,27.9,28.34,5032859.0
1583971200,25.9,26.89,23.85,24.42,3919277.0
1584057600,25.6,27.7,23.23,27.68,4127137.0
1584316800,24.0,26.48,23.81,24.0,4077858.0
1584403200,24.88,25.43,22.89,24.15,4179662.0
1584489600,22.29,23.5,19.73,21.14,4980065.0
1584576000,21.04,23.9,20.42,22.98,3166964.0
1584662400,23.53,24.3,21.96,22.25,4254906.0
1584921600,22.18,22.91,21.43,22.04,2873974.0
1585008000,23.14,25.78,22.53,25.62,3700874.0
1585094400,26.0,28.89,25.26,27.02,4271436.0
1585180800,27.33,28.96,26.85,28.25,3512822.0
1585267200,27.14,27.14,25.41,25.55,2497912.0
1585526400,25.51,26.93,25.1,26.62,3062378.0
1585612800,26.56,28.0,26.56,27.2,3958979.0
1585699200,25.91,26.725,25.58,25.85,4352024.0
1585785600,26.0,28.2,25.26,25.7,3539588.0
1585872000,26.19,26.36,25.4392,25.77,2670226.0
1586131200,27.24,27.97,27.0,27.5,4857706.0
1586217600,29.12,30.39,28.23,28.96,5101364.0
1586304000,29.02,30.0,29.02,29.84,2977495.0
1586390400,30.69,32.17,30.24,31.01,4559463.0
1586736000,30.52,31.06,29.34,29.91,3892379.0
1586822400,30.47,30.98,29.3,30.05,2393221.0
1586908800,28.67,28.88,27.6,28.12,2585347.0
1586995200,28.03,28.35,26.56,26.92,3233164.0
1587081600,28.03,28.87,27.72,28.29,5346787.0
1587340800,27.38,28.48,27.03,27.55,3636272.0
1587427200,26.6,27.305,26.34,26.86,2592133.0
1587513600,27.66,27.66,26.56,27.31,3398698.0
1587600000,27.84,28.75,27.49,27.85,2631015.0
1587686400,28.23,28.46,27.45,28.0,2659312.0
1587945600,27.91,28.66,27.79,28.37,1503714.0
1588032000,29.0,29.13,27.69,28.04,2879644.0
1588118400,29.14,29.68,28.76,29.01,3109215.0
1588204800,28.64,28.64,27.29,27.5,3258330.0
1588291200,26.98,27.06,25.99,26.61,2404475.0
1588550400,25.95,26.3283,25.45,26.28,2530391.0
1588636800,26.95,28.12,26.77,27.31,2488612.0
1588723200,27.38,27.72,26.245,26.27,1400144.0
1588809600,28.2,28.84,27.41,27.54,3241751.0
1588896000,28.1,29.2,28.06,29.03,1875204.0
1589155200,26.67,27.605,26.35,27.46,2805906.0
1589241600,27.38,27.85,26.05,26.09,2324565.0
1589328000,26.02,26.33,24.4,24.59,2611629.0
1589414400,23.71,24.65,23.05,24.63,5888273.0
1589500800,24.42,24.83,24.13,24.82,3761771.0
1589760000,26.09,26.95,25.9601,26.39,4787426.0
1589846400,26.57,27.84,25.82,27.19,3498325.0
1589932800,27.5,27.97,27.26,27.51,2607416.0
1590019200,27.5,27.855,27.31,27.7,2005793.0
1590105600,27.65,27.78,27.265,27.59,1487247.0
1590451200,28.25,29.48,28.25,29.16,2787225.0
1590537600,30.05,30.36,29.53,29.97,1832418.0
1590624000,30.39,30.425,29.09,29.24,1817575.0
1590710400,28.91,29.77,28.68,29.37,2673430.0
1590969600,29.25,29.96,28.93,29.59,1628147.0
1591056000,29.76,31.12,29.76,30.91,3897999.0
1591142400,31.41,32.32,31.4,31.91,2322345.0
1591228800,31.66,32.07,31.02,31.75,1781243.0
1591315200,33.16,33.53,32.55,32.72,2757825.0
1591574400,33.4,34.05,32.725,32.98,2610168.0
1591660800,32.16,32.4,31.51,31.93,2126202.0
1591747200,31.87,31.93,30.85,30.88,2391228.0
1591833600,29.25,29.71,27.6901,28.14,2749623.0
1591920000,29.47,29.73,28.43,29.4,1650032.0
1592179200,28.34,29.71,28.05,29.43,1625714.0
1592265600,31.1,31.1,29.81,30.81,2284273.0
1592352000,31.07,31.07,30.03,30.23,1527270.0
1592438400,29.87,30.52,29.63,29.99,1827910.0
1592524800,30.73,30.73,29.63,29.89,2899226.0
1592784000,29.61,30.285,29.15,30.15,1782677.0
1592870400,30.55,30.595,29.51,29.8,2538687.0
1592956800,29.19,29.3038,27.79,27.84,2011501.0
1593043200,27.58,27.91,26.965,27.54,3506668.0
1593129600,27.3,27.79,27.19,27.45,3512753.0
1593388800,27.73,27.95,27.33,27.55,2023476.0
1593475200,27.29,28.325,26.96,28.14,2901917.0
1593561600,28.23,29.21,28.17,28.54,2581976.0
1593648000,29.22,29.89,29.02,29.38,1956790.0
1593993600,30.07,30.35,29.29,29.76,2036990.0
1594080000,29.34,29.7976,28.98,29.22,1758066.0
1594166400,29.18,29.35,27.645,27.74,2460110.0
1594252800,27.93,27.97,26.59,26.9,2232946.0
1594339200,26.68,28.16,26.68,28.12,1781932.0
1594598400,29.42,30.21,29.25,29.75,2843652.0
1594684800,29.58,30.065,29.07,29.64,2529888.0
1594771200,30.39,31.19,30.27,30.64,2135457.0
1594857600,30.47,30.63,29.82,29.96,2439084.0
1594944000,30.08,30.87,30.07,30.36,1889017.0
1595203200,30.2,30.353,29.08,29.16,1619190.0
1595289600,29.34,30.12,29.34,29.8,2018350.0
1595376000,29.56,30.3,29.39,30.23,1583815.0
1595462400,30.16,30.965,29.67,30.38,1921714.0
1595548800,30.49,30.98,30.17,30.58,1553258.0
1595808000,30.54,31.75,30.51,31.36,2389598.0
1595894400,31.03,31.12,30.03,30.22,2715464.0
1595980800,30.48,31.48,30.36,31.36,2463688.0
1596067200,30.78,31.13,30.095,30.81,2369311.0
1596153600,30.74,31.58,30.56,31.33,8099880.0
1596412800,31.43,31.94,31.38,31.45,3977384.0
1596499200,31.94,32.84,31.76,32.38,3885761.0
1596585600,32.86,33.195,32.63,32.92,3940254.0
1596672000,33.81,34.48,33.34,33.39,3692193.0
1596758400,34.25,34.25,32.683,33.13,4069108.0
1597017600,33.6,35.135,33.45,34.88,4003086.0
1597104000,35.67,36.12,35.12,35.49,3023533.0
1597190400,35.91,36.1099,34.59,34.88,2317560.0
1597276800,34.59,35.17,34.43,34.96,1818836.0
1597363200,34.64,35.12,34.48,35.1,2245104.0
1597622400,35.18,35.48,34.3,34.38,1969267.0
1597708800,34.33,34.88,33.94,34.49,2002217.0
1597795200,34.35,34.62,33.4,33.58,1955942.0
1597881600,33.13,33.35,32.79,33.1,1982970.0
1597968000,32.83,32.93,32.205,32.37,1895892.0
1598227200,32.69,33.75,32.62,33.57,1793860.0
1598313600,33.83,34.16,33.23,33.43,1632689.0
1598400000,33.42,33.5593,32.72,33.49,2238561.0
1598486400,33.52,33.56,32.91,33.24,2331047.0
1598572800,33.42,33.47,32.66,33.21,1489062.0
1598832000,33.27,33.315,32.62,32.63,1592126.0
1598918400,32.38,33.41,32.13,33.41,1670650.0
1599004800,33.52,33.975,33.08,33.97,2100481.0
1599091200,34.03,34.175,32.71,33.21,2109526.0
1599177600,33.54,33.76,32.79,33.18,2047405.0
1599523200,32.57,32.7362,31.53,32.02,2436089.0
1599609600,32.23,32.41,31.82,32.33,1368584.0
1599696000,32.52,32.74,32.12,32.25,1791675.0
1599782400,32.46,33.52,32.385,33.37,2115742.0
1600041600,33.5,33.8025,33.07,33.69,1554044.0
1600128000,33.69,33.74,32.97,32.97,1647860.0
1600214400,33.08,33.68,32.65,33.35,1928638.0
1600300800,32.36,34.73,32.2,34.64,3444678.0
1600387200,34.97,35.63,33.68,34.01,6327192.0
1600646400,33.2,33.24,31.09,31.61,2825091.0
1600732800,31.47,31.72,31.14,31.25,2094420.0
1600819200,31.15,31.94,30.9,30.92,2006387.0
1600905600,30.75,31.09,30.12,30.69,1910102.0
1600992000,30.4,30.5758,29.965,30.42,2000325.0
1601251200,31.15,31.5,30.89,30.95,1434298.0
1601337600,30.9,30.9,29.77,29.86,1600460.0
1601424000,30.04,31.08,29.99,30.71,2333832.0
1601510400,30.62,30.89,29.77,29.88,1981115.0
1601596800,29.49,30.85,29.3,30.57,1552796.0
1601856000,30.75,31.77,30.72,31.53,1586339.0
1601942400,31.92,32.62,31.25,31.29,1561108.0
1602028800,31.64,31.87,30.93,30.95,2115076.0
1602115200,31.34,31.86,31.11,31.86,1239153.0
1602201600,31.96,32.28,30.97,31.33,1865094.0
1602460800,31.12,31.17,29.385,29.52,3649466.0
1602547200,29.37,29.96,29.18,29.45,2173081.0
1602633600,29.3,30.4901,29.06,29.81,2132601.0
1602720000,29.38,29.85,29.17,29.66,1166542.0
1602806400,29.78,29.88,29.15,29.28,1736454.0
1603065600,29.28,29.5,28.815,28.88,1515781.0
1603152000,29.16,29.25,28.04,28.06,2007444.0
1603238400,27.86,27.9916,26.88,27.25,3455197.0
1603324800,27.36,28.005,27.31,27.92,2552230.0
1603411200,28.1,28.435,27.53,27.58,1629286.0
1603670400,27.25,27.25,26.44,26.83,1987853.0
1603756800,26.7,26.96,26.1,26.16,3015189.0
1603843200,25.48,26.22,25.3,25.71,2833944.0
1603929600,25.5,26.9,25.49,26.78,2491069.0
1604016000,26.68,27.63,26.42,27.61,3016836.0
1604275200,28.01,28.29,27.645,28.07,2695532.0
1604361600,27.97,28.03,26.68,27.02,3184352.0
1604448000,27.18,27.24,26.05,26.66,1953147.0
1604534400,25.96,28.02,25.96,27.34,3778334.0
1604620800,27.36,28.29,27.06,27.33,2970994.0
1604880000,29.12,30.51,28.37,28.96,3954345.0
1604966400,29.33,30.36,28.88,30.11,3732562.0
1605052800,30.4,31.5,30.355,30.55,3968691.0
1605139200,30.17,30.49,29.73,30.14,2638714.0
1605225600,30.21,30.945,30.21,30.89,2731953.0
1605484800,31.8,32.54,31.15,32.4,4326993.0
1605571200,32.11,32.59,31.72,32.22,3007916.0
1605657600,32.5,33.28,32.28,32.45,3256720.0
1605744000,32.5,32.695,31.89,32.15,2743854.0
1605830400,32.32,33.67,32.22,33.5,2933410.0
1606089600,34.03,36.09,34.03,35.82,4581338.0
1606176000,36.23,38.77,36.23,38.65,6318814.0
1606262400,38.24,38.705,37.32,38.17,3442505.0
1606435200,38.56,39.41,38.28,38.77,2427034.0
1606694400,38.39,38.44,37.075,37.3,3320325.0
1606780800,37.9,38.15,37.385,37.5,2424358.0
1606867200,37.33,38.25,37.25,37.85,2798832.0
1606953600,38.08,38.66,37.82,38.13,2267335.0
1607040000,38.39,39.9,38.2,39.57,2861617.0
1607299200,39.26,39.37,38.0,38.27,1981148.0
1607385600,37.95,38.71,37.9,38.52,1624467.0
1607472000,38.91,39.42,38.55,39.06,1778657.0
1607558400,38.59,39.34,38.55,39.11,1793838.0
1607644800,38.66,39.46,38.62,39.37,1696742.0
1607904000,39.66,40.06,38.78,38.82,2476756.0
1607990400,39.4,39.41,38.02,38.35,2553623.0
1608076800,38.55,38.55,37.07,37.78,2123253.0
1608163200,38.12,38.16,37.445,37.54,1855685.0
1608249600,37.49,37.72,36.97,37.64,4424640.0
1608508800,36.89,37.645,36.66,37.54,1692328.0
1608595200,37.61,37.61,36.21,36.22,1724063.0
1608681600,36.51,37.085,36.3,36.77,1263779.0
1608768000,36.71,36.889,36.39,36.81,255840.0
1609113600,37.01,38.57,37.01,37.2,1606307.0
1609200000,37.32,37.77,36.6407,36.95,1073118.0
1609286400,36.85,38.26,36.85,37.97,1388181.0
1609372800,37.93,39.2,37.58,38.71,1556406.0
1609718400,39.0,39.6,38.06,38.53,2668051.0
1609804800,38.7,40.49,38.7,40.07,2632176.0
1609891200,40.88,43.3,40.34,42.7,4689000.0
1609977600,43.5,43.98,42.575,42.77,3248217.0
1610064000,43.05,43.255,42.14,43.16,3449307.0
1610323200,42.16,43.46,41.9,43.11,2159527.0
1610409600,43.52,45.96,42.95,45.74,3698642.0
1610496000,46.2,47.0,44.97,45.29,2976889.0
1610582400,45.37,45.95,45.285,45.3,2216242.0
1610668800,45.17,45.67,44.33,45.56,2531641.0
1611014400,45.98,46.19,44.5,44.99,2465292.0
1611100800,45.23,45.36,43.74,44.13,1766192.0
1611187200,44.32,44.56,43.22,43.46,1742762.0
1611273600,42.79,43.73,42.55,43.4,1457285.0
1611532800,43.03,43.66,42.15,43.47,2102595.0
1611619200,43.95,44.24,41.89,41.98,2150434.0
1611705600,41.1,41.74,39.87,40.88,3581249.0
1611792000,41.5,42.4,41.175,42.2,3499035.0
1611878400,42.04,42.97,40.995,41.38,4684940.0
1612137600,41.89,43.32,41.88,42.97,2131944.0
1612224000,43.65,43.84,42.66,43.4,1786477.0
1612310400,43.57,44.22,42.68,42.8,1992708.0
1612396800,42.72,43.68,42.31,43.17,1774705.0
1612483200,43.69,44.7,42.75,43.14,1217066.0
1612742400,43.68,44.42,43.33,43.97,1443962.0
1612828800,44.04,44.23,43.4,43.99,1431964.0
1612915200,44.42,44.42,42.15,43.24,1940144.0
1613001600,43.48,43.5,42.43,43.16,1444393.0
1613088000,42.58,44.4,42.51,44.36,1494440.0
1613433600,44.6,45.56,43.88,45.24,2338615.0
1613520000,44.89,45.45,44.09,45.06,1812020.0
1613606400,45.35,46.74,42.85,43.87,3421549.0
1613692800,44.49,45.85,44.07,45.76,2241741.0
1613952000,45.88,47.445,45.32,46.87,2543050.0
1614038400,46.86,47.0,44.705,46.75,1566991.0
1614124800,46.66,48.875,46.66,48.61,2143317.0
1614211200,48.58,48.6,46.27,46.66,1496791.0
1614297600,46.54,46.54,44.41,45.28,2101143.0
1614556800,46.09,46.96,45.65,45.9,1645733.0
1614643200,45.92,46.33,45.37,46.01,1868220.0
1614729600,46.17,47.81,46.17,46.92,2470855.0
1614816000,46.83,47.34,44.4901,45.53,2910218.0
1614902400,46.16,47.21,43.9402,47.12,2987788.0
1615161600,47.59,50.7,47.5,49.58,7132898.0
1615248000,49.47,49.81,48.11,48.13,2763275.0
1615334400,48.3,49.49,47.56,49.33,2093203.0
1615420800,50.42,51.03,49.75,50.54,2637368.0
1615507200,50.63,51.24,48.91,49.26,1698204.0
1615766400,49.56,50.94,49.16,50.88,1926923.0
1615852800,50.9,51.0,48.37,48.91,2225493.0
1615939200,48.45,50.1,48.4,50.08,1840396.0
1616025600,50.0,50.67,48.15,48.35,1915291.0
1616112000,48.14,48.83,46.5,48.17,4339584.0
1616371200,48.29,48.45,46.51,46.87,1747443.0
1616457600,46.0,46.4,44.39,44.79,2988927.0
1616544000,45.41,45.83,44.7,44.75,1634110.0
1616630400,44.27,45.485,43.37,45.19,1623618.0
1616716800,46.0,46.43,45.18,46.2,1446518.0
1616976000,46.0,47.46,45.92,45.97,1875156.0
1617062400,45.75,46.24,45.04,45.43,1579638.0
1617148800,45.3,46.025,43.92,45.38,3187693.0
1617235200,45.73,46.48,45.016,45.91,1854144.0
1617580800,46.7,46.82,44.99,45.42,1560990.0
1617667200,45.23,45.8,44.9598,45.61,1650006.0
1617753600,45.88,46.23,45.25,46.08,1211189.0
1617840000,45.87,46.19,44.69,45.52,1925673.0
1617926400,45.52,46.22,45.5,46.01,1286430.0
1618185600,46.41,46.47,45.215,45.47,1541115.0
1618272000,45.36,45.6,44.3224,45.2,1529757.0
1618358400,45.5,47.7,45.48,47.22,2449285.0
1618444800,47.61,47.89,46.7,47.37,1291699.0
1618531200,47.77,48.33,46.97,47.31,1304743.0
1618790400,47.5,47.77,46.47,46.91,1499041.0
1618876800,46.5,46.92,45.26,46.23,1992665.0
1618963200,46.2,47.79,45.5,47.71,1595360.0
1619049600,47.78,48.33,47.09,47.15,1972123.0
1619136000,47.24,47.84,46.77,47.32,1523829.0
1619395200,47.8,48.8099,47.59,48.47,2089022.0
1619481600,48.47,49.44,47.84,48.99,1466049.0
1619568000,49.21,50.2,48.895,49.56,1639276.0
1619654400,50.34,50.46,49.11,49.63,1496922.0
1619740800,49.1,49.74,48.53,48.63,1087756.0
1620000000,49.16,50.19,49.1,49.61,1966341.0
1620086400,49.12,49.97,48.32,49.62,2210104.0
1620172800,49.97,50.72,49.71,50.08,1360887.0
1620259200,48.65,52.25,48.24,52.17,3593936.0
1620345600,52.83,55.21,52.46,55.1,3743694.0
1620604800,55.68,55.97,54.525,54.65,2904976.0
1620691200,53.7,55.69,52.89,54.37,2923034.0
1620777600,54.22,54.81,53.69,53.93,2369005.0
1620864000,54.0,54.81,52.68,53.57,2043507.0
1620950400,53.76,54.66,53.38,54.34,1450576.0
1621209600,54.0,54.91,53.715,54.61,2005800.0
1621296000,55.04,57.19,54.54,54.57,3714290.0
1621382400,53.62,53.789,52.24,52.95,2580397.0
1621468800,52.9,53.2073,51.41,52.08,2670955.0
1621555200,52.77,53.376,52.28,52.33,1226766.0
1621814400,52.78,53.3,52.4297,53.03,1222551.0
1621900800,53.13,54.26,51.74,51.79,2090733.0
1621987200,51.75,52.21,51.055,51.99,2081054.0
1622073600,52.57,53.1,52.495,52.83,2080118.0
1622160000,53.0,53.315,52.36,53.17,1271739.0
1622505600,54.19,55.2801,54.0,55.19,2434328.0
1622592000,55.41,55.44,54.44,54.51,1294459.0
1622678400,54.08,55.07,53.62,55.02,1318707.0
1622764800,55.35,55.93,54.74,55.36,1323697.0
1623024000,56.25,56.582,55.26,55.55,1095001.0
1623110400,54.96,55.96,54.4001,55.56,1336504.0
1623196800,55.59,55.69,54.41,55.5,1259198.0
1623283200,55.8,56.12,53.71,53.74,2016168.0
1623369600,54.2,54.89,53.46,53.8,1274486.0
1623628800,53.79,54.17,52.41,52.69,2180313.0
1623715200,52.97,53.59,52.06,53.49,1850814.0
1623801600,53.47,53.47,52.02,52.38,1884494.0
1623888000,52.08,52.2,48.99,50.0,4118586.0
1623974400,49.31,50.15,48.67,48.8,4299248.0
1624233600,49.8,52.34,49.72,51.42,3540775.0
1624320000,51.7,52.04,50.67,51.33,1840613.0
1624406400,51.61,52.24,51.04,51.09,1653446.0
1624492800,51.27,51.57,50.74,50.81,1781237.0
1624579200,51.24,51.91,50.9389,51.33,2099339.0
1624838400,51.38,51.38,48.835,48.98,2380051.0
1624924800,49.53,50.32,48.791,49.19,1843696.0
1625011200,49.32,51.57,49.2,51.45,4119823.0
1625097600,53.85,54.54,52.05,52.42,2783694.0
1625184000,52.29,52.4,51.15,51.59,1512026.0
1625529600,51.66,51.66,49.215,49.84,2116879.0
1625616000,49.87,50.72,48.97,50.09,1559462.0
1625702400,49.08,50.48,48.34,49.65,1852181.0
1625788800,50.59,51.12,49.97,50.66,1269676.0
1626048000,49.89,50.95,49.5,50.6,1206356.0
1626134400,50.61,50.61,49.32,49.77,1162167.0
1626220800,49.86,50.555,49.29,49.59,946621.0
1626307200,49.06,49.92,48.675,49.04,918506.0
1626393600,49.15,49.63,46.77,47.16,2301397.0
1626652800,45.84,46.33,45.24,45.97,1732393.0
1626739200,46.18,47.54,45.75,46.95,1612770.0
1626825600,47.67,47.94,47.14,47.9,2347587.0
1626912000,47.48,47.6,46.56,47.22,1380075.0
1626998400,47.46,47.86,46.67,47.31,1808647.0
1627257600,47.41,47.815,46.67,47.68,1824314.0
1627344000,47.05,47.9,46.05,47.37,2274633.0
1627430400,47.58,48.17,47.01,47.72,1442631.0
1627516800,48.37,48.39,47.37,47.63,1604802.0
1627603200,47.64,49.08,47.17,47.25,4314268.0
1627862400,47.46,47.75,45.91,45.96,2771880.0
1627948800,46.14,46.57,44.94,46.45,2851100.0
1628035200,46.16,46.58,44.915,45.05,2457562.0
1628121600,45.12,45.93,45.08,45.19,1755331.0
1628208000,45.77,46.345,45.5,46.19,2051542.0
1628467200,46.12,47.25,45.64,47.07,3726194.0
1628553600,46.38,48.74,46.3,47.82,3693805.0
1628640000,48.25,49.17,47.6,48.31,2404728.0
1628726400,48.17,49.44,47.05,49.03,2915604.0
1628812800,48.56,49.64,48.15,48.38,2316520.0
1629072000,47.54,47.66,46.14,46.39,1644202.0
1629158400,46.8,46.8,44.65,45.57,1720533.0
1629244800,45.91,47.01,45.59,45.77,1931784.0
1629331200,44.66,45.1299,43.185,43.34,2490888.0
1629417600,43.53,44.94,43.527,44.47,2259457.0
1629676800,44.95,45.4,44.73,44.8,1392970.0
1629763200,45.0,46.01,45.0,45.11,1156354.0
1629849600,44.99,45.86,44.5,45.67,1359002.0
1629936000,45.45,45.795,44.34,44.52,1142388.0
1630022400,44.56,45.6,44.56,45.23,1729588.0
1630281600,45.64,45.64,44.4,44.81,984435.0
1630368000,44.73,45.8,44.68,45.42,1972462.0
1630454400,45.39,45.45,44.31,44.98,1768253.0
1630540800,44.99,46.09,44.99,45.96,2630868.0
1630627200,46.11,46.32,45.3,45.43,1268811.0
1630972800,45.29,46.285,45.08,46.17,1582865.0
1631059200,46.29,46.48,44.53,44.59,1778456.0
1631145600,44.12,45.7775,44.04,45.4,2064573.0
1631232000,45.99,46.24,44.83,45.64,1649680.0
1631491200,46.0,46.549,45.52,46.41,1487518.0
1631577600,46.74,47.58,45.8,46.12,2349373.0
1631664000,46.41,48.655,46.31,48.44,3018254.0
1631750400,48.14,50.04,48.1,49.02,4543820.0
1631836800,49.05,49.76,48.545,49.1,5514645.0
1632096000,47.32,48.31,46.8295,48.07,2440715.0
1632182400,48.62,49.47,47.84,48.99,2291622.0
1632268800,49.87,50.82,49.71,50.42,2061476.0
1632355200,51.4,53.55,51.32,53.49,4816525.0
1632441600,53.14,55.34,52.72,54.84,5578201.0
1632700800,55.7,57.1,55.357,56.09,4255195.0
1632787200,56.0,57.01,55.7,56.64,3526815.0
1632873600,56.8,56.8,55.83,56.52,2142950.0
1632960000,56.71,56.8899,55.7,55.82,3671386.0
1633046400,56.71,61.26,56.71,61.14,7615497.0
1633305600,61.38,62.06,59.81,60.74,4170088.0
1633392000,61.02,61.61,59.84,60.43,4236543.0
1633478400,59.33,59.99,58.12,59.85,4244195.0
1633564800,59.98,61.66,59.94,60.66,4388727.0
1633651200,60.86,61.31,60.18,61.06,2126729.0
1633910400,62.33,63.4,61.81,62.14,2980909.0
1633996800,61.98,62.89,60.63,60.9,3146919.0
1634083200,60.76,61.14,59.93,60.35,2369726.0
1634169600,61.14,61.36,59.71,60.54,2267130.0
1634256000,61.21,61.21,58.97,59.0,3146565.0
1634515200,58.76,61.2,58.58,60.97,3569801.0
1634601600,61.04,61.11,59.8272,60.56,3152888.0
1634688000,60.56,62.44,59.8101,60.42,2567573.0
1634774400,60.03,60.54,59.24,59.99,2576045.0
1634860800,60.3,61.09,59.64,59.67,1451723.0
1635120000,60.43,61.25,58.95,59.13,1905625.0
1635206400,59.2,59.2,57.99,58.54,2178458.0
1635292800,58.2,58.35,56.375,56.74,3701814.0
1635379200,57.24,58.09,56.76,57.57,1523216.0
1635465600,57.22,57.46,56.3,56.8,3624754.0
1635724800,57.07,58.42,57.03,57.59,1699833.0
1635811200,57.04,57.47,55.65,56.41,3371443.0
1635897600,56.41,58.56,55.29,58.11,3941923.0
1635984000,58.78,60.83,57.98,58.5,2958568.0
1636070400,58.4,59.8,58.38,59.2,2415182.0
1636329600,60.11,63.35,59.9,62.54,3991300.0
1636416000,62.4,63.42,61.34,63.22,2239685.0
1636502400,62.82,64.67,62.25,62.97,3615082.0
1636588800,63.5,64.16,63.38,63.8,2068733.0
1636675200,63.47,65.53,63.4,64.57,2275903.0
1636934400,64.58,65.58,63.47,65.55,2744055.0
1637020800,65.38,65.83,64.11,65.48,3412928.0
1637107200,65.62,66.72,65.11,65.28,3280767.0
1637193600,65.91,68.09,65.41,67.57,5345755.0
1637280000,66.45,66.5,65.06,65.19,2867604.0
1637539200,65.7,66.085,64.9,65.01,2349344.0
1637625600,65.27,66.255,64.09,65.24,2368778.0
1637712000,64.63,65.74,64.48,65.14,1138843.0
1637884800,63.01,63.6,62.03,62.8,1396136.0
1638144000,64.3,64.82,62.21,62.96,2443895.0
1638230400,62.31,63.39,60.32,60.59,3417078.0
1638316800,62.17,62.5983,57.25,57.29,3835404.0
1638403200,57.7,59.7,57.7,59.3,2226929.0
1638489600,59.77,60.68,58.51,59.21,3344332.0
1638748800,59.9,60.13,58.46,58.92,2034819.0
1638835200,59.88,61.14,59.81,60.02,2432716.0
1638921600,60.48,60.99,59.88,60.1,1855460.0
1639008000,59.41,59.9188,58.46,58.52,1989972.0
1639094400,61.16,62.48,59.86,61.17,2990860.0
1639353600,60.95,61.54,60.15,61.22,2157213.0
1639440000,60.92,62.7,60.635,62.24,3464748.0
1639526400,62.07,63.88,60.89,63.56,3064297.0
1639612800,63.88,66.0999,63.88,64.31,2919137.0
1639699200,64.62,66.0,64.0,64.81,6111064.0
1639958400,63.79,64.28,62.19,64.14,2464603.0
1640044800,65.02,68.94,64.94,68.59,3728587.0
1640131200,68.54,71.74,68.53,71.73,3451468.0
1640217600,71.6,72.95,70.41,72.3,2759978.0
1640563200,72.5,73.89,71.07,73.86,2191712.0
1640649600,73.72,74.77,73.44,74.32,1470944.0
1640736000,73.88,74.62,73.32,73.76,1824046.0
1640822400,73.46,73.68,71.73,71.88,1915482.0
1640908800,71.71,71.75,70.1,70.78,2251000.0
