1483401600,290.24,291.44,282.54,285.77,1697792.0
1483488000,286.98,292.08,284.23,291.55,1632480.0
1483574400,289.75,297.13,289.73,296.17,1711872.0
1483660800,296.12,298.79,294.46,298.16,1101253.0
1483920000,297.2,297.94,294.71,296.26,1719599.0
1484006400,296.66,300.15,293.46,298.2,1510062.0
1484092800,297.45,300.04,296.1,299.54,1237962.0
1484179200,298.05,298.235,294.56,297.19,1415481.0
1484265600,297.31,300.07,296.89,298.43,1023551.0
1484611200,294.02,306.37,292.84,306.14,3908041.0
1484697600,306.15,307.32,302.09,303.69,1220621.0
1484784000,302.93,307.76,301.28,306.13,1140409.0
1484870400,307.64,309.18,306.16,308.44,1327003.0
1485129600,307.2,309.85,306.17,308.7,1763048.0
1485216000,309.74,310.21,307.0101,308.35,1058864.0
1485302400,309.15,311.2,307.16,310.31,1120498.0
1485388800,333.37,341.5,324.81,333.15,1.2359709E7
1485475200,332.92,334.1219,316.96,323.55,2748909.0
1485734400,323.48,325.26,316.99,324.8,2104052.0
1485820800,322.65,325.27,321.03,323.95,1005911.0
1485907200,323.85,327.0099,321.94,326.85,944235.0
1485993600,325.64,326.84,324.19,324.41,842630.0
1486080000,325.43,329.1,324.12,328.71,1105797.0
1486339200,327.83,328.28,319.18,322.6,2395678.0
1486425600,322.98,325.39,321.33,323.37,1892097.0
1486512000,323.55,327.5,323.2,325.73,982675.0
1486598400,325.84,326.46,321.24,325.07,1224596.0
1486684800,325.07,325.98,321.61,324.56,1035139.0
1486944000,325.0,325.12,319.4,323.02,1708519.0
1487030400,321.91,323.78,320.26,322.0,1091534.0
1487116800,321.85,326.18,320.02,325.18,1380220.0
1487203200,320.0,327.33,317.02,324.46,2050804.0
1487289600,323.87,327.1,319.72,326.55,1532231.0
1487635200,324.3,326.97,321.51,325.15,1283794.0
1487721600,323.3,326.12,322.46,325.14,1475398.0
1487808000,326.09,326.1,321.17,324.43,1530162.0
1487894400,324.38,327.31,322.72,326.75,1160153.0
1488153600,326.92,328.7,324.91,326.73,918701.0
1488240000,326.03,326.78,320.25,323.06,1292888.0
1488326400,325.76,328.1,321.66,325.17,1492977.0
1488412800,324.68,324.68,321.83,323.95,897024.0
1488499200,323.57,323.57,320.51,322.32,1130975.0
1488758400,321.26,324.54,319.45,323.77,765471.0
1488844800,323.91,327.04,322.36,323.24,1093502.0
1488931200,323.17,325.08,321.675,322.6,1030004.0
1489017600,322.87,326.1,321.43,323.14,921449.0
1489104000,325.57,325.81,322.74,323.48,729054.0
1489363200,323.19,325.56,323.0,324.34,732495.0
1489449600,323.69,326.16,323.63,324.64,551632.0
1489536000,324.84,326.892,323.82,325.38,1124998.0
1489622400,324.69,326.8199,323.34,323.72,724981.0
1489708800,324.95,326.27,322.48,325.81,1450970.0
1489968000,326.06,326.31,322.43,324.99,752794.0
1490054400,325.23,326.27,319.98,320.66,801099.0
1490140800,321.44,322.26,318.93,321.2,803912.0
1490227200,320.5,326.75,319.5,323.62,1001453.0
1490313600,324.94,327.74,323.64,325.35,1442045.0
1490572800,323.74,325.76,319.61,323.14,1168924.0
1490659200,322.05,325.73,320.595,324.08,1190400.0
1490745600,323.9,327.115,323.28,325.94,810841.0
1490832000,325.13,328.55,322.575,328.12,850636.0
1490918400,326.73,330.91,326.03,327.32,1050238.0
1491177600,327.5,330.81,325.02,328.27,1121558.0
1491264000,328.4,334.0,326.96,331.52,1618863.0
1491350400,332.21,338.75,329.55,331.99,1535056.0
1491436800,331.75,336.96,330.55,336.8,1638123.0
1491523200,337.67,338.51,330.55,330.65,1494521.0
1491782400,330.45,333.15,329.56,331.37,965591.0
1491868800,330.42,332.66,328.0,332.3,877273.0
1491955200,331.01,335.69,330.54,334.57,1061588.0
1492041600,335.28,335.7,329.65,330.0,705184.0
1492387200,331.73,332.71,329.08,330.36,730304.0
1492473600,329.62,331.0,325.95,328.18,1392556.0
1492560000,330.01,335.96,328.31,333.61,1011041.0
1492646400,335.28,337.05,333.18,335.59,887984.0
1492732800,336.44,339.64,335.74,338.48,1092173.0
1492992000,340.03,342.1417,338.74,340.36,1138235.0
1493078400,341.98,345.3,340.89,344.5,1405590.0
1493164800,345.51,350.38,344.85,345.4,1495368.0
1493251200,346.1,350.35,346.1,348.8,865528.0
1493337600,349.83,349.99,342.78,345.16,1251677.0
1493596800,346.29,347.25,341.87,344.14,1528264.0
1493683200,338.89,340.13,333.2,337.69,2490997.0
1493769600,335.4,337.48,321.435,324.49,4124340.0
1493856000,324.89,327.4,322.25,322.6,1782282.0
1493942400,324.61,334.87,324.51,334.78,1988962.0
1494201600,329.52,331.0,321.72,323.81,3222049.0
1494288000,323.3,327.83,320.12,325.52,1476522.0
1494374400,324.53,327.18,323.09,325.58,940339.0
1494460800,325.28,327.12,323.2,324.61,1071121.0
1494547200,324.8,326.6,321.8,322.0,1523690.0
1494806400,322.24,324.3,320.631,321.07,1944126.0
1494892800,322.36,324.05,319.21,320.01,1459293.0
1494979200,319.14,320.36,312.49,313.11,2390074.0
1495065600,314.16,317.87,312.56,315.88,1797353.0
1495152000,315.01,318.4,313.92,315.78,1920804.0
1495411200,315.78,318.51,315.52,316.42,1841655.0
1495497600,317.34,320.48,314.5,318.79,1444073.0
1495584000,320.2,332.28,318.3006,329.04,1900052.0
1495670400,329.59,336.28,329.0,333.76,2180025.0
1495756800,334.38,338.91,333.01,337.44,926728.0
1496102400,336.49,340.0,334.85,338.92,1062379.0
1496188800,340.0,345.85,338.73,345.55,2012018.0
1496275200,346.5,354.05,339.465,346.39,2390020.0
1496361600,348.11,353.37,347.5,353.03,1586335.0
1496620800,355.0,355.0,343.72,344.43,1478954.0
1496707200,344.46,345.52,341.71,342.83,1042019.0
1496793600,343.66,347.01,341.64,345.88,966002.0
1496880000,344.9,345.24,333.38,337.45,1990826.0
1496966400,338.51,340.125,329.97,332.84,1442806.0
1497225600,330.9,339.24,329.0418,338.65,1395664.0
1497312000,335.99,344.22,335.99,341.81,1106276.0
1497398400,342.83,344.17,336.13,338.33,1276585.0
1497484800,336.81,340.57,333.5,338.34,1318677.0
1497571200,337.18,340.99,331.08,340.22,2406080.0
1497830400,342.0,345.19,339.97,340.26,1883721.0
1497916800,337.95,339.93,329.43,333.61,2161121.0
1498003200,333.85,335.505,332.25,333.88,1045865.0
1498089600,333.93,340.235,333.54,334.13,1116002.0
1498176000,334.79,335.43,326.4,330.8,3100580.0
1498435200,331.68,333.64,330.17,332.65,941893.0
1498521600,330.75,332.2939,327.14,329.87,1448187.0
1498608000,330.56,340.95,329.24,340.3,1513322.0
1498694400,339.38,340.185,332.13,335.74,2025164.0
1498780800,338.29,338.41,332.4,336.85,1394645.0
1499040000,338.26,339.45,328.65,328.67,793720.0
1499212800,329.23,335.24,328.8,335.11,1341912.0
1499299200,334.01,335.52,331.06,332.18,1251939.0
1499385600,332.08,334.43,330.58,332.43,870484.0
1499644800,333.13,338.4,332.1,336.6,1015974.0
1499731200,337.12,339.85,334.44,337.85,953620.0
1499817600,340.79,344.83,339.045,342.65,1071590.0
1499904000,343.07,343.23,338.0,339.04,930153.0
1499990400,340.8,344.51,335.79,342.8,1085969.0
1500249600,342.09,345.28,341.95,342.31,967082.0
1500336000,340.98,345.42,338.4,344.63,895173.0
1500422400,345.02,347.26,342.97,346.61,1256276.0
1500508800,346.47,349.67,344.315,345.3,1244759.0
1500595200,345.3,351.87,345.3,350.07,1340981.0
1500854400,349.79,350.43,345.2501,348.08,1473727.0
1500940800,349.47,350.885,346.5757,348.0,881657.0
1501027200,348.8,351.68,346.03,348.77,2265786.0
1501113600,354.0,370.96,353.02,366.9,3552388.0
1501200000,365.39,372.3655,361.0,370.26,1600282.0
1501459200,399.42,399.95,385.36,391.91,6272653.0
1501545600,392.84,392.965,383.726,387.42,2274005.0
1501632000,386.39,388.25,381.7,385.54,1370412.0
1501718400,384.54,387.41,383.29,384.3,1006645.0
1501804800,385.0,386.0,380.56,384.63,698514.0
1502064000,384.65,386.45,380.77,381.02,1309008.0
1502150400,380.02,393.24,378.2569,389.75,1913093.0
1502236800,387.89,408.83,386.38,400.9,3978134.0
1502323200,398.69,404.06,396.72,398.68,2069989.0
1502409600,400.08,402.45,392.6,394.49,2399848.0
1502668800,398.78,405.33,397.0,401.08,2439869.0
1502755200,401.05,403.36,395.92,397.73,2258066.0
1502841600,399.35,402.49,397.1801,400.78,1727324.0
1502928000,401.0,401.65,393.17,393.36,1595960.0
1503014400,391.53,396.27,390.71,392.97,1304255.0
1503273600,392.75,396.9,391.38,396.45,970803.0
1503360000,398.15,399.99,395.0,397.05,994184.0
1503446400,396.29,396.29,390.26,390.33,1280580.0
1503532800,390.09,391.53,384.24,389.23,1401056.0
1503619200,391.42,392.53,387.51,388.79,758648.0
1503878400,390.88,391.2,385.94,389.23,988045.0
1503964800,386.6,390.17,385.56,388.82,1118780.0
1504051200,388.22,395.16,388.22,393.37,953889.0
1504137600,394.54,398.8811,392.66,398.54,1921821.0
1504224000,398.93,399.34,391.87,392.48,1240566.0
1504569600,392.26,395.68,388.01,393.32,1189306.0
1504656000,393.58,403.65,389.295,402.5,1664541.0
1504742400,404.04,404.72,387.89,395.64,2802025.0
1504828800,394.63,395.6,387.0,392.9,2141667.0
1505088000,394.93,397.39,380.69,381.01,2090660.0
1505174400,380.92,386.16,374.7,381.57,2719881.0
1505260800,381.48,386.0,379.48,385.13,1616688.0
1505347200,382.17,384.76,375.76,376.0,2338034.0
1505433600,375.91,377.41,367.69,369.47,5270018.0
1505692800,370.2,371.51,365.9,368.17,1870865.0
1505779200,368.39,369.84,360.43,364.02,3302164.0
1505865600,365.99,371.5,363.5,367.01,2156826.0
1505952000,365.88,366.4,359.093,361.08,2374202.0
1506038400,359.54,363.33,358.75,360.3,2078451.0
1506297600,358.24,360.04,356.11,357.58,1773023.0
1506384000,359.51,361.01,356.58,359.04,2090921.0
1506470400,359.59,365.5,356.875,362.85,2280071.0
1506556800,359.5,362.54,357.26,360.95,1198951.0
1506643200,359.77,365.01,357.68,363.42,1317440.0
1506902400,364.52,366.52,362.87,364.11,1295181.0
1506988800,363.94,370.25,363.23,369.51,1272032.0
1507075200,368.61,371.7583,367.6,371.09,920374.0
1507161600,371.54,374.99,369.51,369.72,1801631.0
1507248000,370.42,370.85,366.6,367.4,1238972.0
1507507200,368.1,368.69,364.64,366.05,1241484.0
1507593600,365.99,368.16,362.86,364.92,1111015.0
1507680000,364.06,366.97,361.03,365.12,1432621.0
1507766400,363.0,363.0,352.51,355.71,2582612.0
1507852800,354.62,360.22,347.54,357.4,2710259.0
1508112000,358.06,362.78,357.61,362.6,1144270.0
1508198400,362.59,362.59,356.685,357.84,1178036.0
1508284800,357.04,357.5,350.76,352.07,1326746.0
1508371200,351.52,353.59,348.43,351.67,2007014.0
1508457600,353.84,355.4999,350.24,350.76,1317407.0
1508716800,350.15,351.02,344.155,345.07,1831874.0
1508803200,345.0,345.23,339.53,340.26,2176487.0
1508889600,338.69,345.51,336.57,344.91,3518363.0
1508976000,322.0,328.0856,312.41,316.29,8927655.0
1509062400,314.83,321.91,308.3,319.76,3539039.0
1509321600,318.47,329.7202,316.76,323.98,3404061.0
1509408000,324.34,339.42,321.82,334.17,3727421.0
1509494400,335.62,340.74,335.465,338.22,2324198.0
1509580800,341.32,341.67,334.65,337.66,2074841.0
1509667200,334.59,340.58,328.0,335.43,2226149.0
1509926400,338.0,361.28,336.63,348.4,3956652.0
1510012800,350.04,353.99,342.29,343.01,1721025.0
1510099200,342.58,343.84,335.5124,337.9,1372574.0
1510185600,335.79,342.34,333.055,341.2,1364388.0
1510272000,338.49,343.4,337.21,338.44,870133.0
1510531200,338.5,343.91,337.065,343.72,908984.0
1510617600,341.3,344.0,333.97,336.81,1452275.0
1510704000,337.33,337.66,330.5,334.22,1937529.0
1510790400,333.94,340.92,328.5,340.63,1513190.0
1510876800,341.38,349.54,338.955,341.54,1250464.0
1511136000,341.0,348.38,337.96,338.37,2286872.0
1511222400,339.24,344.85,337.64,338.42,1952084.0
1511308800,337.84,339.49,332.44,334.27,961096.0
1511481600,333.64,335.44,326.2,328.98,769024.0
1511740800,327.69,327.69,319.5,321.84,2092355.0
1511827200,321.95,327.965,317.93,325.89,2749801.0
1511913600,326.6,332.015,324.19,331.67,2320815.0
1512000000,328.35,330.91,320.995,326.21,4063661.0
1512086400,321.94,340.55,321.94,336.27,2168126.0
1512345600,330.2,347.48,329.1918,334.0,2629759.0
1512432000,333.27,338.92,330.46,330.95,1529683.0
1512518400,330.96,334.67,321.35,322.64,1536710.0
1512604800,322.0,330.44,320.65,325.22,2064063.0
1512691200,327.82,329.46,320.7,324.5,2024956.0
1512950400,326.79,332.99,323.84,331.49,2022227.0
1513036800,332.07,332.99,326.6,329.99,1966085.0
1513123200,331.35,334.15,323.77,329.0,2059077.0
1513209600,328.56,330.92,323.39,328.68,1603684.0
1513296000,331.98,331.98,321.31,322.31,3537952.0
1513555200,324.47,326.99,321.55,323.23,1985493.0
1513641600,322.65,324.34,316.43,316.97,1726273.0
1513728000,317.06,317.28,312.53,316.38,1949744.0
1513814400,317.86,336.83,316.78,332.94,1866449.0
1513900800,331.49,341.11,331.49,338.2,1460343.0
1514246400,336.84,340.5,336.1,340.4,1123774.0
1514332800,341.4,341.5,332.31,333.25,2044745.0
1514419200,334.45,339.775,333.0,338.03,764615.0
1514505600,335.14,342.02,333.82,335.96,846786.0
1514851200,338.43,352.82,337.77,348.97,2789254.0
1514937600,354.06,364.38,349.59,353.03,2500770.0
1515024000,356.75,358.0,346.97,349.79,1176448.0
1515110400,352.02,354.4,349.08,350.88,1960497.0
1515369600,354.47,360.19,351.63,356.55,1485897.0
1515456000,356.66,358.77,354.15,354.76,938935.0
1515542400,354.02,356.46,347.53,350.83,1092374.0
1515628800,350.28,356.19,348.32,355.27,1191089.0
1515715200,357.39,359.56,353.08,354.0,644642.0
1516060800,352.18,356.54,349.8692,352.93,1112560.0
1516147200,358.59,359.99,352.065,357.84,1119462.0
1516233600,356.49,365.25,356.49,365.25,1534564.0
1516320000,366.73,370.0,362.8,366.05,1453378.0
1516579200,366.37,371.0,366.0,370.25,1821955.0
1516665600,367.81,372.0,366.16,369.25,1043114.0
1516752000,370.45,377.06,367.27,376.18,1758310.0
1516838400,376.23,378.38,371.7,375.14,981775.0
1516924800,375.83,378.14,374.31,377.0,1228545.0
1517184000,375.24,376.615,370.71,374.5,925630.0
1517270400,376.37,377.98,371.84,376.57,1241633.0
1517356800,374.81,379.325,373.21,377.25,2152768.0
1517443200,376.11,380.255,371.14,371.18,1928171.0
1517529600,380.0,396.64,375.495,387.5,4374876.0
1517788800,391.6,395.0,371.47,372.57,2872626.0
1517875200,366.08,370.96,360.1221,369.75,4492123.0
1517961600,367.11,370.52,360.061,363.55,1554983.0
1518048000,362.1,363.04,346.13,348.65,1769875.0
1518134400,351.41,355.56,343.15,349.43,1908166.0
1518393600,350.26,360.38,350.0,357.88,855081.0
1518480000,354.46,357.49,353.41,355.68,772400.0
1518566400,354.06,359.285,352.0123,358.94,915515.0
1518652800,359.29,365.92,355.63,363.67,1096707.0
1518739200,364.03,370.09,361.49,365.66,751952.0
1519084800,364.98,365.23,358.67,358.77,803193.0
1519171200,359.34,367.38,356.5055,360.97,878277.0
1519257600,361.02,365.26,355.02,356.75,601081.0
1519344000,359.73,368.09,356.27,365.06,613542.0
1519603200,365.32,368.37,357.29,358.02,770171.0
1519689600,357.76,359.75,351.12,351.22,947161.0
1519776000,352.94,353.04,341.71,341.93,1065747.0
1519862400,342.72,349.65,337.6121,339.41,1363473.0
1519948800,336.86,339.73,331.8055,332.75,1986250.0
1520208000,330.51,349.53,328.925,346.6,2740423.0
1520294400,349.17,349.2299,336.29,337.96,1188438.0
1520380800,337.5,339.73,334.16,338.67,1058854.0
1520467200,339.51,343.49,338.04,341.19,1058330.0
1520553600,342.05,349.3918,340.26,347.59,940926.0
1520812800,349.56,369.51,349.56,359.22,2001269.0
1520899200,361.05,362.84,348.19,350.01,823326.0
1520985600,351.35,352.17,339.8,340.96,1298800.0
1521072000,340.14,343.69,337.14,339.55,834052.0
1521158400,341.23,344.76,339.85,342.17,2883018.0
1521417600,340.69,340.69,331.49,332.99,1370079.0
1521504000,332.87,333.85,327.4,327.61,1087884.0
1521590400,326.9,329.97,324.8,325.47,907375.0
1521676800,322.65,323.35,319.36,322.97,2769203.0
1521763200,322.66,323.74,311.78,312.39,1195417.0
1522022400,316.45,316.8956,307.23,312.18,1747496.0
1522108800,315.5,316.0,307.715,310.22,1494237.0
1522195200,311.17,312.84,306.06,306.26,1305811.0
1522281600,306.63,314.66,303.78,311.22,1521595.0
1522627200,308.91,310.6,298.67,303.87,1753006.0
1522713600,305.51,312.37,303.79,306.37,1706846.0
1522800000,304.38,312.47,302.05,311.69,1857070.0
1522886400,312.5,317.64,311.9375,317.02,875452.0
1522972800,314.88,316.08,308.47,310.67,1235041.0
1523232000,311.88,319.74,310.67,316.51,1144042.0
1523318400,319.59,319.59,307.84,308.24,1593406.0
1523404800,305.39,307.2,302.48,303.33,1645428.0
1523491200,304.3,308.0,299.23,306.34,1669493.0
1523577600,307.35,308.81,304.055,305.91,964093.0
1523836800,308.84,315.4,304.35,312.84,1333612.0
1523923200,315.27,317.6,309.35,310.48,1306791.0
1524009600,311.15,319.38,311.15,317.46,1026600.0
1524096000,316.35,322.89,314.01,315.55,1113489.0
1524182400,314.81,318.7,310.17,310.94,915834.0
1524441600,312.0,315.04,309.16,309.97,819451.0
1524528000,312.53,313.76,299.72,301.28,1053893.0
1524614400,300.0,301.6,295.34,300.35,2091810.0
1524700800,301.84,305.38,296.18,298.15,1512329.0
1524787200,275.14,279.064,250.1,263.325,1.5522707E7
1525046400,264.09,273.445,264.09,271.29,6432656.0
1525132800,270.58,281.33,267.33,279.4,3597659.0
1525219200,278.0,279.1,272.01,274.78,2141811.0
1525305600,273.64,273.82,264.75,271.36,2198985.0
1525392000,269.1,279.18,267.581,276.07,1241918.0
1525651200,276.24,280.16,273.92,278.1,1146793.0
1525737600,277.0,277.87,269.11,271.01,1636805.0
1525824000,272.46,273.19,269.93,270.13,1560933.0
1525910400,271.25,275.64,269.97,272.83,1984428.0
1525996800,273.51,274.56,269.3,272.81,1825664.0
1526256000,272.4,277.89,270.37,272.84,1808933.0
1526342400,272.33,274.33,266.86,270.31,1775011.0
1526428800,270.8,274.29,266.74,272.33,1861480.0
1526515200,271.97,273.16,267.83,268.17,1301719.0
1526601600,267.69,270.59,266.725,270.17,1643005.0
1526860800,270.0,270.0,265.24,266.55,2065579.0
1526947200,267.62,268.81,267.02,267.66,1315960.0
1527033600,265.47,275.045,265.22,274.09,1419049.0
1527120000,274.09,274.09,267.95,268.43,1291601.0
1527206400,268.52,271.42,267.895,270.2,769459.0
1527552000,268.0,271.03,264.83,266.36,1181640.0
1527638400,267.14,268.74,262.16,266.94,1352313.0
1527724800,264.73,267.06,259.4774,261.04,3132349.0
1527811200,261.7,266.45,260.0,261.87,1691411.0
1528070400,262.1,268.89,260.39,267.98,1471834.0
1528156800,267.66,270.72,265.16,265.95,1178895.0
1528243200,266.12,278.2,266.0,275.09,1645149.0
1528329600,274.35,279.54,270.8707,278.19,1840886.0
1528416000,277.4,279.46,274.15,277.26,2903033.0
1528675200,276.57,284.1,275.9825,283.06,2031659.0
1528761600,283.1,293.5,283.1,290.98,3617019.0
1528848000,295.0,295.58,283.22,285.02,2581659.0
1528934400,285.05,297.25,283.68,295.61,2379402.0
1529020800,295.63,298.7194,292.3799,297.2,2414215.0
1529280000,290.79,297.09,290.79,295.25,2393868.0
1529366400,289.19,295.0,286.3115,292.99,1344929.0
1529452800,296.76,298.505,288.55,290.34,1560692.0
1529539200,295.85,296.73,291.01,291.86,844879.0
1529625600,292.39,302.43,292.39,299.3,1462661.0
1529884800,296.7,301.24,293.85,295.53,1663730.0
1529971200,295.7,300.18,292.33,299.3,1028120.0
1530057600,299.62,301.0,295.73,296.04,957025.0
1530144000,297.17,298.8,292.34,295.05,991716.0
1530230400,290.34,299.07,286.83,293.21,1398105.0
1530489600,292.13,294.94,290.26,293.91,909626.0
1530576000,296.19,300.08,294.4,299.51,664336.0
1530748800,300.15,302.04,293.44,296.18,1084959.0
1530835200,297.43,305.15,296.79,304.43,1119331.0
1531094400,305.83,310.57,304.655,308.22,900052.0
1531180800,309.41,309.41,302.67,305.71,1102606.0
1531267200,303.55,307.71,300.76,301.37,819906.0
1531353600,301.61,306.34,299.12,305.02,797817.0
1531440000,305.09,305.955,302.3,304.84,669788.0
1531699200,305.65,307.0599,301.86,304.19,710087.0
1531785600,301.26,304.77,300.4,302.03,616569.0
1531872000,301.37,303.17,298.21,299.6,2007749.0
1531958400,299.98,299.98,290.91,291.14,1436839.0
1532044800,291.46,291.56,286.82,288.84,1094930.0
1532304000,288.83,288.83,285.09,287.82,967856.0
1532390400,288.01,288.88,281.99,282.32,1207766.0
1532476800,281.61,283.14,271.56,274.65,1760156.0
1532563200,280.06,288.99,276.59,286.91,1962087.0
1532649600,286.39,291.01,280.59,286.29,1350588.0
1532908800,284.61,294.28,283.51,293.9,1083800.0
1532995200,307.13,314.88,302.2,304.58,2533633.0
1533081600,304.99,305.29,300.39,301.43,1042347.0
1533168000,297.42,299.64,293.97,294.2,1064208.0
1533254400,293.94,305.0,293.74,303.66,1199095.0
1533513600,303.91,304.8,299.84,300.0,856443.0
1533600000,294.0,299.86,293.57,297.03,2290701.0
1533686400,297.86,298.93,296.24,298.2,1101764.0
1533772800,299.32,307.53,298.97,305.17,1452914.0
1533859200,302.86,304.95,302.06,302.45,1749952.0
1534118400,303.54,304.63,299.72,302.06,1326629.0
1534204800,303.67,308.69,301.24,307.86,1694818.0
1534291200,305.44,305.9295,294.78,295.75,2386129.0
1534377600,296.66,303.95,296.54,302.0,1407984.0
1534464000,302.32,303.73,298.93,299.64,1094461.0
1534723200,300.63,300.79,294.84,295.0,1695485.0
1534809600,295.0,307.683,295.0,305.08,2454476.0
1534896000,302.27,306.125,297.58,300.28,1802323.0
1534982400,299.14,299.16,292.71,293.39,2008988.0
1535068800,294.03,301.84,292.93,300.67,1172522.0
1535328000,302.55,305.87,300.73,304.34,1212168.0
1535414400,305.49,310.04,303.85,305.03,1265034.0
1535500800,305.46,310.29,303.87,309.15,1081854.0
1535587200,308.25,309.43,306.205,309.06,1312287.0
1535673600,309.18,313.11,307.5,310.4,1256058.0
1536019200,309.82,316.6695,306.87,312.99,1980653.0
1536105600,312.33,314.64,305.93,306.81,1465979.0
1536192000,306.15,310.58,303.45,305.19,888121.0
1536278400,303.36,308.51,303.09,305.19,1557358.0
1536537600,307.5,310.52,306.38,310.27,1257641.0
1536624000,310.83,314.7,309.54,312.84,1346166.0
1536710400,311.46,313.05,304.77,312.5,2646842.0
1536796800,315.34,324.89,314.8,319.21,1566150.0
1536883200,320.0,320.25,316.11,318.13,705379.0
1537142400,318.99,321.435,316.3,319.47,1232127.0
1537228800,319.61,330.46,319.17,328.79,1950044.0
1537315200,328.59,331.97,328.59,329.79,1809712.0
1537401600,331.85,332.707,329.375,329.99,1054862.0
1537488000,331.16,334.98,329.49,332.59,3811870.0
1537747200,330.84,332.43,325.88,327.04,1616433.0
1537833600,326.38,327.87,323.0,323.37,1613740.0
1537920000,324.26,326.98,320.85,321.67,1234783.0
1538006400,321.7,328.7825,320.38,325.07,780207.0
1538092800,324.09,327.26,321.3944,325.88,1037035.0
1538352000,327.66,327.99,319.45,321.59,1506551.0
1538438400,321.0,326.96,319.59,326.89,1277250.0
1538524800,328.53,329.14,323.06,325.29,1716177.0
1538611200,324.09,326.32,321.11,324.68,1714327.0
1538697600,325.94,326.16,313.315,316.04,1585791.0
1538956800,314.78,321.19,314.61,320.24,1231273.0
1539043200,320.7,325.89,317.1,322.64,760467.0
1539129600,322.55,324.38,309.32,310.13,1416309.0
1539216000,310.24,311.89,298.66,301.92,1955425.0
1539302400,305.34,310.38,303.4,308.74,1664587.0
1539561600,309.68,317.5068,308.59,313.89,1351528.0
1539648000,316.07,322.84,314.2708,321.04,1191556.0
1539734400,320.96,321.51,315.0,319.83,1115428.0
1539820800,320.1,320.465,314.04,318.1,1732335.0
1539907200,319.1,324.56,316.47,321.34,1110173.0
1540166400,322.77,325.0,318.26,319.61,884993.0
1540252800,315.67,319.8,311.99,317.89,1070649.0
1540339200,318.12,321.69,305.18,306.05,1331975.0
1540425600,312.23,318.25,305.4337,314.81,1820381.0
1540512000,297.0,302.55,284.35,295.01,4569671.0
1540771200,299.13,310.3795,296.05,300.85,1933270.0
1540857600,302.36,316.94,301.85,316.22,1524478.0
1540944000,318.36,325.87,317.24,320.37,1973733.0
1541030400,319.78,330.45,317.0,324.58,1440941.0
1541116800,325.93,329.5677,309.52,317.87,1374921.0
1541376000,319.48,325.97,318.34,323.35,787121.0
1541462400,325.29,326.98,317.81,320.67,835703.0
1541548800,324.56,329.87,322.57,328.36,886469.0
1541635200,326.19,329.91,322.32,324.65,1075277.0
1541721600,322.99,327.68,316.625,321.11,756836.0
1541980800,320.36,326.33,319.76,323.35,866507.0
1542067200,323.48,330.97,323.48,324.56,835337.0
1542153600,326.32,329.05,320.19,320.8,948905.0
1542240000,319.27,321.04,309.955,318.48,1178554.0
1542326400,317.28,330.57,317.14,328.54,1225481.0
1542585600,329.46,331.17,321.57,323.6,1488081.0
1542672000,319.99,322.13,303.65,305.01,2836236.0
1542758400,305.35,311.42,304.78,305.54,1096455.0
1542931200,302.93,311.7,302.455,309.43,671423.0
1543190400,313.54,314.13,308.78,313.23,1239972.0
1543276800,312.28,320.17,311.51,317.64,690630.0
1543363200,317.77,329.09,316.0,328.68,1239527.0
1543449600,325.54,334.76,325.54,330.33,1084705.0
1543536000,331.28,333.24,324.95,329.2,1784517.0
1543795200,331.71,334.31,323.53,326.7,1159403.0
1543881600,326.96,330.86,318.33,321.84,1391808.0
1544054400,318.58,326.97,313.8286,326.78,1311903.0
1544140800,323.91,326.94,312.325,315.7,1164431.0
1544400000,316.34,316.91,308.84,315.64,1002063.0
1544486400,319.57,321.022,310.07,312.54,947378.0
1544572800,317.7,323.68,315.835,316.78,958771.0
1544659200,318.64,321.1799,308.25,311.48,1063071.0
1544745600,308.55,313.9,307.5105,309.42,959303.0
1545004800,310.0,311.96,307.12,309.28,1829147.0
1545091200,311.87,313.41,302.615,305.93,1911832.0
1545177600,305.31,311.03,296.725,297.6,1937169.0
1545264000,296.38,298.92,289.71,290.45,2488240.0
1545350400,287.98,296.44,282.73,283.93,3593068.0
1545609600,283.69,284.98,273.31,273.52,1009027.0
1545782400,275.34,285.85,272.91,285.7,1359798.0
1545868800,281.78,284.75,274.08,284.73,1242461.0
1545955200,287.7,290.52,274.71,285.08,1035383.0
1546214400,286.73,287.94,280.75,284.97,1075271.0
1546387200,279.89,289.52,279.11,287.99,1296323.0
1546473600,284.62,294.0,284.62,287.5,1176284.0
1546560000,291.11,305.12,288.62,302.74,2336619.0
1546819200,301.13,304.11,299.2631,301.47,1308442.0
1546905600,300.405,305.724,300.12,300.71,1051098.0
1546992000,301.93,301.94,295.5,297.64,1241430.0
1547078400,295.47,297.095,291.01,292.67,1701119.0
1547164800,291.02,295.03,290.83,294.54,906820.0
1547424000,292.99,298.2,290.76,291.56,1219517.0
1547510400,291.67,294.12,290.5,294.0,1152353.0
1547596800,293.19,295.825,290.94,293.81,1005343.0
1547683200,292.32,295.6,290.76,294.41,841437.0
1547769600,297.24,297.24,289.57,291.4,1617632.0
1548115200,288.66,290.92,283.015,284.97,2404135.0
1548201600,287.36,291.35,279.33,284.53,1593501.0
1548288000,281.07,288.0,281.07,287.58,1439371.0
1548374400,290.0,291.61,286.8,291.41,1323218.0
1548633600,289.38,291.73,287.305,290.86,1136638.0
1548720000,290.7,292.97,287.58,289.78,781944.0
1548806400,289.57,293.1,288.0,289.91,1725860.0
1548892800,320.01,338.31,319.3,331.05,5176034.0
1548979200,331.87,343.135,330.92,340.95,1998498.0
1549238400,338.65,343.9,336.39,337.0,1224836.0
1549324800,337.71,341.0,332.77,340.7,1498525.0
1549411200,340.0,343.79,338.91,343.51,1216983.0
1549497600,340.18,344.65,337.72,344.51,1190886.0
1549584000,341.36,344.64,338.87,344.16,809276.0
1549843200,343.32,344.72,335.71,337.82,1251637.0
1549929600,341.04,342.0,339.11,340.4,977840.0
1550016000,340.6,343.32,336.38,338.49,1124155.0
1550102400,336.36,343.27,335.22,341.6,863270.0
1550188800,344.69,349.77,341.92,349.06,1131976.0
1550534400,347.67,350.78,347.01,348.43,1231337.0
1550620800,349.3,351.39,347.86,349.76,2112342.0
1550707200,348.28,350.275,343.85,349.54,933682.0
1550793600,350.92,353.495,348.7603,350.08,1261574.0
1551052800,352.34,353.75,347.88,348.9,1094365.0
1551139200,348.83,348.83,345.56,346.32,1118146.0
1551225600,344.59,345.85,342.91,345.03,1354741.0
1551312000,345.16,347.43,344.31,344.91,1034980.0
1551398400,347.52,347.52,344.96,346.58,1218987.0
1551657600,348.88,349.84,343.55,346.1,1386725.0
1551744000,345.22,346.99,337.04,343.75,1000871.0
1551830400,344.78,344.78,339.75,340.56,990092.0
1551916800,339.81,341.67,337.01,340.03,842555.0
1552003200,337.4,339.78,335.53,337.54,701542.0
1552262400,337.69,341.88,336.04,341.08,1401874.0
1552348800,342.4,342.66,339.7,342.51,1572351.0
1552435200,343.99,350.06,342.52,348.13,1916383.0
1552521600,348.97,354.47,346.22,352.71,1131353.0
1552608000,352.36,356.9,350.85,355.92,2484667.0
1552867200,356.52,359.715,355.47,357.35,1086141.0
1552953600,359.48,363.25,357.55,360.45,1205497.0
1553040000,360.58,365.64,358.69,362.44,1194657.0
1553126400,361.8,368.02,360.85,366.27,1099977.0
1553212800,365.7,366.49,360.38,360.78,5241885.0
1553472000,360.75,362.51,355.77,356.84,1365577.0
1553558400,356.8,358.72,354.59,356.03,1150219.0
1553644800,356.39,360.255,354.765,355.51,1372223.0
1553731200,356.17,358.605,352.22,352.87,834210.0
1553817600,352.12,354.6,345.67,346.91,1410825.0
1554076800,349.81,350.6,343.7,346.22,1153064.0
1554163200,346.75,347.505,344.36,346.63,1233131.0
1554249600,348.66,349.1,343.1475,345.37,1195871.0
1554336000,346.25,347.0,343.95,345.72,1214724.0
1554422400,345.79,352.2,344.99,351.44,1247185.0
1554681600,350.53,355.12,350.53,354.14,830866.0
1554768000,351.89,355.555,350.54,354.56,808862.0
1554854400,353.48,355.47,353.04,354.35,574010.0
1554940800,356.35,356.59,353.25,355.25,689235.0
1555027200,355.89,356.95,354.0,356.05,734101.0
1555286400,356.59,358.38,355.52,357.34,749641.0
1555372800,359.01,359.67,356.97,358.05,472374.0
1555459200,360.0,362.25,358.505,361.69,842088.0
1555545600,367.2,367.2,356.79,359.37,640780.0
1555891200,358.54,359.91,356.46,358.05,610328.0
1555977600,356.5,361.32,355.325,358.63,762408.0
1556064000,358.04,361.99,355.28,360.5,817144.0
1556150400,357.91,368.78,357.3169,366.76,1190926.0
1556236800,368.19,370.33,364.69,370.15,782399.0
1556496000,370.0,371.63,368.5823,370.97,924572.0
1556582400,371.44,375.0,368.37,371.19,1322633.0
1556668800,373.13,378.355,370.72,371.04,1079069.0
1556755200,370.97,371.63,365.9,370.41,678162.0
1556841600,372.12,377.93,369.61,377.68,917135.0
1557100800,372.67,376.97,372.58,376.28,1059851.0
1557187200,372.31,375.31,368.2,374.74,896748.0
1557273600,374.64,375.51,370.14,372.32,787729.0
1557360000,369.46,375.32,368.33,374.33,733580.0
1557446400,372.37,378.3,369.8,377.89,593960.0
1557705600,372.31,375.54,367.35,368.89,1094709.0
1557792000,369.38,376.655,368.78,373.15,846524.0
1557878400,370.38,378.34,368.92,377.19,935231.0
1557964800,378.19,384.0,376.3044,382.19,981857.0
1558051200,381.83,387.41,381.83,386.41,882511.0
1558310400,378.43,380.0,375.26,377.29,1140017.0
1558396800,379.39,381.98,376.459,379.21,889386.0
1558483200,378.21,380.51,376.8154,378.08,665366.0
1558569600,375.43,377.46,374.0,375.51,866976.0
1558656000,376.74,379.14,374.89,375.0,597169.0
1559001600,377.2,379.92,375.08,377.0,1748803.0
1559088000,375.98,376.61,372.23,375.37,1326619.0
1559174400,377.69,379.93,375.735,379.22,995734.0
1559260800,376.16,380.0,373.04,376.8,1552044.0
1559520000,376.34,379.55,375.24,377.65,1315424.0
1559606400,380.94,392.14,378.51,387.67,1748141.0
1559692800,389.06,389.285,382.41,384.96,1573145.0
1559779200,384.62,388.53,384.01,387.31,479943.0
1559865600,389.0,395.3,387.58,394.04,1310786.0
1560124800,395.89,396.89,392.99,395.41,890623.0
1560211200,397.68,397.68,388.63,391.64,918541.0
1560297600,391.43,394.5,389.94,391.16,1188003.0
1560384000,392.91,392.91,387.9,389.72,657407.0
1560470400,390.32,393.205,386.66,392.08,730465.0
1560729600,393.74,397.18,391.295,394.07,623084.0
1560816000,397.52,400.0,394.67,395.21,1011767.0
1560902400,395.63,398.17,394.36,397.75,572571.0
1560988800,400.48,401.38,395.88,398.77,792065.0
1561075200,400.0,400.0,390.67,394.69,1402229.0
1561334400,396.01,396.01,391.01,392.44,801740.0
1561420800,391.18,392.47,385.75,390.91,1121780.0
1561507200,391.49,392.51,385.235,388.24,949717.0
1561593600,389.75,393.63,387.17,391.41,552884.0
1561680000,391.46,397.995,390.38,395.18,1454550.0
1561939200,400.0,400.0,396.02,397.74,743935.0
1562025600,398.84,399.81,395.3,398.69,673124.0
1562112000,399.58,401.97,397.68,400.0,406394.0
1562284800,397.37,402.62,397.37,401.68,648120.0
1562544000,399.87,402.47,398.1,399.395,472005.0
1562630400,397.92,402.67,396.69,401.22,472598.0
1562716800,404.34,408.26,402.7,407.21,1335836.0
1562803200,408.15,411.7,406.99,410.25,1193556.0
1562889600,411.5,415.14,409.02,414.31,1229844.0
1563148800,415.73,415.73,411.675,414.63,1142795.0
1563235200,414.79,417.03,412.78,414.84,637915.0
1563321600,416.59,416.95,412.55,414.56,460019.0
1563408000,410.12,416.05,409.14,415.62,696756.0
1563494400,417.13,417.13,409.38,409.79,820493.0
1563753600,411.0,411.72,405.7624,407.86,666408.0
1563840000,408.97,409.6,403.93,407.53,763985.0
1563926400,407.45,410.9834,404.82,409.67,634558.0
1564012800,407.22,410.32,404.58,405.5,1233503.0
1564099200,380.0,399.13,375.0553,398.79,1608420.0
1564358400,398.78,402.89,390.78,393.65,738030.0
1564444800,391.67,398.615,391.22,394.56,916374.0
1564531200,390.98,390.99,382.0,385.38,2197085.0
1564617600,385.94,392.85,383.98,384.38,1389575.0
1564704000,383.12,385.75,379.75,384.66,1382421.0
1564963200,380.07,382.8,376.145,379.74,1796322.0
1565049600,379.77,384.79,377.48,381.99,1168558.0
1565136000,376.4,377.39,371.3,375.03,2552396.0
1565222400,378.19,382.37,370.78,380.03,2052211.0
1565308800,380.51,382.07,376.6,379.57,1207329.0
1565568000,378.8,379.79,372.9,376.28,1312569.0
1565654400,376.23,384.08,374.08,379.37,1778702.0
1565740800,375.86,377.88,372.58,375.18,1442210.0
1565827200,376.19,381.9,375.44,380.94,1323666.0
1565913600,385.33,386.39,381.94,384.51,1331697.0
1566172800,388.18,391.555,387.05,388.42,1219946.0
1566259200,386.95,394.2,386.7741,391.55,1098277.0
1566345600,393.3,393.94,389.52,392.13,899835.0
1566432000,392.68,393.13,387.43,391.25,891907.0
1566518400,388.84,395.37,384.43,385.51,1333593.0
1566777600,387.85,399.07,387.13,396.78,1460528.0
1566864000,397.43,401.4,395.04,398.49,1013954.0
1566950400,398.65,403.5,395.67,400.5,806428.0
1567036800,404.62,410.09,403.07,407.24,892040.0
1567123200,409.12,412.5,407.425,409.59,1130430.0
1567468800,408.08,413.16,407.255,411.81,977818.0
1567555200,415.38,420.26,415.22,419.47,1492853.0
1567641600,424.75,428.95,420.31,422.05,1113371.0
1567728000,423.12,427.9,421.02,425.72,973778.0
1567987200,425.99,427.11,417.66,419.78,1192854.0
1568073600,418.97,423.915,415.97,421.34,1367686.0
1568160000,420.18,425.79,420.18,425.0,751397.0
1568246400,427.67,431.43,423.55,425.0,1233897.0
1568332800,425.06,426.65,421.91,425.52,890776.0
1568592000,425.19,427.0,419.15,423.25,908934.0
1568678400,423.31,425.36,419.05,425.15,760665.0
1568764800,424.24,425.71,419.07,425.42,837434.0
1568851200,426.78,429.875,425.1,427.42,833703.0
1568937600,426.01,427.29,419.65,420.35,3016047.0
1569196800,421.69,423.51,420.14,421.51,1148883.0
1569283200,422.54,424.59,416.69,417.53,1313158.0
1569369600,417.2,418.57,414.51,416.66,1840869.0
1569456000,418.45,418.753,406.16,411.0,2123950.0
1569542400,411.83,411.83,401.835,406.21,1266386.0
1569801600,408.21,413.765,406.89,412.12,929366.0
1569888000,412.53,415.48,405.02,405.6,1136939.0
1569974400,409.91,412.92,405.8,410.75,1199862.0
1570060800,409.01,416.96,406.7,416.67,810061.0
1570147200,422.17,429.4025,420.9,427.72,1076651.0
1570406400,425.53,432.16,425.29,430.04,996365.0
1570492800,426.91,430.94,423.05,428.07,1248039.0
1570579200,431.23,431.51,427.475,429.28,626753.0
1570665600,428.97,430.3,424.88,426.93,704009.0
1570752000,430.22,430.72,422.88,423.16,1235519.0
1571011200,423.89,424.69,421.92,422.96,690356.0
1571097600,423.6,435.45,422.79,432.92,1304401.0
1571184000,432.85,440.27,430.26,438.1,907717.0
1571270400,439.55,445.0,437.32,441.93,724854.0
1571356800,443.79,444.41,439.6,440.05,821667.0
1571616000,442.22,444.99,437.26,438.16,750992.0
1571702400,437.04,441.005,435.87,437.23,1088374.0
1571788800,436.25,439.39,434.12,435.56,914133.0
1571875200,435.11,439.05,432.64,435.07,1037797.0
1571961600,460.87,469.57,442.25,462.19,2254065.0
1572220800,465.83,470.31,465.23,467.09,1072940.0
1572307200,464.01,468.99,463.19,464.07,1054058.0
1572393600,464.1,469.31,462.31,468.78,1597279.0
1572480000,468.26,469.4489,462.35,467.86,1431980.0
1572566400,469.97,478.07,469.045,476.48,1144314.0
1572825600,477.7,479.18,471.37,473.5,1039567.0
1572912000,474.43,474.43,467.51,473.25,1043550.0
1572998400,472.72,472.72,462.99,469.03,1228420.0
1573084800,468.62,471.065,463.955,468.44,1067596.0
1573171200,467.26,474.2994,465.41,469.75,770152.0
1573430400,468.4,474.6,467.02,473.5,777647.0
1573516800,473.41,475.64,472.215,474.07,693041.0
1573603200,474.33,482.62,472.44,480.16,1292386.0
1573689600,479.27,480.29,476.505,479.97,861001.0
1573776000,482.44,485.99,473.21,475.6,842280.0
1574035200,475.17,477.45,471.44,474.07,1150905.0
1574121600,475.91,480.52,471.275,478.97,794772.0
1574208000,475.93,483.55,474.8549,479.08,1148169.0
1574294400,479.95,479.95,474.22,474.65,674169.0
1574380800,474.51,477.115,467.46,468.5,987724.0
1574640000,471.38,472.91,464.68,466.06,1013545.0
1574726400,467.3,469.47,463.94,467.31,1555554.0
1574812800,467.24,475.87,466.33,473.78,703734.0
1574985600,473.44,473.565,468.87,470.01,554943.0
1575244800,469.32,473.2,467.42,470.33,898170.0
1575331200,469.82,470.51,465.39,469.86,815543.0
1575417600,466.64,469.275,460.96,462.05,1040967.0
1575504000,462.15,468.27,461.91,467.27,1098247.0
1575590400,470.58,473.22,467.1,467.85,848398.0
1575849600,469.51,475.5,467.2,468.66,848361.0
1575936000,467.1,469.7,460.47,461.71,979898.0
1576022400,462.52,467.32,461.425,465.87,884487.0
1576108800,466.7,472.93,464.88,469.6,1013613.0
1576195200,467.28,478.07,465.85,475.27,1258641.0
1576454400,477.87,478.8326,468.06,470.23,1340975.0
1576540800,471.03,476.26,469.23,471.13,1494338.0
1576627200,472.64,476.18,466.14,466.52,1081158.0
1576713600,466.52,475.89,466.2,475.67,1063225.0
1576800000,479.96,480.845,473.49,476.22,2831202.0
1577059200,476.72,483.078,475.458,480.72,1225574.0
1577145600,482.22,482.935,480.255,480.86,463705.0
1577318400,480.95,487.175,480.95,485.73,752858.0
1577404800,487.52,487.52,481.89,483.69,507486.0
1577664000,483.74,484.93,478.39,483.08,702457.0
1577750400,482.3,487.08,481.97,485.08,757121.0
1577923200,487.41,491.41,480.49,490.43,1326760.0
1578009600,485.53,496.59,485.53,494.47,974103.0
1578268800,492.66,498.15,490.93,497.45,829991.0
1578355200,497.13,500.6495,495.55,499.16,1050754.0
1578441600,499.0,509.99,498.55,500.77,1063175.0
1578528000,501.5,508.86,501.5,507.28,924337.0
1578614400,507.79,509.03,503.5215,505.03,912689.0
1578873600,506.04,512.65,504.889,510.15,933739.0
1578960000,508.47,512.7,506.24,509.62,1656084.0
1579046400,510.15,517.07,507.045,515.4,611188.0
1579132800,507.0,513.71,506.155,508.78,1104082.0
1579219200,512.03,512.03,501.33,502.73,2252919.0
1579564800,501.28,506.73,498.94,503.59,1040969.0
1579651200,505.54,512.79,504.605,510.76,1878568.0
1579737600,509.63,516.7,505.45,513.14,1182492.0
1579824000,512.63,514.26,503.9,504.67,1182975.0
1580083200,499.14,507.36,497.42,504.08,1930873.0
1580169600,501.73,507.45,498.81,499.34,1326831.0
1580256000,498.32,499.065,487.82,490.74,1208780.0
1580342400,486.88,494.33,484.96,492.98,1067597.0
1580428800,504.76,521.69,495.0001,517.46,2053913.0
1580688000,522.84,537.535,522.691,532.05,1666690.0
1580774400,528.85,532.65,519.85,531.75,1596213.0
1580860800,522.0,530.53,521.0301,522.18,1819300.0
1580947200,524.86,529.46,522.9162,526.56,830690.0
1581033600,526.11,526.55,521.34,525.21,753645.0
1581292800,525.75,531.75,524.42,530.34,1253222.0
1581379200,531.0,532.3,524.01,530.94,1098148.0
1581465600,531.49,535.425,528.63,534.0,891307.0
1581552000,534.12,536.25,532.555,534.73,709402.0
1581638400,532.49,536.25,532.2,534.89,658168.0
1581984000,535.25,538.7,533.38,537.6,739542.0
1582070400,539.73,546.54,536.94,542.46,1041453.0
1582156800,542.01,544.09,532.09,539.22,1049378.0
1582243200,537.34,538.43,529.24,535.34,1243538.0
1582502400,529.8,534.0,525.59,528.7,1410588.0
1582588800,530.84,534.83,517.0067,517.99,1697986.0
1582675200,524.78,527.5,516.6845,518.09,1617799.0
1582761600,513.21,520.49,507.51,508.55,2609140.0
1582848000,500.7,509.88,485.46,493.17,3590039.0
1583107200,494.47,500.7,490.34,497.13,2951747.0
1583193600,489.18,505.5,489.18,495.03,2885077.0
1583280000,502.38,524.65,498.81,522.84,2013977.0
1583366400,514.34,522.76,501.23,505.14,4485261.0
1583452800,486.84,498.62,480.65,496.72,2145304.0
1583712000,466.58,478.62,460.74,463.21,2566140.0
1583798400,467.8,477.87,460.36,476.76,2660607.0
1583884800,466.82,477.0,443.915,450.65,3023634.0
1583971200,434.0,446.74,421.86,427.54,3459204.0
1584057600,446.48,454.52,413.66,454.19,3147668.0
1584316800,414.98,418.38,388.13,389.11,3274446.0
1584403200,397.47,406.63,388.23,393.02,3735998.0
1584489600,374.78,390.75,345.67,381.52,4954762.0
1584576000,379.57,414.4,372.94,393.06,2466838.0
1584662400,394.81,404.555,370.0,371.7,3322437.0
1584921600,371.0,399.99,364.6747,381.78,2462506.0
1585008000,396.52,421.21,396.52,419.4,2817736.0
1585094400,416.01,441.0,408.54,420.77,2222772.0
1585180800,424.47,460.54,422.05,454.17,2182740.0
1585267200,439.01,456.395,434.9,439.7,1909941.0
1585526400,440.74,454.51,440.74,450.78,2043884.0
1585612800,443.77,449.17,432.06,436.31,2072787.0
1585699200,418.3,434.83,413.39,424.03,1360944.0
1585785600,420.26,436.88,418.01,435.66,1377233.0
1585872000,433.24,440.615,425.99,433.8,1027873.0
1586131200,451.97,464.5,442.75,459.55,1627491.0
1586217600,472.83,475.15,449.83,451.75,1632653.0
1586304000,461.62,466.14,450.97,463.93,1070823.0
1586390400,465.65,476.145,456.19,466.64,1634269.0
1586736000,468.97,473.2,462.16,469.7,988173.0
1586822400,473.48,495.92,473.13,489.57,1366619.0
1586908800,477.71,497.98,474.54,496.32,1041240.0
1586995200,499.94,507.77,493.495,496.35,1158444.0
1587081600,504.35,509.12,486.07,499.42,1487893.0
1587340800,495.99,506.255,490.45,498.67,947663.0
1587427200,493.38,497.59,486.77,490.78,1178377.0
1587513600,500.39,501.35,490.24,496.08,878328.0
1587600000,498.5,508.06,495.61,499.12,713804.0
1587686400,501.53,508.86,494.11,508.55,767827.0
1587945600,511.81,515.63,505.78,508.44,933019.0
1588032000,514.73,514.73,494.33,497.16,963942.0
1588118400,501.91,505.57,492.42,494.67,1117049.0
1588204800,492.67,511.33,490.35,495.23,2353646.0
1588291200,511.0,517.905,495.51,509.64,1671355.0
1588550400,514.12,521.8,508.87,515.73,1153482.0
1588636800,517.01,518.42,508.88,513.44,939560.0
1588723200,516.56,517.87,496.62,503.96,806930.0
1588809600,511.81,520.0,507.61,514.25,862882.0
1588896000,521.46,521.46,513.13,515.28,607700.0
1589155200,510.66,515.65,507.2,510.74,835898.0
1589241600,507.31,514.59,501.37,501.93,776169.0
1589328000,500.09,503.0,487.67,498.3,1078889.0
1589414400,499.09,502.06,489.27,497.44,831238.0
1589500800,491.36,503.47,485.01,503.39,905287.0
1589760000,511.15,524.655,505.795,517.79,1194911.0
1589846400,512.93,523.29,512.4,520.44,1082920.0
1589932800,519.35,525.77,510.9,512.8,1089532.0
1590019200,511.25,519.64,510.0,516.96,788195.0
1590105600,513.71,519.1,509.24,512.9,714439.0
1590451200,515.0,517.69,508.195,509.85,977621.0
1590537600,512.76,528.06,511.01,525.11,1479462.0
1590624000,528.54,539.88,528.54,534.67,1577427.0
1590710400,535.5,545.63,531.08,544.0,1606456.0
1590969600,545.04,548.04,540.02,541.3,849173.0
1591056000,541.69,549.0,540.825,545.22,960592.0
1591142400,545.47,548.81,542.26,547.3,674578.0
1591228800,544.47,548.91,534.66,540.03,1109611.0
1591315200,538.65,546.07,528.02,530.72,1395046.0
1591574400,524.0,540.4,522.08,540.36,1225252.0
1591660800,541.09,542.355,529.43,531.57,892860.0
1591747200,536.35,536.35,528.5,533.81,951775.0
1591833600,532.71,535.67,517.15,517.17,1485432.0
1591920000,524.35,530.715,515.29,522.57,1043555.0
1592179200,514.05,526.75,511.5461,526.02,910361.0
1592265600,528.0,538.02,525.89,532.45,976791.0
1592352000,535.37,539.11,532.82,534.23,953343.0
1592438400,531.94,538.97,530.4245,535.11,886112.0
1592524800,540.0,540.9,524.47,536.67,2642838.0
1592784000,532.45,534.01,523.395,527.67,886752.0
1592870400,532.06,532.06,516.1,521.04,1199473.0
1592956800,512.12,517.84,505.57,507.99,1380456.0
1593043200,507.46,512.55,500.155,510.02,792864.0
1593129600,510.5,510.5,500.5,502.27,1615516.0
1593388800,509.73,513.56,499.5101,509.22,1009869.0
1593475200,509.63,511.96,498.075,510.04,1256428.0
1593561600,510.04,525.78,505.45,521.91,1112602.0
1593648000,522.1,528.87,517.02,517.69,785779.0
1593993600,525.56,527.165,520.4815,526.29,814930.0
1594080000,522.74,532.34,521.98,528.02,852839.0
1594166400,527.98,530.17,523.0,528.31,773580.0
1594252800,529.59,532.25,520.67,530.19,792856.0
1594339200,530.39,540.44,527.495,537.92,789912.0
1594598400,536.63,544.45,532.86,533.78,958377.0
1594684800,530.43,543.98,525.87,542.95,705989.0
1594771200,543.75,552.54,542.53,552.01,936534.0
1594857600,552.82,558.1,547.78,558.03,1061193.0
1594944000,562.45,569.87,560.01,564.66,1420681.0
1595203200,564.66,571.6,562.58,565.51,728034.0
1595289600,567.96,570.91,563.395,564.68,719603.0
1595376000,566.96,568.2,561.299,565.12,540471.0
1595462400,567.37,569.145,556.19,560.42,540717.0
1595548800,558.62,562.97,554.36,561.72,587742.0
1595808000,562.54,563.095,555.27,559.91,733871.0
1595894400,558.8,566.455,557.02,561.41,522560.0
1595980800,564.21,569.68,560.6,566.42,644347.0
1596067200,559.53,568.51,558.175,563.44,771535.0
1596153600,594.31,594.31,554.26,580.0,1639474.0
1596412800,585.01,593.9,581.14,589.7,1013506.0
1596499200,580.0,601.76,579.0,600.01,951959.0
1596585600,598.75,603.6,597.225,598.26,682006.0
1596672000,595.35,604.12,594.685,602.14,716138.0
1596758400,603.39,611.47,598.25,601.87,810938.0
1597017600,598.65,606.0,598.1,602.34,789454.0
1597104000,604.42,604.42,588.97,590.48,862871.0
1597190400,590.99,607.0,590.99,598.74,1033922.0
1597276800,595.46,609.31,595.46,604.22,854040.0
1597363200,604.55,610.95,602.88,604.99,664652.0
1597622400,608.85,610.2,601.1,604.97,650239.0
1597708800,608.23,612.935,606.51,610.69,700355.0
1597795200,612.46,616.07,607.8,611.66,961614.0
1597881600,607.94,614.37,607.94,612.54,630484.0
1597968000,610.98,614.8,606.61,613.96,677908.0
1598227200,613.39,618.03,611.14,612.53,1087117.0
1598313600,619.51,620.19,604.41,609.75,1112034.0
1598400000,606.82,618.49,605.28,614.56,907152.0
1598486400,619.05,621.04,612.585,614.29,881397.0
1598572800,613.01,616.57,609.35,615.64,632507.0
1598832000,614.84,620.2333,613.63,615.61,811741.0
1598918400,614.04,620.2,611.0,617.24,874175.0
1599004800,616.96,626.62,614.05,622.45,741572.0
1599091200,624.04,629.52,603.03,608.1,1016355.0
1599177600,610.06,611.39,592.09,604.02,1082010.0
1599523200,595.73,604.34,591.6,596.5,1209247.0
1599609600,598.64,617.8,598.4,613.28,905855.0
1599696000,611.38,622.23,603.31,604.06,1061108.0
1599782400,606.59,608.565,597.8,601.52,860455.0
1600041600,608.03,613.59,603.665,609.7,754985.0
1600128000,610.72,627.435,610.22,622.55,830391.0
1600214400,626.75,635.855,626.21,630.07,1179311.0
1600300800,618.23,624.175,609.665,620.31,1341250.0
1600387200,622.08,628.3,611.79,625.25,1969005.0
1600646400,621.97,625.92,606.91,614.34,1313952.0
1600732800,612.45,634.34,612.45,633.05,1216662.0
1600819200,632.97,633.99,615.1,616.35,1017419.0
1600905600,614.46,621.28,609.54,611.45,931374.0
1600992000,609.89,617.4,606.11,614.23,1072822.0
1601251200,625.16,633.64,619.64,628.23,1035287.0
1601337600,626.85,635.8262,625.02,626.5,817367.0
1601424000,629.81,632.06,620.68,624.34,1148721.0
1601510400,627.31,640.0,627.31,635.11,1386790.0
1601596800,626.54,633.17,617.285,620.23,1046520.0
1601856000,623.35,639.27,621.63,633.98,807857.0
1601942400,632.36,638.06,619.1,620.89,1104605.0
1602028800,623.23,629.73,622.99,623.73,802651.0
1602115200,626.81,633.689,622.235,629.08,583760.0
1602201600,631.88,639.34,631.64,635.64,625936.0
1602460800,643.57,663.7,639.24,651.72,1307412.0
1602547200,653.61,656.89,646.49,649.95,963957.0
1602633600,651.67,653.635,638.01,638.62,840748.0
1602720000,631.87,640.3,630.5,636.89,825854.0
1602806400,638.87,646.985,633.52,633.92,772844.0
1603065600,635.67,640.0,616.6955,617.66,1080619.0
1603152000,622.74,622.74,606.6218,608.26,1066145.0
1603238400,604.31,612.33,601.505,605.33,727176.0
1603324800,605.03,605.03,596.435,599.91,1001833.0
1603411200,603.07,603.07,588.41,593.28,842164.0
1603670400,588.79,595.83,581.42,582.13,1119575.0
1603756800,585.0,590.3,580.5,583.65,897341.0
1603843200,574.97,585.41,572.455,572.58,983061.0
1603929600,573.33,583.05,573.1,576.0,1420483.0
1604016000,580.55,610.66,580.55,603.82,2456342.0
1604275200,605.1,610.36,578.76,588.43,1268368.0
1604361600,596.0,602.59,591.73,591.99,1172910.0
1604448000,610.9,645.7,608.27,634.47,1940441.0
1604534400,643.05,650.43,638.11,647.36,1007738.0
1604620800,647.68,649.92,640.445,644.49,692993.0
1604880000,659.79,659.79,612.68,613.2,1632778.0
1604966400,603.45,631.64,603.45,626.88,1054661.0
1605052800,628.8,640.52,628.8,636.92,709293.0
1605139200,639.33,645.06,635.4,637.96,650047.0
1605225600,638.23,648.82,638.11,647.19,757477.0
1605484800,642.84,647.51,639.95,641.41,1066334.0
1605571200,637.32,643.57,632.53,641.51,621495.0
1605657600,645.14,651.17,635.52,642.44,1655389.0
1605744000,639.86,655.73,636.69,650.54,1288487.0
1605830400,651.31,663.07,647.5,655.41,1163745.0
1606089600,657.87,659.56,642.7,645.04,1518485.0
1606176000,641.7,654.79,633.66,650.44,1074566.0
1606262400,652.26,653.51,644.87,651.4,681067.0
1606435200,647.59,650.88,642.05,642.8,569393.0
1606694400,646.22,655.34,643.04,651.99,1178725.0
1606780800,656.7,666.59,652.805,662.25,1177077.0
1606867200,659.79,669.9,659.14,667.17,820628.0
1606953600,666.66,675.74,656.56,670.43,822192.0
1607040000,670.58,674.05,667.08,670.74,685901.0
1607299200,667.36,680.76,666.98,680.76,881004.0
1607385600,676.48,681.71,661.81,663.37,1020907.0
1607472000,660.45,665.96,643.53,644.08,1813079.0
1607558400,644.56,659.58,642.79,658.04,880070.0
1607644800,654.06,655.9799,648.015,651.76,988967.0
1607904000,654.77,656.24,649.11,649.67,1264244.0
1607990400,653.08,656.5,646.07,646.28,1017186.0
1608076800,646.28,649.64,634.47,642.43,1242259.0
1608163200,645.11,657.57,644.95,653.98,1904688.0
1608249600,656.94,658.35,646.52,652.0,2253862.0
1608508800,645.26,658.38,641.79,654.69,893309.0
1608595200,654.02,654.795,638.76,641.1,1269826.0
1608681600,642.87,652.58,640.03,647.44,1590762.0
1608768000,646.6,657.33,646.6,656.49,1127336.0
1609113600,661.38,661.38,649.44,651.9,774809.0
1609200000,654.3,666.37,651.25,664.98,1301047.0
1609286400,667.01,668.0,652.295,653.49,865401.0
1609372800,653.44,664.78,652.86,661.55,699526.0
1609718400,666.59,666.59,637.0,647.03,1185185.0
1609804800,646.13,649.0,632.95,636.59,842637.0
1609891200,612.16,634.81,612.16,624.51,1491407.0
1609977600,627.73,638.25,622.0,629.77,1259464.0
1610064000,624.39,634.79,624.39,634.38,1051118.0
1610323200,636.9,642.75,632.97,641.13,1082778.0
1610409600,636.12,639.77,618.49,621.49,1695562.0
1610496000,619.07,623.04,614.87,618.01,1090317.0
1610582400,616.48,630.41,610.885,623.09,1484544.0
1610668800,620.25,634.08,617.02,628.91,1150385.0
1611014400,628.11,633.95,623.37,633.27,1052015.0
1611100800,633.39,648.31,631.96,642.82,943401.0
1611187200,643.33,651.89,639.79,650.43,768682.0
1611273600,649.45,651.89,642.77,646.69,699145.0
1611532800,649.64,660.3,647.84,652.17,888412.0
1611619200,651.63,654.76,647.015,649.54,893516.0
1611705600,643.93,651.915,615.11,615.78,1919738.0
1611792000,638.1,671.0,635.075,654.65,1773934.0
1611878400,626.01,636.025,604.09,607.56,2393721.0
1612137600,611.01,614.13,593.095,599.02,1465636.0
1612224000,597.69,625.31,595.91,616.7,1531164.0
1612310400,616.65,617.03,603.315,609.26,929913.0
1612396800,604.98,621.29,604.98,619.79,840676.0
1612483200,621.03,628.3,615.12,617.65,799793.0
1612742400,616.63,619.69,610.87,615.53,957844.0
1612828800,616.34,626.63,613.805,619.51,836441.0
1612915200,623.36,623.36,608.11,611.63,1036500.0
1613001600,614.2,619.16,603.53,618.68,829195.0
1613088000,615.93,619.55,610.65,613.45,623875.0
1613433600,609.19,619.02,606.25,618.47,909589.0
1613520000,615.7,626.95,614.44,624.12,929698.0
1613606400,625.06,625.06,612.71,616.42,760946.0
1613692800,613.43,619.53,606.54,607.29,1193112.0
1613952000,602.3,609.88,595.0,596.5,1744449.0
1614038400,602.8,609.27,585.45,602.77,1852094.0
1614124800,590.44,614.73,590.44,608.51,1201078.0
1614211200,605.82,618.12,598.97,601.55,1358947.0
1614297600,602.49,627.38,601.5,613.42,1619427.0
1614556800,618.39,624.07,610.01,619.68,895343.0
1614643200,622.41,624.5,611.25,616.07,984825.0
1614729600,612.005,613.72,599.9,601.02,1785486.0
1614816000,599.0,618.66,598.01,607.64,1500590.0
1614902400,614.0,629.7,609.66,624.03,1513292.0
1615161600,621.74,630.2,611.57,612.38,1123944.0
1615248000,620.35,620.35,610.98,614.77,1022567.0
1615334400,625.44,639.2783,618.96,629.07,1472256.0
1615420800,626.33,630.67,613.0,624.23,1441456.0
1615507200,618.99,629.205,611.38,624.15,1410153.0
1615766400,624.42,625.8476,612.02,625.0,1149366.0
1615852800,629.62,643.51,625.62,639.65,1147762.0
1615939200,643.79,644.23,633.84,641.86,1202174.0
1616025600,628.2823,635.42,617.31,629.39,1550611.0
1616112000,632.81,636.86,626.84,629.74,2776767.0
1616371200,627.64,643.96,627.64,637.62,1159556.0
1616457600,639.81,656.65,636.88,645.45,1271511.0
1616544000,647.4486,657.84,642.81,651.56,1137316.0
1616630400,652.03,652.03,631.02,637.79,1024451.0
1616716800,636.73,639.0343,621.56,631.75,1275943.0
1616976000,630.0,639.59,622.06,636.68,889207.0
1617062400,636.17,640.84,628.35,632.69,650299.0
1617148800,632.9,632.91,614.69,617.02,1328502.0
1617235200,618.0,622.41,605.66,608.58,1648127.0
1617580800,607.48,611.17,600.16,605.5,1443153.0
1617667200,603.46,616.9908,600.53,613.39,874383.0
1617753600,614.51,616.33,607.84,611.63,644619.0
1617840000,616.65,617.85,612.32,615.16,834994.0
1617926400,606.38,615.97,600.68,614.24,1040030.0
1618185600,612.34,622.64,608.07,619.3,695569.0
1618272000,615.22,623.72,614.5,621.29,736895.0
1618358400,620.62,623.17,614.55,617.1,839264.0
1618444800,622.99,637.1,621.465,636.0,911437.0
1618531200,636.91,645.95,631.59,644.37,1043231.0
1618790400,644.0,653.42,642.98,644.42,898190.0
1618876800,637.66,657.35,637.66,652.46,1019371.0
1618963200,652.37,657.78,648.11,652.9,665974.0
1619049600,655.75,660.6,653.6,657.68,991099.0
1619136000,660.22,661.0,648.745,657.54,708397.0
1619395200,655.3112,659.06,650.175,652.57,631003.0
1619481600,652.91,658.19,650.47,653.52,491403.0
1619568000,651.93,658.815,650.63,652.72,567517.0
1619654400,658.21,675.44,656.32,669.97,1287752.0
1619740800,654.09,683.05,636.56,673.45,1377459.0
1620000000,679.1,684.7,673.94,677.31,796825.0
1620086400,672.0,681.98,670.68,672.86,831937.0
1620172800,674.89,680.0,671.93,673.75,712389.0
1620259200,677.58,682.86,672.82,675.79,559435.0
1620345600,681.57,696.0,679.685,693.44,718916.0
1620604800,696.42,704.095,692.69,694.72,1056019.0
1620691200,694.53,698.98,684.26,685.09,660635.0
1620777600,675.33,686.17,675.25,681.98,1345985.0
1620864000,686.06,694.97,683.05,685.3,839913.0
1620950400,691.18,712.41,685.13,710.4,1089945.0
1621209600,708.9,709.91,676.527,686.85,1097233.0
1621296000,679.46,690.45,670.59,686.11,1515841.0
1621382400,672.52,680.6266,669.55,679.65,793345.0
1621468800,678.57,698.4,677.325,694.71,789108.0
1621555200,691.595,699.11,688.165,692.52,761141.0
1621814400,700.29,707.44,692.125,703.13,888046.0
1621900800,702.115,706.22,694.72,695.51,837955.0
1621987200,697.97,701.5,688.32,693.5,895157.0
1622073600,693.89,697.1,688.775,692.45,1056921.0
1622160000,698.93,701.95,692.335,694.53,563705.0
1622505600,697.53,699.55,686.91,688.89,623750.0
1622592000,690.82,690.82,681.0,682.45,666463.0
1622678400,679.04,680.46,670.24,675.64,949843.0
1622764800,677.17,685.28,675.79,682.65,449750.0
1623024000,679.13,686.07,677.93,680.56,600654.0
1623110400,681.86,683.8,672.31,677.91,561506.0
1623196800,679.94,683.4573,675.0181,676.47,588610.0
1623283200,676.79,689.255,676.03,682.91,986849.0
1623369600,682.8,689.1,680.59,686.74,708350.0
1623628800,687.23,691.61,681.36,690.61,731590.0
1623715200,691.88,695.19,686.755,687.83,626645.0
1623801600,690.78,693.76,676.08,682.07,812151.0
1623888000,687.3,699.51,684.22,691.05,846903.0
1623974400,685.59,691.38,678.0,685.6,1969257.0
1624233600,688.9,696.2,683.62,694.81,1168563.0
1624320000,694.67,709.75,692.14,706.99,786214.0
1624406400,704.84,707.15,697.11,699.29,735009.0
1624492800,702.89,713.39,700.2,711.54,668333.0
1624579200,712.59,722.1,711.28,721.29,1152990.0
1624838400,723.26,726.66,716.71,721.36,1014666.0
1624924800,719.34,722.4,716.85,717.46,1135035.0
1625011200,717.47,723.46,715.75,721.45,897613.0
1625097600,721.52,727.97,720.47,721.8,834461.0
1625184000,725.56,733.62,723.71,731.92,509945.0
1625529600,729.91,735.91,721.76,729.54,614977.0
1625616000,733.04,743.51,729.91,742.37,588616.0
1625702400,736.21,749.31,736.21,743.5,739072.0
1625788800,738.31,745.68,736.21,736.47,764657.0
1626048000,727.52,731.0,708.88,719.8,1213229.0
1626134400,719.79,723.6,709.68,710.7,705861.0
1626220800,713.34,714.91,700.66,701.37,960175.0
1626307200,704.71,707.79,700.62,704.93,957851.0
1626393600,707.19,717.2,703.845,709.99,566552.0
1626652800,709.94,718.56,706.39,711.47,786298.0
1626739200,715.94,726.63,712.4,718.76,798223.0
1626825600,715.62,720.67,712.72,718.42,581864.0
1626912000,720.83,722.77,713.27,720.22,448845.0
1626998400,720.58,729.08,717.23,726.81,477900.0
1627257600,725.79,731.69,722.21,729.66,461855.0
1627344000,731.05,735.75,722.53,726.75,649134.0
1627430400,724.83,725.72,716.4,722.26,553528.0
1627516800,723.57,727.98,711.32,713.8,847142.0
1627603200,715.09,747.87,714.67,744.05,1374750.0
1627862400,748.73,751.94,738.75,749.87,727357.0
1627948800,752.5,771.11,745.67,770.02,1064729.0
1628035200,770.22,771.87,763.0875,770.0,1069286.0
1628121600,774.99,777.15,766.8,769.91,815463.0
1628208000,763.36,775.58,762.18,770.09,670034.0
1628467200,770.77,771.66,762.55,765.5,544952.0
1628553600,764.71,768.435,760.97,766.5,587444.0
1628640000,771.2,777.0,767.92,776.65,815699.0
1628726400,777.0,779.28,771.33,774.57,586510.0
1628812800,774.98,778.235,770.79,771.71,463023.0
1629072000,771.16,783.26,769.43,782.58,729062.0
1629158400,784.34,791.19,780.83,788.37,818075.0
1629244800,785.12,793.03,784.53,785.47,898429.0
1629331200,784.0,789.82,776.83,785.54,830966.0
1629417600,786.95,799.65,784.49,794.09,999495.0
1629676800,791.86,802.315,791.8,797.51,917188.0
1629763200,796.84,800.91,791.17,792.64,1055163.0
1629849600,792.64,798.98,787.565,796.67,822366.0
1629936000,796.67,799.4,792.73,797.4,627993.0
1630022400,798.64,811.33,798.64,807.18,712912.0
1630281600,808.79,816.14,803.81,814.2,673741.0
1630368000,814.67,820.7299,810.68,816.66,1140294.0
1630454400,818.71,823.985,816.65,818.44,781078.0
1630540800,823.08,825.62,817.53,821.01,592695.0
1630627200,812.37,820.1,809.88,811.33,817427.0
1630972800,808.45,811.5,800.18,800.83,1096987.0
1631059200,800.0,801.62,795.9383,799.79,1120615.0
1631145600,800.99,804.41,784.19,785.41,968000.0
1631232000,785.44,790.37,780.36,787.12,722990.0
1631491200,794.55,804.8,787.51,793.07,837923.0
1631577600,797.46,801.36,757.28,761.86,1485677.0
1631664000,761.5,774.12,757.28,765.2,873412.0
1631750400,767.91,769.24,758.61,765.24,895613.0
1631836800,765.24,769.35,757.2354,763.48,3404728.0
1632096000,757.52,765.53,747.36,755.9,908247.0
1632182400,758.69,760.25,744.99,747.63,749108.0
1632268800,752.58,760.96,748.85,751.55,595278.0
1632355200,754.52,762.84,738.65,741.95,1373987.0
1632441600,737.22,742.46,731.58,739.17,810592.0
1632700800,735.31,741.32,732.46,734.41,742936.0
1632787200,730.0,736.18,725.0,727.49,872761.0
1632873600,729.52,742.715,729.4,733.18,728844.0
1632960000,738.59,738.59,727.26,727.56,863508.0
1633046400,735.11,742.4683,730.37,738.08,742796.0
1633305600,735.73,745.87,733.29,740.96,595911.0
1633392000,739.98,750.92,739.98,747.79,653421.0
1633478400,742.13,747.78,735.4,743.75,583969.0
1633564800,747.16,753.69,740.79,741.95,538510.0
1633651200,721.82,726.19,704.57,706.13,1268447.0
1633910400,700.0,704.78,693.42,695.23,895741.0
1633996800,690.6,695.67,683.44,690.62,1112061.0
1634083200,697.13,699.0,688.61,696.23,812010.0
1634169600,702.81,708.16,700.45,703.67,778439.0
1634256000,706.03,707.81,694.5,699.03,738730.0
1634515200,697.06,709.12,692.64,706.88,895335.0
1634601600,711.4,720.85,709.12,717.91,677868.0
1634688000,718.84,737.97,717.35,734.01,843504.0
1634774400,737.81,737.965,723.435,735.67,652474.0
1634860800,736.33,739.855,729.65,730.93,793300.0
1635120000,731.81,732.0,719.12,731.01,567824.0
1635206400,732.48,735.87,724.41,728.23,498971.0
1635292800,730.4,730.4,713.525,714.51,880422.0
1635379200,693.8,710.55,680.85,706.27,1179724.0
1635465600,667.49,687.38,660.0,674.89,2447610.0
1635724800,675.0,677.695,665.31,671.37,1419065.0
1635811200,670.32,686.5,670.27,681.5,1122743.0
1635897600,683.5,694.94,683.5,692.54,850884.0
1635984000,691.78,698.35,683.66,686.07,754270.0
1636070400,693.46,704.08,688.93,689.32,802616.0
1636329600,689.71,696.56,685.885,695.18,833811.0
1636416000,698.2,705.0,691.92,696.31,599170.0
1636502400,697.36,706.93,697.36,701.25,798498.0
1636588800,702.24,706.17,693.96,694.21,537208.0
1636675200,695.95,697.92,689.12,689.35,730133.0
1636934400,689.71,696.98,689.71,692.91,732807.0
1637020800,692.11,698.63,688.57,689.18,684021.0
1637107200,689.18,703.65,689.18,691.04,832429.0
1637193600,689.63,690.08,679.11,685.88,1100924.0
1637280000,686.45,689.42,678.01,682.34,776709.0
1637539200,680.77,689.385,668.03,668.32,1250012.0
1637625600,667.47,679.32,666.895,674.74,1190080.0
1637712000,672.47,677.75,668.5,672.69,829265.0
1637884800,663.29,681.89,661.5,672.87,753879.0
1638144000,674.47,675.51,664.85,668.19,788350.0
1638230400,668.52,670.39,644.42,646.28,2119263.0
1638316800,653.67,657.57,633.69,634.2,1082098.0
1638403200,639.27,675.52,639.27,670.4,1432508.0
1638489600,675.0,681.8,669.505,679.3,1336493.0
1638748800,688.11,693.09,669.69,672.95,951698.0
1638835200,677.84,678.72,639.28,650.6,2156212.0
1638921600,650.34,652.38,630.145,642.07,1717349.0
1639008000,632.99,634.505,606.57,611.97,2605328.0
1639094400,616.37,620.02,608.39,610.89,1519208.0
1639353600,608.64,617.27,600.34,605.55,1423629.0
1639440000,600.0,629.93,599.34,621.89,1640563.0
1639526400,616.73,622.4,610.93,617.32,1985344.0
1639612800,622.49,638.16,617.21,631.58,1906359.0
1639699200,632.86,650.2,629.64,650.0,4076060.0
1639958400,646.77,652.51,643.08,646.76,1040684.0
1640044800,651.65,652.91,640.36,644.33,1140826.0
1640131200,644.81,645.18,636.7,639.79,577313.0
1640217600,641.34,651.98,641.01,648.3,559734.0
1640563200,651.83,654.0,644.14,652.35,434976.0
1640649600,652.82,664.98,652.82,655.79,450768.0
1640736000,657.63,661.455,650.97,656.28,533068.0
1640822400,660.1,669.865,656.53,657.23,562208.0
1640908800,655.76,660.45,650.65,651.97,789400.0
