1483401600,49.37,50.14,49.17,49.48,5423224.0
1483488000,50.09,50.93,49.99,50.7,7898583.0
1483574400,50.41,50.685,49.5,49.73,5806193.0
1483660800,49.79,50.3,49.22,49.68,6922698.0
1483920000,49.46,50.17,49.42,49.69,5332927.0
1484006400,49.93,51.35,49.86,50.93,8440461.0
1484092800,51.46,51.7399,50.65,51.44,1.0001564E7
1484179200,51.3,52.0,49.67,50.89,1.428475E7
1484265600,50.79,51.64,50.78,51.23,7380552.0
1484611200,50.99,51.22,50.19,50.33,7477487.0
1484697600,50.14,50.8,49.785,50.3,7076494.0
1484784000,50.28,50.5,49.62,49.7,7012738.0
1484870400,49.77,50.54,49.71,50.5,7722376.0
1485129600,50.28,50.43,48.77,48.77,8753052.0
1485216000,48.91,49.76,48.82,49.44,6398060.0
1485302400,49.99,50.429,49.81,50.19,8096311.0
1485388800,50.69,51.54,50.56,50.9,8905600.0
1485475200,51.0,51.12,49.57,49.7,6851961.0
1485734400,48.95,48.95,47.54,47.67,1.2745604E7
1485820800,47.79,47.83,46.57,47.24,1.2533828E7
1485907200,47.48,47.77,47.04,47.26,8377490.0
1485993600,46.59,47.66,46.48,47.38,8795723.0
1486080000,47.52,48.0,47.41,47.81,5632317.0
1486339200,48.185,48.68,47.93,48.26,7169217.0
1486425600,48.44,48.935,48.08,48.15,7262909.0
1486512000,48.26,48.3,47.7338,48.1,5342581.0
1486598400,48.26,49.55,48.13,49.33,7274696.0
1486684800,49.55,49.5674,49.02,49.26,5322586.0
1486944000,49.37,50.42,49.28,50.06,6565871.0
1487030400,49.82,49.985,49.095,49.86,7024566.0
1487116800,50.95,51.96,50.53,51.17,1.2704974E7
1487203200,51.16,51.17,50.585,50.83,6626729.0
1487289600,50.59,51.23,50.19,51.23,5427990.0
1487635200,51.3,51.53,50.97,51.21,6406538.0
1487721600,51.0,51.14,50.48,50.93,4345077.0
1487808000,51.12,51.49,50.19,50.48,6470866.0
1487894400,50.38,50.52,49.88,50.46,8154722.0
1488153600,50.33,50.46,49.83,50.44,7574234.0
1488240000,50.5,50.6,49.86,49.93,6950167.0
1488326400,50.41,51.865,50.35,51.03,1.4144652E7
1488412800,50.0,50.69,49.81,49.96,1.2527155E7
1488499200,50.01,50.64,49.72,50.13,1.117697E7
1488758400,49.5,49.85,48.21,48.85,1.1368709E7
1488844800,48.52,48.67,47.565,47.64,1.0266164E7
1488931200,47.68,47.97,47.52,47.67,7170045.0
1489017600,47.69,48.35,46.96,47.25,8790482.0
1489104000,47.31,47.98,47.21,47.91,6263119.0
1489363200,47.9,48.22,47.17,47.35,6995340.0
1489449600,47.02,47.07,46.12,46.28,1.4313232E7
1489536000,45.93,47.49,45.23,47.19,1.7933048E7
1489622400,47.62,47.7,47.02,47.41,7898964.0
1489708800,47.6237,47.65,46.51,46.51,1.2294972E7
1489968000,47.23,47.23,46.55,46.85,5867109.0
1490054400,47.07,47.18,45.43,45.52,1.0366209E7
1490140800,45.25,45.84,44.47,45.74,1.2063978E7
1490227200,45.87,46.22,45.47,45.92,5589249.0
1490313600,46.1,46.31,45.6,46.0,6290271.0
1490572800,45.37,46.26,45.08,46.1,9022959.0
1490659200,46.1,46.7953,45.76,46.53,7321153.0
1490745600,46.42,46.65,45.73,45.95,6321131.0
1490832000,46.02,46.48,45.91,46.27,4909066.0
1490918400,46.12,46.29,45.89,45.96,7052745.0
1491177600,46.0,46.34,45.57,46.32,7398138.0
1491264000,45.84,46.05,45.0,45.11,8765542.0
1491350400,45.43,46.1,45.035,45.08,8313359.0
1491436800,45.12,45.66,44.87,45.26,6080421.0
1491523200,45.22,45.405,44.75,45.17,9007291.0
1491782400,45.07,45.23,44.6,44.97,9945396.0
1491868800,45.0,45.32,44.485,45.29,1.0506828E7
1491955200,46.97,47.17,45.0,45.05,1.433276E7
1492041600,44.89,45.0,43.81,44.03,1.4893976E7
1492387200,44.13,44.45,44.0,44.35,7140338.0
1492473600,44.2,44.78,43.97,44.41,7973836.0
1492560000,44.81,45.6,44.7,45.08,8488167.0
1492646400,45.41,46.17,45.25,45.93,7679246.0
1492732800,45.85,46.04,45.3,45.53,6395988.0
1492992000,46.5,46.93,46.07,46.81,1.2522646E7
1493078400,47.14,47.55,46.7,46.73,7873944.0
1493164800,46.73,47.055,46.34,46.37,7610698.0
1493251200,45.68,45.86,44.8601,45.74,1.2387986E7
1493337600,45.9,46.04,45.29,45.44,6600043.0
1493596800,45.59,46.0,45.4,45.4,6378922.0
1493683200,45.67,47.93,45.51,47.83,1.2930974E7
1493769600,47.66,48.49,47.54,48.31,9912369.0
1493856000,48.46,48.8,48.2,48.64,7467406.0
1493942400,48.63,49.03,48.25,48.7,5275157.0
1494201600,48.73,49.09,48.4,48.52,8671585.0
1494288000,49.0,49.94,48.88,49.56,8759591.0
1494374400,49.35,49.99,49.2,49.97,7548714.0
1494460800,50.01,50.18,48.91,49.69,8817408.0
1494547200,49.49,49.57,48.9,48.99,7180486.0
1494806400,49.12,49.71,49.0,49.51,5539346.0
1494892800,49.62,49.64,48.78,49.51,6422753.0
1494979200,48.83,48.98,47.67,47.74,8274526.0
1495065600,47.64,48.29,47.55,47.66,5070971.0
1495152000,47.85,48.64,47.81,48.2,6137049.0
1495411200,48.37,48.72,48.34,48.49,6548305.0
1495497600,48.56,48.825,48.31,48.59,5592261.0
1495584000,48.67,48.97,48.48,48.87,5150353.0
1495670400,48.99,50.43,48.9642,50.4,7420998.0
1495756800,50.31,50.95,50.31,50.8,5778533.0
1496102400,50.59,50.59,49.04,49.06,1.0523483E7
1496188800,49.19,49.35,48.52,49.13,8088888.0
1496275200,49.32,50.07,49.3,49.85,7431629.0
1496361600,50.55,51.88,50.5,51.19,1.1872143E7
1496620800,50.99,51.4875,50.57,51.39,9017984.0
1496707200,51.15,51.685,51.05,51.23,6826348.0
1496793600,51.01,52.5,50.645,52.27,1.0888416E7
1496880000,52.5,53.45,52.195,52.84,9057198.0
1496966400,52.9,53.57,52.66,53.01,9709030.0
1497225600,52.95,52.97,51.37,52.25,9751128.0
1497312000,52.26,52.84,51.46,51.87,8280583.0
1497398400,52.01,52.2,51.54,51.91,6018984.0
1497484800,51.63,51.84,50.915,51.56,6871208.0
1497571200,51.55,52.0,51.2503,52.0,6254513.0
1497830400,52.1,52.63,51.94,52.51,7674670.0
1497916800,52.68,52.8,51.66,51.76,7050074.0
1498003200,52.05,52.58,51.75,52.27,5135092.0
1498089600,52.99,53.2,52.17,52.81,7240921.0
1498176000,52.8,53.165,52.62,52.92,1.5792858E7
1498435200,53.02,53.79,52.695,52.87,6127485.0
1498521600,52.86,53.21,52.6,52.84,5921807.0
1498608000,53.25,54.2,53.25,53.84,6745150.0
1498694400,54.11,54.53,53.68,53.87,7188320.0
1498780800,54.0,54.28,53.73,53.74,5012788.0
1499040000,54.26,54.71,53.74,54.06,3532131.0
1499212800,54.15,54.61,53.74,54.33,5792998.0
1499299200,54.18,54.84,53.89,54.37,6221446.0
1499385600,54.55,55.5,54.28,55.46,7493298.0
1499644800,55.04,55.75,54.64,54.81,7971830.0
1499731200,54.82,55.04,54.18,54.28,5442143.0
1499817600,54.8,55.59,54.75,55.48,1.2101631E7
1499904000,54.55,55.03,53.82,54.5,1.3257373E7
1499990400,54.5,55.39,54.4,55.13,9228695.0
1500249600,55.2,55.29,54.61,54.64,5387411.0
1500336000,54.5,54.5,53.8783,53.96,6421234.0
1500422400,53.77,54.34,53.1,53.79,1.0733019E7
1500508800,53.79,53.91,52.755,52.83,8418264.0
1500595200,52.55,52.7,52.07,52.26,6847604.0
1500854400,52.16,52.41,51.42,51.53,8208688.0
1500940800,51.92,52.21,51.08,51.14,5815226.0
1501027200,51.15,51.27,50.63,51.13,8065113.0
1501113600,50.4,50.98,49.53,50.08,1.2402012E7
1501200000,49.99,50.375,49.4,50.33,8652638.0
1501459200,50.47,50.7,49.26,49.36,9575718.0
1501545600,49.78,50.2,49.26,50.07,7849838.0
1501632000,50.01,50.3,49.48,50.01,5215065.0
1501718400,50.12,50.74,49.93,50.57,5250334.0
1501804800,50.74,50.8,50.335,50.61,4426491.0
1502064000,51.2,51.55,50.69,50.75,6241658.0
1502150400,50.75,51.04,50.23,50.31,5847150.0
1502236800,50.0,50.1,49.5,49.67,6692174.0
1502323200,49.57,49.65,48.98,49.04,8925212.0
1502409600,48.95,49.58,48.46,49.48,6318866.0
1502668800,49.99,50.24,49.6601,50.07,4666041.0
1502755200,50.25,50.33,49.86,49.92,4067624.0
1502841600,50.24,50.5,50.07,50.13,3696017.0
1502928000,50.02,50.15,47.5,47.53,1.2043152E7
1503014400,47.72,48.119,47.3,47.53,8395102.0
1503273600,47.49,47.9,47.35,47.81,4650411.0
1503360000,47.92,48.07,47.09,47.15,6762811.0
1503446400,46.96,47.0,45.79,46.18,1.0997813E7
1503532800,46.48,46.5,45.0,45.21,1.3780242E7
1503619200,45.43,47.06,45.35,46.68,1.3938819E7
1503878400,46.83,47.21,46.65,46.95,7816364.0
1503964800,46.14,46.8,45.8578,46.62,5648758.0
1504051200,46.46,47.0,46.1,46.83,5960151.0
1504137600,47.0,47.34,46.84,47.19,5937151.0
1504224000,47.42,47.85,47.29,47.52,6099605.0
1504569600,46.77,47.27,45.74,45.84,1.139432E7
1504656000,45.22,47.45,44.59,47.39,1.8675324E7
1504742400,47.3,47.8,46.97,47.12,7329140.0
1504828800,46.98,47.77,46.89,47.45,6110712.0
1505088000,47.95,49.21,47.94,48.82,1.2512615E7
1505174400,48.94,49.155,48.54,49.04,5813327.0
1505260800,48.96,49.13,48.635,48.98,6255091.0
1505347200,48.9,48.92,48.14,48.27,6283926.0
1505433600,48.05,48.45,47.85,48.25,1.7746232E7
1505692800,48.33,48.45,47.77,47.96,6011403.0
1505779200,48.01,48.98,47.75,47.9,6782333.0
1505865600,48.0,48.6,47.78,48.04,5535044.0
1505952000,48.0,48.35,47.4235,48.16,6235610.0
1506038400,48.26,48.66,48.1,48.47,4601630.0
1506297600,48.42,48.66,47.82,48.32,6603444.0
1506384000,48.46,49.05,48.27,48.5,5232009.0
1506470400,48.9,49.28,47.12,47.72,1.1658316E7
1506556800,47.46,48.72,47.46,48.31,8309068.0
1506643200,48.4,48.65,48.0,48.22,5533145.0
1506902400,48.35,48.52,47.9,48.07,8604757.0
1506988800,48.15,51.37,48.15,51.25,1.6065388E7
1507075200,51.22,52.07,50.98,51.56,8265094.0
1507161600,51.51,51.77,51.255,51.68,5276294.0
1507248000,51.4,52.52,51.4,52.01,6735370.0
1507507200,52.07,52.43,51.44,51.74,4624846.0
1507593600,52.73,53.71,52.47,52.7,1.1332084E7
1507680000,53.38,53.97,52.5,53.07,1.1817825E7
1507766400,53.1,53.19,52.54,53.11,5819311.0
1507852800,53.11,54.04,53.02,53.96,7242766.0
1508112000,53.78,53.85,53.28,53.62,4810899.0
1508198400,53.51,54.06,52.66,52.76,6547565.0
1508284800,52.85,53.12,52.67,52.86,5402428.0
1508371200,52.57,52.799,51.37,52.27,9567843.0
1508457600,52.62,53.28,52.53,53.27,6707843.0
1508716800,53.3,53.36,52.23,52.28,4095148.0
1508803200,52.5,53.375,52.03,53.18,5306732.0
1508889600,53.26,53.3,52.125,52.24,6043537.0
1508976000,52.87,53.62,50.74,50.93,1.0913632E7
1509062400,50.92,51.24,49.95,50.56,7573999.0
1509321600,50.22,50.67,50.01,50.33,3960513.0
1509408000,50.3,50.56,49.945,50.03,4755363.0
1509494400,50.19,50.93,49.95,50.35,5833718.0
1509580800,50.48,50.49,49.641,50.34,6437240.0
1509667200,50.49,50.69,49.8808,50.4,4144974.0
1509926400,50.4,51.17,50.28,50.57,6259870.0
1510012800,50.57,50.62,49.76,49.91,4426987.0
1510099200,49.75,50.395,49.46,50.06,3512191.0
1510185600,49.7,49.99,49.11,49.19,5594210.0
1510272000,49.19,49.3699,48.83,48.89,7048470.0
1510531200,48.6,48.9,48.33,48.86,5182531.0
1510617600,48.82,48.99,48.56,48.9,4856188.0
1510704000,48.66,49.54,48.34,49.33,6561260.0
1510790400,49.46,50.65,49.42,50.45,6969946.0
1510876800,50.05,50.1899,49.53,49.82,5005557.0
1511136000,49.84,49.9,49.12,49.79,4254739.0
1511222400,50.0,50.68,49.7376,50.67,4833869.0
1511308800,50.54,50.83,50.27,50.41,4160185.0
1511481600,50.48,50.48,49.98,50.11,1841234.0
1511740800,50.05,50.16,49.4,49.59,5032320.0
1511827200,49.31,50.68,49.08,50.58,8571739.0
1511913600,50.83,52.75,50.7,52.1,1.0936421E7
1512000000,52.5,53.5,52.27,52.92,9432573.0
1512086400,52.55,53.58,51.7618,52.06,8853230.0
1512345600,53.27,54.1298,52.5,52.91,8867120.0
1512432000,53.11,53.17,52.3133,52.39,5536821.0
1512518400,52.21,52.78,52.09,52.3,4190369.0
1512604800,52.0,53.41,51.92,53.41,7115242.0
1512691200,53.95,54.62,53.37,53.46,6642668.0
1512950400,53.72,54.86,53.5,54.37,7356031.0
1513036800,54.47,54.79,53.54,53.62,6030537.0
1513123200,53.81,53.97,53.13,53.63,6289264.0
1513209600,54.88,55.6,53.9223,55.25,1.3621818E7
1513296000,55.39,56.49,55.36,56.1,1.43789E7
1513555200,56.52,56.77,55.885,56.07,8709849.0
1513641600,56.2,56.38,55.491,55.75,6444072.0
1513728000,56.0,56.61,55.68,56.22,7234687.0
1513814400,56.49,56.84,55.9,56.03,8245119.0
1513900800,56.17,56.225,55.87,56.03,3891774.0
1514246400,55.9,56.78,55.885,56.43,3276736.0
1514332800,56.37,56.49,55.92,56.12,3766412.0
1514419200,56.18,56.51,55.99,56.35,3651781.0
1514505600,56.53,56.69,55.99,56.0,3120196.0
1514851200,56.29,56.74,55.87,56.74,5297601.0
1514937600,56.47,56.6,55.0736,55.69,9332031.0
1515024000,55.73,55.86,54.93,55.69,9026090.0
1515110400,55.72,56.045,55.4,55.97,5191272.0
1515369600,55.92,56.03,54.495,54.68,9654671.0
1515456000,54.8,55.22,53.88,54.17,1.0374706E7
1515542400,54.74,55.95,54.72,55.86,1.2318257E7
1515628800,57.1,59.2,56.26,58.52,2.593529E7
1515715200,59.11,60.5,58.91,59.83,1.2268422E7
1516060800,60.2,60.79,58.9,59.35,1.2082914E7
1516147200,59.63,60.1589,59.4701,59.72,6088132.0
1516233600,59.8,60.05,59.23,59.45,5846637.0
1516320000,59.69,60.02,59.08,60.01,6192397.0
1516579200,59.9,60.16,59.39,60.13,7055621.0
1516665600,60.1,60.28,59.41,59.93,7427127.0
1516752000,56.44,57.14,55.56,56.8,2.1197903E7
1516838400,57.0,57.14,54.49,54.81,1.838576E7
1516924800,55.31,55.9,54.83,55.26,9431541.0
1517184000,55.0,56.2,55.0,55.76,8781660.0
1517270400,55.6,56.54,55.42,56.12,7026841.0
1517356800,56.3,57.27,56.24,56.77,8609582.0
1517443200,56.51,57.18,56.0,56.42,5492898.0
1517529600,56.08,56.269,54.54,54.62,8963034.0
1517788800,54.0,54.72,52.5,52.52,9476720.0
1517875200,51.87,53.5,51.26,53.1,1.2240794E7
1517961600,52.83,54.45,52.8,53.85,8995436.0
1518048000,53.85,53.9,51.21,51.23,1.2197853E7
1518134400,51.95,52.0,48.52,50.46,1.9053376E7
1518393600,51.22,52.485,50.72,52.05,1.0610194E7
1518480000,51.86,52.29,51.36,52.17,8220582.0
1518566400,51.89,52.58,51.75,52.2,7797896.0
1518652800,52.57,53.16,51.98,52.95,4877772.0
1518739200,52.87,53.52,52.77,52.85,5556492.0
1519084800,52.53,53.21,52.3,52.47,6719442.0
1519171200,52.67,54.39,52.58,53.16,7604716.0
1519257600,53.26,53.445,52.45,52.55,4899788.0
1519344000,52.8,53.48,52.625,53.46,4270244.0
1519603200,54.61,54.8,53.7501,54.69,7397721.0
1519689600,54.59,55.01,53.53,53.62,5979226.0
1519776000,53.87,54.5,53.36,53.9,6328226.0
1519862400,53.87,54.96,53.01,53.35,7876803.0
1519948800,52.78,53.425,51.81,53.26,6860526.0
1520208000,52.91,54.085,52.58,53.79,5963984.0
1520294400,53.92,54.1124,53.48,53.84,4690923.0
1520380800,53.36,53.67,53.13,53.53,4554377.0
1520467200,53.96,55.01,53.8601,54.64,6740693.0
1520553600,54.94,56.09,54.58,56.09,6975883.0
1520812800,56.25,56.48,55.57,56.16,6337589.0
1520899200,56.36,57.01,55.46,56.59,9137395.0
1520985600,56.62,57.26,56.01,56.15,7157030.0
1521072000,56.47,56.55,55.81,56.34,4266327.0
1521158400,56.46,57.3068,56.43,56.69,6546632.0
1521417600,56.54,56.73,55.53,55.96,6120951.0
1521504000,56.16,56.72,55.95,56.5,4363513.0
1521590400,55.49,56.36,54.75,55.95,9313943.0
1521676800,55.5,56.0,54.63,54.67,6631373.0
1521763200,54.78,55.21,53.84,53.9,7321423.0
1522022400,54.57,55.275,54.07,55.06,5808841.0
1522108800,55.31,55.475,53.96,54.26,6699581.0
1522195200,54.47,54.8699,53.72,53.93,7473527.0
1522281600,54.02,55.22,53.745,54.81,5960295.0
1522627200,54.59,54.63,50.95,51.95,1.0228159E7
1522713600,52.49,53.765,52.2697,53.72,6776255.0
1522800000,52.79,53.9799,52.6,53.86,6378265.0
1522886400,54.31,54.475,53.7,54.21,4417818.0
1522972800,53.85,54.3,52.51,53.05,6918673.0
1523232000,53.36,53.7,52.48,52.56,6179265.0
1523318400,53.35,53.38,51.425,52.36,1.2289226E7
1523404800,52.0,52.54,51.36,51.47,7799626.0
1523491200,52.6,53.64,51.95,52.98,1.2713585E7
1523577600,53.62,54.44,52.501,52.92,9925885.0
1523836800,53.27,54.825,53.265,54.3,9490373.0
1523923200,55.0,55.2001,54.03,54.55,7380386.0
1524009600,55.01,56.02,54.72,55.21,7504864.0
1524096000,55.04,55.23,54.56,55.07,5217484.0
1524182400,55.23,55.82,55.16,55.4,7445747.0
1524441600,55.77,55.8,54.17,54.61,5360408.0
1524528000,54.77,55.3,53.11,53.81,7654987.0
1524614400,53.94,54.96,53.21,54.65,7219837.0
1524700800,53.9,54.039,52.78,53.13,1.2130471E7
1524787200,53.27,53.7,53.09,53.5,5699001.0
1525046400,53.55,53.778,52.22,52.22,8199993.0
1525132800,52.27,52.85,51.85,52.74,6799459.0
1525219200,52.81,53.17,52.28,52.36,5142825.0
1525305600,52.02,52.119,51.09,51.79,7083070.0
1525392000,51.58,52.49,51.58,52.34,4535243.0
1525651200,52.4,52.4,51.465,51.9,6055826.0
1525737600,52.06,53.06,51.95,52.37,6361078.0
1525824000,52.17,52.28,51.455,51.62,8403937.0
1525910400,51.55,52.32,51.32,52.06,7590717.0
1525996800,52.0,53.08,51.88,52.9,7810765.0
1526256000,52.9,53.26,51.85,52.09,1.0466443E7
1526342400,51.97,52.72,51.76,52.37,6572809.0
1526428800,52.41,53.9901,52.41,53.48,6997414.0
1526515200,53.42,53.97,53.0,53.1,6069640.0
1526601600,53.01,53.2299,52.81,52.95,5819024.0
1526860800,53.27,54.35,53.24,53.98,5413593.0
1526947200,54.38,54.99,53.42,53.52,4943648.0
1527033600,53.21,53.46,52.98,53.4,3692007.0
1527120000,53.53,54.57,53.53,54.4,5251242.0
1527206400,54.65,56.115,54.62,55.87,7597270.0
1527552000,55.39,55.595,53.82,54.23,6544633.0
1527638400,54.49,54.71,53.67,54.31,4149651.0
1527724800,54.42,54.84,53.94,54.05,5365467.0
1527811200,54.42,54.73,54.0722,54.42,4317819.0
1528070400,54.78,55.426,54.45,55.19,4472408.0
1528156800,54.96,55.0,54.2873,54.67,4968291.0
1528243200,53.2,54.31,52.63,54.17,1.0825258E7
1528329600,53.91,54.07,52.885,53.46,6857988.0
1528416000,53.06,54.14,53.06,54.09,5858539.0
1528675200,54.36,55.84,54.24,54.89,6800804.0
1528761600,54.84,54.84,53.98,54.55,5253726.0
1528848000,54.63,55.07,54.38,54.65,4384863.0
1528934400,54.78,55.495,54.61,54.9,5456053.0
1529020800,54.65,55.18,54.12,55.18,8125311.0
1529280000,54.73,55.055,54.3,54.8,5836480.0
1529366400,54.33,54.44,53.3231,53.78,5830799.0
1529452800,54.0,54.59,53.71,53.84,4541273.0
1529539200,53.8,54.31,53.4,53.73,4806813.0
1529625600,53.5,53.99,52.42,52.72,1.105133E7
1529884800,52.28,52.6,50.715,51.31,7547814.0
1529971200,51.53,51.62,50.9148,51.07,4810312.0
1530057600,51.03,51.18,49.7,49.89,9035763.0
1530144000,49.82,50.01,49.05,49.8,6871801.0
1530230400,49.81,50.315,49.51,49.54,6703930.0
1530489600,49.25,50.165,48.9084,49.92,8299995.0
1530576000,49.25,49.53,48.62,48.78,6449474.0
1530748800,49.1,49.275,48.52,49.26,6335931.0
1530835200,49.34,49.78,49.08,49.58,4903041.0
1531094400,49.58,50.775,49.3,50.51,7895625.0
1531180800,50.6,50.66,49.61,50.6,7366617.0
1531267200,50.14,50.14,48.81,49.84,1.0426524E7
1531353600,50.9,51.28,49.1201,50.73,1.2625576E7
1531440000,50.5,50.99,50.33,50.77,6836510.0
1531699200,50.9,50.905,50.09,50.67,8603480.0
1531785600,50.6,51.57,50.6,51.14,5299012.0
1531872000,52.44,53.55,52.38,52.8,1.0212253E7
1531958400,52.86,53.24,52.43,53.0,6391595.0
1532044800,52.66,52.885,51.97,51.99,6697670.0
1532304000,51.8,52.38,51.33,52.24,4509459.0
1532390400,52.38,52.56,51.57,51.68,4652722.0
1532476800,51.26,51.72,51.26,51.66,4711024.0
1532563200,51.66,54.24,51.51,53.98,1.0322122E7
1532649600,53.95,54.77,53.92,54.46,6561206.0
1532908800,54.32,54.88,53.75,53.79,5676650.0
1532995200,53.93,55.05,53.81,54.42,6048094.0
1533081600,54.79,54.87,53.39,53.59,4203391.0
1533168000,53.21,54.1,52.935,53.91,4483603.0
1533254400,54.16,54.4401,54.01,54.26,3147293.0
1533513600,54.1,54.53,53.84,54.42,3122279.0
1533600000,54.6,55.085,54.52,54.7,4425276.0
1533686400,54.87,55.55,54.85,55.23,3562361.0
1533772800,55.21,55.72,55.125,55.34,2890412.0
1533859200,54.78,54.83,53.85,54.71,4204461.0
1534118400,54.88,54.88,53.76,54.22,3896583.0
1534204800,54.26,55.06,54.255,54.76,3460170.0
1534291200,54.8,55.55,54.36,55.23,4896590.0
1534377600,55.33,55.8,55.22,55.45,3366092.0
1534464000,55.49,55.99,55.31,55.65,3266465.0
1534723200,55.97,57.7,55.86,57.42,7005795.0
1534809600,57.53,58.0298,57.44,57.6,4732310.0
1534896000,57.5,57.5,56.775,56.91,4246128.0
1534982400,56.81,57.315,56.72,56.94,3051871.0
1535068800,56.78,57.38,56.55,57.18,3149597.0
1535328000,57.47,57.925,57.27,57.75,4279115.0
1535414400,57.95,58.87,57.81,58.79,7035273.0
1535500800,58.8,58.87,58.41,58.52,4543353.0
1535587200,58.33,58.69,58.175,58.44,3020304.0
1535673600,58.44,58.78,58.335,58.48,6076717.0
1536019200,58.5,59.18,58.44,58.88,5017410.0
1536105600,59.0,59.6,56.95,57.21,9495483.0
1536192000,57.21,57.519,56.18,56.44,7618210.0
1536278400,56.08,57.6842,55.6935,56.86,6307905.0
1536537600,57.05,57.74,56.82,57.56,3894948.0
1536624000,57.33,58.455,57.16,58.27,4717489.0
1536710400,58.34,58.38,57.16,57.39,5116086.0
1536796800,57.39,58.25,57.39,57.82,3568372.0
1536883200,57.76,58.325,57.63,57.93,3449325.0
1537142400,57.79,58.355,57.79,57.96,3944555.0
1537228800,57.87,58.295,56.92,57.83,3747043.0
1537315200,57.86,58.27,57.7484,57.9,3423040.0
1537401600,58.2,58.46,57.9,58.13,3448081.0
1537488000,58.44,60.23,58.39,59.61,1.1936294E7
1537747200,59.16,59.16,57.1332,57.41,6639974.0
1537833600,57.44,57.55,56.405,57.1,4635460.0
1537920000,57.4,57.95,57.18,57.51,5306736.0
1538006400,57.82,58.58,57.82,58.0,3897844.0
1538092800,58.0,58.27,57.54,57.83,4642451.0
1538352000,57.99,58.14,56.32,56.6,5840009.0
1538438400,55.44,55.6,54.21,54.69,8604597.0
1538524800,54.99,55.2,54.25,54.32,6966651.0
1538611200,54.25,54.43,53.04,53.56,7681067.0
1538697600,53.74,53.8612,52.54,52.7,5621886.0
1538956800,52.37,52.7119,51.61,52.14,5495659.0
1539043200,52.53,52.93,50.7562,50.86,8284702.0
1539129600,50.73,50.83,49.68,49.71,1.308289E7
1539216000,51.5,52.6,50.67,51.48,1.5887487E7
1539302400,52.56,52.71,51.36,52.05,9677255.0
1539561600,52.0,52.5,51.76,51.84,6494511.0
1539648000,52.06,53.22,52.02,53.11,6683962.0
1539734400,54.93,55.28,53.7,54.3,9184244.0
1539820800,54.29,54.3,52.96,53.13,5871378.0
1539907200,53.13,53.58,52.76,53.39,4989832.0
1540166400,53.54,54.43,53.3,54.24,6174622.0
1540252800,53.3,53.65,52.025,53.45,7679771.0
1540339200,53.5,53.6,51.365,51.51,6759168.0
1540425600,51.41,53.96,51.36,53.71,9174437.0
1540512000,53.31,54.19,52.136,53.28,9573049.0
1540771200,54.15,54.77,52.555,53.42,1.0819878E7
1540857600,53.39,55.22,53.38,55.12,7526163.0
1540944000,55.61,56.13,54.68,54.73,8699512.0
1541030400,54.93,56.23,54.79,56.04,6401082.0
1541116800,56.5,57.03,55.64,56.12,6488598.0
1541376000,56.02,56.38,55.55,56.05,5206029.0
1541462400,55.71,55.87,54.75,55.47,5983083.0
1541548800,55.81,57.25,55.64,56.79,7204746.0
1541635200,56.59,56.96,55.88,56.73,4150355.0
1541721600,56.83,57.21,56.38,56.65,6061646.0
1541980800,56.6,57.19,56.2,56.7,4553871.0
1542067200,57.13,57.92,56.79,56.82,6004355.0
1542153600,56.93,57.561,56.205,56.43,5543261.0
1542240000,56.16,56.26,55.0,56.1,6969045.0
1542326400,55.81,56.02,54.9,55.9,6719523.0
1542585600,56.0,56.59,55.76,56.19,5640439.0
1542672000,55.6,56.47,55.28,55.41,5623612.0
1542758400,55.81,57.32,55.67,55.97,6509077.0
1542931200,56.49,57.69,56.27,57.16,3778228.0
1543190400,57.52,57.8,56.56,56.71,5927074.0
1543276800,57.31,59.0,57.28,58.31,8879751.0
1543363200,58.37,58.93,57.71,58.87,6204019.0
1543449600,58.5,59.43,58.35,58.86,6793743.0
1543536000,59.26,61.32,59.17,60.71,1.0847163E7
1543795200,61.0,61.07,59.81,60.12,6759392.0
1543881600,57.98,59.1853,56.33,56.94,1.4428962E7
1544054400,56.63,58.23,56.51,58.08,9052507.0
1544140800,57.61,58.08,55.5,56.07,8193594.0
1544400000,56.23,56.645,55.31,56.32,5698724.0
1544486400,56.69,56.96,55.63,55.89,7319200.0
1544572800,56.46,56.965,56.0,56.27,6175872.0
1544659200,56.23,56.45,53.35,53.55,1.0174946E7
1544745600,52.9,54.73,52.85,53.51,5551755.0
1545004800,53.37,53.37,52.12,52.39,5792658.0
1545091200,53.43,53.6,52.66,52.95,6099639.0
1545177600,53.2,53.34,51.41,51.93,8003692.0
1545264000,51.53,52.06,50.02,50.91,8429190.0
1545350400,50.51,51.28,49.29,49.45,1.1680154E7
1545609600,49.25,49.45,47.9,47.96,5381335.0
1545782400,48.4,50.46,47.9097,50.41,7452698.0
1545868800,50.03,50.5,48.32,50.5,7136268.0
1545955200,50.53,51.1,49.71,50.18,5854861.0
1546214400,50.29,50.66,49.56,49.9,6231664.0
1546387200,49.25,50.16,48.88,50.09,5270790.0
1546473600,48.51,48.94,45.08,45.61,1.8694053E7
1546560000,46.37,48.83,46.24,47.79,1.1037038E7
1546819200,48.0,48.4366,47.13,47.85,9375509.0
1546905600,48.48,48.67,46.95,47.47,8231426.0
1546992000,47.1,48.72,46.92,48.47,8095347.0
1547078400,46.68,48.91,45.82,48.73,1.1880218E7
1547164800,48.22,48.67,47.59,48.56,6577866.0
1547424000,47.57,47.9,46.4,47.75,1.0095073E7
1547510400,47.97,49.29,46.85,47.83,1.1569501E7
1547596800,48.89,49.18,47.41,47.5,9822970.0
1547683200,47.44,48.57,47.32,48.22,7312959.0
1547769600,48.64,48.7,47.94,48.11,7850242.0
1548115200,48.05,48.05,46.84,47.1,8144355.0
1548201600,47.29,47.8,46.94,47.3,8099873.0
1548288000,48.26,48.5486,47.17,47.52,9057239.0
1548374400,47.65,48.15,46.9,47.69,1.1840154E7
1548633600,47.43,48.44,47.33,48.01,8212134.0
1548720000,48.41,48.49,47.87,48.22,7476882.0
1548806400,48.38,50.45,48.36,50.27,1.3005191E7
1548892800,50.07,50.41,49.085,49.43,8287062.0
1548979200,49.63,50.49,49.57,49.92,6173025.0
1549238400,49.99,50.4,49.56,50.34,5356243.0
1549324800,50.37,51.06,50.015,50.54,8727575.0
1549411200,50.17,50.78,49.86,50.52,6228139.0
1549497600,50.34,50.6688,49.97,50.41,5674061.0
1549584000,50.07,50.5299,49.92,50.47,4456551.0
1549843200,50.61,51.03,50.6,50.61,6963934.0
1549929600,50.86,51.07,49.88,49.89,8301715.0
1550016000,50.05,50.73,49.885,50.41,5754932.0
1550102400,50.07,50.73,49.955,50.48,5779993.0
1550188800,50.89,51.47,50.565,51.08,6492019.0
1550534400,51.0,52.22,51.0,51.82,7904847.0
1550620800,51.18,51.6357,50.57,51.24,7497306.0
1550707200,51.2,51.86,51.1,51.48,6615008.0
1550793600,51.6,51.96,51.24,51.52,5413254.0
1551052800,51.81,51.87,51.27,51.41,6180420.0
1551139200,51.4,51.96,51.08,51.12,6826836.0
1551225600,50.97,51.03,49.95,50.43,9041570.0
1551312000,50.09,50.17,49.54,49.58,9483825.0
1551398400,49.37,49.73,48.215,48.96,1.1393908E7
1551657600,49.04,49.57,48.4339,48.79,1.0194061E7
1551744000,50.03,50.49,49.41,49.72,9800737.0
1551830400,49.81,50.2799,49.44,49.71,8702801.0
1551916800,49.51,49.8,48.76,49.59,8183589.0
1552003200,49.25,49.6,48.92,49.59,8570143.0
1552262400,49.8,51.285,49.77,51.12,8868118.0
1552348800,51.19,51.32,50.02,50.67,8073913.0
1552435200,50.98,51.09,50.08,51.02,1.0536252E7
1552521600,51.38,52.08,50.84,50.94,8048841.0
1552608000,51.29,51.47,50.98,51.19,8192379.0
1552867200,51.07,51.25,50.53,50.74,6415231.0
1552953600,50.99,51.39,50.82,50.96,5606647.0
1553040000,50.89,50.89,49.77,49.87,7752992.0
1553126400,49.71,50.61,49.7,50.3,5128735.0
1553212800,50.04,50.24,49.5165,49.76,5896204.0
1553472000,49.6,50.04,48.97,49.03,6454023.0
1553558400,49.36,49.625,48.68,49.09,5321887.0
1553644800,49.05,50.53,48.98,49.97,7907210.0
1553731200,50.11,50.65,49.895,50.32,6600107.0
1553817600,50.73,51.75,50.38,51.65,9162368.0
1554076800,51.82,52.33,51.5243,52.18,8501651.0
1554163200,54.53,55.935,53.92,55.33,1.5920661E7
1554249600,55.96,57.57,55.81,57.0,1.3299464E7
1554336000,57.46,57.67,56.37,57.22,8998034.0
1554422400,57.44,58.2,57.33,57.73,6918335.0
1554681600,57.5,57.9,56.91,57.71,7921611.0
1554768000,57.2,57.44,56.78,56.95,9581566.0
1554854400,58.97,58.97,56.77,57.86,1.4398234E7
1554940800,57.95,58.84,57.82,58.39,8452446.0
1555027200,58.83,58.84,57.55,58.05,7693901.0
1555286400,58.0,58.11,57.37,57.45,5326976.0
1555372800,57.66,58.12,57.65,58.11,3970234.0
1555459200,58.85,58.99,58.09,58.43,4987645.0
1555545600,58.5,58.58,58.02,58.17,4108117.0
1555891200,57.79,57.97,57.28,57.75,4043864.0
1555977600,57.66,58.41,57.66,58.24,4593000.0
1556064000,58.24,58.53,57.8,57.85,3275218.0
1556150400,57.84,58.48,56.38,56.71,5557601.0
1556236800,56.56,57.47,56.48,57.11,3714139.0
1556496000,57.24,57.9,57.0501,57.73,3215624.0
1556582400,57.82,58.57,57.755,58.29,4030410.0
1556668800,58.2,58.51,57.105,57.18,5629966.0
1556755200,57.32,58.08,57.25,57.66,3426141.0
1556841600,57.73,58.135,57.52,57.8,4673027.0
1557100800,56.98,57.965,56.74,57.73,4105758.0
1557187200,57.25,57.5,56.33,57.17,4784825.0
1557273600,56.77,57.08,56.18,56.45,3641444.0
1557360000,56.14,56.73,55.69,56.59,5003568.0
1557446400,56.25,56.865,55.06,56.62,3737816.0
1557705600,55.44,55.52,54.07,54.8,5223811.0
1557792000,54.9,55.63,54.745,55.25,2463425.0
1557878400,54.58,55.365,54.09,55.05,2999135.0
1557964800,55.14,55.96,55.14,55.38,2731370.0
1558051200,54.76,55.54,54.49,54.89,3969850.0
1558310400,54.0,54.67,53.75,54.28,3722756.0
1558396800,54.68,55.03,54.59,54.83,2816770.0
1558483200,54.49,54.84,53.89,54.06,3616690.0
1558569600,53.65,54.75,53.24,54.0,5279103.0
1558656000,54.42,54.62,53.71,54.12,2503194.0
1559001600,54.14,54.63,53.87,53.88,3454118.0
1559088000,53.75,53.75,52.81,53.21,3929675.0
1559174400,53.38,53.8,52.87,53.03,3775210.0
1559260800,52.47,52.8,51.3094,51.5,5615106.0
1559520000,51.48,52.7,51.41,52.1,7244631.0
1559606400,52.85,54.365,52.82,54.31,7619264.0
1559692800,54.85,55.23,54.2378,54.94,6379259.0
1559779200,55.06,55.2214,54.36,54.69,6192026.0
1559865600,54.92,55.845,54.92,55.07,4234804.0
1560124800,55.5,55.895,54.65,54.73,3312865.0
1560211200,55.02,55.31,54.48,54.88,2833733.0
1560297600,55.05,55.48,54.9,55.45,3856327.0
1560384000,55.69,57.24,55.67,56.52,6300572.0
1560470400,56.57,56.63,55.78,55.99,4382468.0
1560729600,55.78,55.935,55.26,55.67,4057425.0
1560816000,55.95,56.52,55.46,56.03,3642521.0
1560902400,56.28,56.56,55.95,56.36,3196821.0
1560988800,56.85,56.88,55.3274,55.97,5055778.0
1561075200,56.0,56.86,55.555,55.99,8573677.0
1561334400,56.1,56.23,55.67,56.07,2896010.0
1561420800,56.05,56.7221,55.86,55.92,3579823.0
1561507200,56.07,56.81,55.84,56.38,4437735.0
1561593600,56.75,57.42,56.5001,56.82,4375403.0
1561680000,56.89,57.42,56.7,56.75,8034898.0
1561939200,57.3,57.9,57.25,57.79,5020562.0
1562025600,58.6,59.22,58.09,58.54,6838308.0
1562112000,59.0,59.62,58.89,59.15,3303860.0
1562284800,59.15,59.39,57.85,58.7,5896922.0
1562544000,58.9,59.67,58.84,59.37,7800583.0
1562630400,59.57,59.99,58.561,58.96,7870188.0
1562716800,59.34,59.67,58.76,59.47,7781257.0
1562803200,60.25,60.79,59.47,60.16,1.2695633E7
1562889600,60.23,62.24,60.02,61.65,1.0045656E7
1563148800,61.57,62.41,61.31,61.7,5889350.0
1563235200,61.88,63.255,61.72,63.16,1.0319695E7
1563321600,63.23,63.272,62.19,62.25,7532027.0
1563408000,61.77,62.66,61.64,62.66,4482528.0
1563494400,62.86,63.09,60.86,60.91,7903124.0
1563753600,61.45,61.6268,61.06,61.29,4787115.0
1563840000,61.45,63.11,61.27,63.09,7452209.0
1563926400,62.39,63.4369,62.38,63.16,5718757.0
1564012800,62.77,63.13,61.84,62.23,5351901.0
1564099200,62.25,62.66,61.914,62.16,3857912.0
1564358400,61.98,62.72,61.85,62.46,4972236.0
1564444800,62.31,62.68,62.09,62.63,2914263.0
1564531200,62.5,62.525,60.68,61.04,7229581.0
1564617600,61.31,61.77,59.77,60.32,5838036.0
1564704000,59.9,60.53,59.48,60.13,3739497.0
1564963200,59.37,59.39,57.0301,57.82,8855672.0
1565049600,58.49,58.9,58.09,58.79,4704848.0
1565136000,58.02,59.55,57.43,59.24,7648820.0
1565222400,59.93,60.45,59.4,60.03,5414045.0
1565308800,59.69,60.16,59.07,59.53,5606407.0
1565568000,59.07,59.2998,58.27,58.66,4788269.0
1565654400,58.2,59.92,58.17,58.84,6196702.0
1565740800,57.92,58.06,56.7,57.23,7662820.0
1565827200,57.47,57.7,56.78,57.11,4360437.0
1565913600,57.43,58.36,57.22,58.04,4226143.0
1566172800,58.68,59.0,58.14,58.19,3503479.0
1566259200,58.02,58.17,57.59,57.68,2513667.0
1566345600,58.25,58.57,57.85,58.01,3015696.0
1566432000,58.13,58.28,57.47,57.96,3437022.0
1566518400,57.82,58.065,55.84,56.2,5922900.0
1566777600,56.76,56.87,55.95,56.28,3415430.0
1566864000,56.63,56.68,55.57,56.14,7703233.0
1566950400,55.84,57.165,55.8,56.68,5264070.0
1567036800,57.12,58.13,57.0601,57.88,4101360.0
1567123200,58.15,58.86,57.59,57.86,4268962.0
1567468800,57.44,57.91,56.65,57.29,6602548.0
1567555200,57.62,58.04,56.74,57.23,4946630.0
1567641600,57.66,58.94,57.5501,58.19,4462558.0
1567728000,58.7,58.96,57.89,57.98,5741083.0
1567987200,57.98,58.45,57.555,58.11,5740464.0
1568073600,58.08,58.7227,57.8,58.64,4409686.0
1568160000,58.62,59.18,58.14,58.78,4163733.0
1568246400,58.78,59.8919,58.78,59.44,5188741.0
1568332800,60.0,60.58,59.61,60.01,7548427.0
1568592000,58.03,59.13,57.25,59.07,9556386.0
1568678400,58.31,59.77,58.16,59.37,8189498.0
1568764800,59.45,59.5,58.67,59.31,4110180.0
1568851200,59.25,59.25,58.305,58.69,3586202.0
1568937600,58.8,59.18,58.49,58.63,6179956.0
1569196800,58.31,58.6646,57.84,58.02,4422375.0
1569283200,58.62,58.91,57.56,58.0,5280085.0
1569369600,58.04,58.49,57.679,58.31,3300082.0
1569456000,58.11,58.81,57.93,58.78,3815503.0
1569542400,58.97,59.38,58.1645,58.28,5377186.0
1569801600,58.51,58.69,57.52,57.6,5224565.0
1569888000,58.05,58.68,56.65,57.01,8076034.0
1569974400,55.74,55.749,52.87,54.35,1.3990845E7
1570060800,53.12,53.86,51.81,52.83,1.4423342E7
1570147200,52.85,53.955,52.68,53.81,6667002.0
1570406400,53.75,54.11,53.24,53.36,8782028.0
1570492800,53.02,54.095,52.8897,53.2,8056042.0
1570579200,54.01,54.4,53.59,53.92,7703830.0
1570665600,51.95,53.26,51.07,53.1,2.6432205E7
1570752000,53.5,53.77,52.64,52.95,1.1017327E7
1571011200,52.05,53.195,51.97,52.99,6735434.0
1571097600,53.21,53.985,53.01,53.64,8643326.0
1571184000,53.75,54.13,53.07,53.17,5560113.0
1571270400,53.52,53.76,53.25,53.37,4426462.0
1571356800,53.19,53.99,53.18,53.83,6966783.0
1571616000,54.19,54.98,54.1,54.58,6754958.0
1571702400,54.69,54.96,54.06,54.65,5662769.0
1571788800,54.05,54.24,53.6,53.81,4894049.0
1571875200,54.3,54.66,53.48,53.79,4829637.0
1571961600,53.61,54.737,53.6,54.6,4412771.0
1572220800,54.72,55.33,54.72,55.17,3966446.0
1572307200,55.14,55.865,55.11,55.38,4480114.0
1572393600,55.36,55.4099,54.805,55.32,3814080.0
1572480000,55.02,55.2,54.41,55.08,7023985.0
1572566400,55.55,56.07,55.23,56.02,5389553.0
1572825600,56.75,56.97,56.4201,56.88,6164353.0
1572912000,57.28,58.14,57.05,57.51,6915283.0
1572998400,57.5,57.6,57.035,57.58,5120270.0
1573084800,57.92,58.43,57.58,57.66,7754424.0
1573171200,57.48,57.66,57.03,57.58,4820996.0
1573430400,57.26,57.52,57.09,57.21,3812049.0
1573516800,57.59,57.69,57.0402,57.22,4424709.0
1573603200,56.74,56.88,56.3,56.5,4157019.0
1573689600,56.27,56.75,56.07,56.55,3768852.0
1573776000,56.89,57.23,56.82,56.85,4350156.0
1574035200,56.78,57.09,56.49,57.08,3788388.0
1574121600,57.35,57.49,56.7031,57.07,4704851.0
1574208000,56.8,56.85,55.275,55.67,7383751.0
1574294400,55.74,55.9856,55.26,55.31,5021257.0
1574380800,55.57,56.13,55.1238,56.11,9648222.0
1574640000,56.39,56.69,55.69,56.35,6822744.0
1574726400,56.32,57.48,56.25,57.46,4890216.0
1574812800,57.53,57.58,56.675,57.07,4064177.0
1574985600,57.15,57.8499,57.01,57.31,2653578.0
1575244800,57.25,57.65,56.715,56.75,5628804.0
1575331200,55.89,56.0,54.54,55.62,7253163.0
1575417600,55.95,56.57,55.76,56.06,4760124.0
1575504000,56.39,56.41,55.7,55.88,3899946.0
1575590400,56.44,56.6,56.12,56.14,4568172.0
1575849600,55.99,56.145,55.645,55.8,4069862.0
1575936000,55.8,56.365,55.43,55.53,4873709.0
1576022400,55.4,55.52,54.95,55.08,5544380.0
1576108800,55.91,57.49,55.61,56.69,8871627.0
1576195200,56.79,57.29,56.43,56.73,4441484.0
1576454400,57.17,58.49,57.15,58.42,7460666.0
1576540800,58.42,59.3,58.33,58.69,6664603.0
1576627200,59.49,59.64,58.45,58.58,5027033.0
1576713600,58.62,59.24,58.42,59.14,4455966.0
1576800000,59.55,59.575,58.915,58.97,6026815.0
1577059200,59.17,59.92,59.03,59.44,3648234.0
1577145600,59.66,59.72,59.16,59.39,1075975.0
1577318400,59.48,59.72,59.26,59.56,2465878.0
1577404800,59.63,59.645,58.79,59.08,3538711.0
1577664000,59.25,59.3,58.2438,58.66,3779314.0
1577750400,58.49,58.7313,58.34,58.48,2917296.0
1577923200,58.93,59.39,58.45,59.04,4459843.0
1578009600,57.5,58.12,56.91,58.06,9079746.0
1578268800,56.99,57.76,56.66,57.66,5504424.0
1578355200,57.91,58.07,57.47,57.61,5635790.0
1578441600,57.75,59.4,57.73,58.85,8519684.0
1578528000,59.26,59.47,58.58,58.96,5336915.0
1578614400,59.25,59.49,58.62,59.24,8282229.0
1578873600,59.03,59.7,59.03,59.49,8452039.0
1578960000,62.04,62.25,60.86,61.45,1.6460976E7
1579046400,61.54,61.94,61.03,61.62,7953423.0
1579132800,62.06,62.48,61.63,61.88,4950458.0
1579219200,62.13,62.48,61.865,62.03,5770008.0
1579564800,61.25,61.61,58.43,60.34,1.6591969E7
1579651200,60.63,60.72,59.56,59.64,7096446.0
1579737600,59.19,60.375,58.19,60.27,7774547.0
1579824000,60.1,60.21,57.84,58.81,1.0989505E7
1580083200,56.49,57.18,55.62,56.83,1.3090189E7
1580169600,57.55,57.97,56.75,57.48,6343686.0
1580256000,57.64,57.8,56.57,56.65,5663665.0
1580342400,55.65,57.18,55.65,57.1,5980732.0
1580428800,56.7,57.08,55.43,55.74,9320794.0
1580688000,56.2,57.25,56.0,56.04,7498975.0
1580774400,57.2,58.4,57.15,57.93,6880807.0
1580860800,58.97,59.2993,58.5998,58.89,6067216.0
1580947200,59.8,60.03,58.02,58.18,5210207.0
1581033600,57.96,58.25,57.52,57.92,3836844.0
1581292800,57.54,58.12,57.43,57.71,4541102.0
1581379200,58.1,59.1,57.97,58.66,4566462.0
1581465600,59.29,59.915,59.18,59.47,5227469.0
1581552000,58.75,59.21,58.35,59.13,4353149.0
1581638400,59.24,59.47,58.58,58.9,3810080.0
1581984000,58.87,59.47,58.41,58.72,5691853.0
1582070400,58.49,58.58,58.03,58.51,4399855.0
1582156800,58.2,58.99,58.12,58.38,5239459.0
1582243200,57.96,58.02,56.87,57.87,6296079.0
1582502400,54.83,55.375,53.335,54.23,1.7983124E7
1582588800,54.54,54.71,50.75,50.89,1.5836504E7
1582675200,51.44,51.77,49.0,49.59,1.5994706E7
1582761600,46.72,50.98,45.03,48.19,2.1949062E7
1582848000,46.02,47.7899,45.1352,46.13,1.9860957E7
1583107200,46.22,47.25,44.33,47.16,2.0098724E7
1583193600,49.81,49.97,46.04,46.18,2.6344102E7
1583280000,47.5,48.64,46.021,48.5,2.0381792E7
1583366400,46.5,46.57,44.4175,45.01,2.2918801E7
1583452800,43.47,46.9283,42.87,45.89,2.5809305E7
1583712000,43.04,45.01,42.425,43.52,2.5784749E7
1583798400,45.57,45.88,41.46,45.47,2.8693308E7
1583884800,44.0,44.34,41.73,42.67,2.3567775E7
1583971200,37.47,38.78,33.46,33.71,3.6331856E7
1584057600,38.54,38.74,34.79,38.36,3.3052486E7
1584316800,32.8,38.08,31.23,35.81,3.5535364E7
1584403200,36.23,37.19,30.6,31.74,3.3097457E7
1584489600,29.79,29.79,19.1,23.49,6.4242532E7
1584576000,23.36,24.15,20.0,21.51,4.462338E7
1584662400,23.17,26.85,21.26,21.35,5.5062901E7
1584921600,22.17,22.83,20.6,22.22,4.4426362E7
1585008000,26.26,28.98,24.52,26.89,6.5730293E7
1585094400,31.49,33.28,27.4,31.1,7.0733903E7
1585180800,32.61,35.89,30.424,31.7,5.791354E7
1585267200,30.72,31.32,29.02,29.55,3.4960737E7
1585526400,28.49,29.29,26.0,28.67,2.9527475E7
1585612800,29.35,30.53,28.42,28.53,2.5002296E7
1585699200,26.59,26.59,23.69,23.87,5.6132992E7
1585785600,23.92,24.65,22.51,22.68,3.9407439E7
1585872000,23.03,23.65,21.75,22.48,4.8967847E7
1586131200,22.3103,23.5,20.76,22.32,9.5093023E7
1586217600,25.21,25.85,21.9,22.25,9.890723E7
1586304000,23.09,23.64,22.53,23.23,6.7565194E7
1586390400,25.4,25.53,23.35,24.39,9.1692855E7
1586736000,24.98,25.06,22.08,23.25,7.6172968E7
1586822400,23.9899,25.29,23.83,24.54,6.0843593E7
1586908800,24.91,25.5,23.31,24.35,8.8092459E7
1586995200,23.76,23.8,22.63,22.78,5.7610192E7
1587081600,24.15,24.61,23.59,24.27,5.2594484E7
1587340800,23.44,24.12,22.91,23.64,4.295078E7
1587427200,23.02,23.77,22.8,23.1,3.8616713E7
1587513600,23.88,23.94,21.63,22.47,7.022136E7
1587600000,22.65,22.96,22.41,22.48,4.3581842E7
1587686400,22.53,22.68,21.75,22.41,4.3766606E7
1587945600,22.83,23.44,22.0,22.16,5.056165E7
1588032000,23.0,24.9,22.65,24.34,8.3972146E7
1588118400,25.69,27.6,25.5,27.32,8.1614877E7
1588204800,26.7,27.23,25.5,25.91,6.3570686E7
1588291200,24.95,25.4,23.72,24.12,4.514613E7
1588550400,21.19,22.79,20.5,22.57,9.1387139E7
1588636800,23.02,23.5,21.51,21.71,5.1178744E7
1588723200,21.76,22.1,20.7503,21.0,5.2949154E7
1588809600,21.07,22.5,21.02,21.68,4.832818E7
1588896000,22.36,22.92,22.05,22.72,4.3366769E7
1589155200,22.1,22.51,21.55,22.01,3.9151906E7
1589241600,22.1,22.4,21.03,21.03,3.7466268E7
1589328000,20.97,20.97,19.09,19.41,7.2264892E7
1589414400,18.8,19.54,17.51,19.38,8.8506252E7
1589500800,18.97,19.65,18.62,19.19,4.6861844E7
1589760000,20.91,21.94,20.55,21.86,7.4681701E7
1589846400,22.57,22.57,21.32,21.76,7.0906353E7
1589932800,22.34,23.1,22.14,22.72,5.0856956E7
1590019200,22.77,23.68,22.6668,23.16,4.6567247E7
1590105600,23.24,23.4,22.23,22.69,3.713933E7
1590451200,24.48,25.865,24.28,25.65,7.8557082E7
1590537600,27.67,27.85,24.73,26.32,9.2711991E7
1590624000,26.25,26.36,24.95,25.66,5.4071471E7
1590710400,24.62,25.605,24.37,25.21,5.0687506E7
1590969600,25.33,26.76,25.0826,26.17,4.6647202E7
1591056000,26.68,26.98,25.935,26.41,4.3200422E7
1591142400,27.01,28.6,26.7,28.47,6.50111E7
1591228800,30.27,32.81,29.22,32.38,1.34626481E8
1591315200,37.2,37.24,33.45,34.16,1.30685447E8
1591574400,36.63,37.08,35.38,36.97,8.213733E7
1591660800,34.5,34.729,32.65,34.17,6.0254521E7
1591747200,32.24,32.99,29.76,31.64,9.037943E7
1591833600,26.65,29.57,26.6,27.2,8.8001455E7
1591920000,29.89,30.74,28.75,30.43,6.8352373E7
1592179200,28.3,30.965,28.0,30.46,6.4288748E7
1592265600,32.63,33.02,30.61,31.3,6.3426691E7
1592352000,30.84,31.16,30.08,30.72,3.772214E7
1592438400,29.88,31.145,29.595,30.79,4.0662581E7
1592524800,31.51,31.52,29.02,29.51,4.810386E7
1592784000,29.03,29.84,28.56,29.31,4.2192662E7
1592870400,29.53,29.65,28.73,29.64,3.3474973E7
1592956800,28.75,28.99,26.93,27.34,4.5272507E7
1593043200,26.5197,28.16,26.27,28.01,3.7309399E7
1593129600,28.02,28.0967,26.24,26.91,4.5683436E7
1593388800,27.2,28.82,26.58,28.61,3.8727331E7
1593475200,28.35,28.66,27.6,28.05,2.7054771E7
1593561600,29.02,29.85,27.49,27.7,3.9305268E7
1593648000,28.54,28.73,27.6,27.72,2.9240138E7
1593993600,28.24,28.63,27.28,28.44,2.7345163E7
1594080000,27.86,27.95,26.86,27.01,2.459805E7
1594166400,26.65,27.275,26.2,27.01,2.721406E7
1594252800,26.79,26.92,25.22,25.65,3.1219838E7
1594339200,25.3,27.26,25.15,27.09,3.1349432E7
1594598400,27.23,27.62,26.31,26.82,3.4133053E7
1594684800,25.64,26.75,25.46,26.11,4.2273276E7
1594771200,27.5,28.88,26.92,28.6,4.7726616E7
1594857600,27.56,27.95,27.035,27.26,2.5914243E7
1594944000,27.33,27.73,26.935,27.05,2.098249E7
1595203200,27.0,27.42,26.03,26.22,2.1574479E7
1595289600,26.5,26.95,26.35,26.43,2.0958617E7
1595376000,26.23,26.82,26.11,26.25,1.6710842E7
1595462400,26.0,27.7017,25.78,26.78,2.8110723E7
1595548800,26.48,26.6384,25.88,25.96,1.6774945E7
1595808000,25.95,26.16,25.37,25.5,1.8849816E7
1595894400,25.35,26.3,25.34,25.94,1.8615582E7
1595980800,26.02,26.19,25.38,25.72,1.4459715E7
1596067200,25.25,25.375,24.82,24.94,1.6843985E7
1596153600,24.8,25.005,24.425,24.97,1.7116666E7
1596412800,24.85,25.48,24.3817,25.2,1.6590449E7
1596499200,25.45,26.22,25.31,25.67,1.7216231E7
1596585600,26.22,27.04,25.75,26.47,2.9661104E7
1596672000,26.9,27.2999,26.13,27.08,3.0682491E7
1596758400,26.7,27.2,26.465,27.18,1.5254479E7
1597017600,27.46,29.41,27.375,29.34,3.4084899E7
1597104000,30.79,30.82,29.43,29.64,3.7292963E7
1597190400,30.04,30.28,28.3601,29.09,2.6623874E7
1597276800,28.6,29.58,28.485,28.7,1.5767696E7
1597363200,28.3,29.19,28.15,28.95,1.3107829E7
1597622400,29.04,29.04,27.76,28.02,1.456899E7
1597708800,28.0,28.28,27.374,27.63,1.42225E7
1597795200,27.75,29.115,27.555,27.67,2.1082131E7
1597881600,27.52,27.7891,27.02,27.62,1.4010161E7
1597968000,27.56,27.86,27.17,27.27,1.0897498E7
1598227200,27.66,29.8,27.54,29.8,3.4251032E7
1598313600,30.0,30.28,29.33,30.1,3.1001948E7
1598400000,30.01,30.22,29.62,29.95,1.8877253E7
1598486400,30.81,32.21,30.62,30.82,3.1795179E7
1598572800,31.25,31.99,30.73,31.99,2.0469731E7
1598832000,31.81,32.01,30.8,30.85,1.8262658E7
1598918400,30.02,31.61,29.75,30.71,2.008118E7
1599004800,30.4,31.3,30.14,31.14,1.6307698E7
1599091200,31.63,32.53,30.47,31.22,2.9474906E7
1599177600,31.79,32.37,30.61,31.77,2.5878685E7
1599523200,31.4,33.1,31.34,32.54,2.8129423E7
1599609600,32.17,32.44,31.32,31.76,1.9362682E7
1599696000,32.18,32.7084,31.67,31.79,1.7711281E7
1599782400,31.81,32.13,31.34,31.7,1.4344069E7
1600041600,32.29,32.9,32.01,32.82,1.6333009E7
1600128000,33.2,34.4781,33.1,33.51,2.2656444E7
1600214400,33.8,34.99,33.19,34.57,2.6076837E7
1600300800,33.97,35.07,33.635,33.96,2.6014777E7
1600387200,33.22,34.02,32.575,32.84,3.5079227E7
1600646400,31.16,31.2,29.42,29.82,3.4449916E7
1600732800,29.81,30.54,29.7201,30.22,1.8035257E7
1600819200,30.44,31.03,29.49,29.56,1.7358065E7
1600905600,29.12,29.51,27.92,29.01,2.2257817E7
1600992000,28.82,29.7901,28.78,29.78,2.1831523E7
1601251200,30.6,31.96,30.1389,31.34,2.2098414E7
1601337600,31.1,31.11,30.3,30.61,1.4831172E7
1601424000,30.99,31.85,30.48,30.58,1.6664144E7
1601510400,30.99,31.36,30.575,31.1,1.2501909E7
1601596800,29.75,32.3,29.61,31.75,2.7126005E7
1601856000,32.35,32.43,31.52,32.0,1.4807074E7
1601942400,32.63,32.72,30.91,31.06,2.0317102E7
1602028800,32.22,32.36,31.64,32.15,1.5416576E7
1602115200,32.69,33.0,31.915,32.68,1.812384E7
1602201600,32.71,33.2742,32.29,32.81,1.6730616E7
1602460800,32.68,32.805,32.3,32.64,1.2065762E7
1602547200,31.9,32.39,31.48,31.77,2.2421153E7
1602633600,31.77,32.32,31.65,31.76,1.651263E7
1602720000,31.38,31.455,30.685,31.34,1.192226E7
1602806400,31.4,31.76,31.24,31.47,1.1143561E7
1603065600,31.7,32.27,31.31,31.5,1.4588703E7
1603152000,31.97,32.41,31.59,31.98,1.424428E7
1603238400,31.89,31.94,31.37,31.5,1.129228E7
1603324800,31.87,33.805,31.72,33.72,2.5713691E7
1603411200,33.52,34.04,32.9,34.0,1.5247339E7
1603670400,33.5,33.5,31.53,31.93,1.6558336E7
1603756800,31.75,32.06,30.69,30.71,1.3442016E7
1603843200,29.76,30.15,28.74,29.65,2.2720885E7
1603929600,29.46,30.91,29.3402,30.76,1.696229E7
1604016000,30.52,30.99,29.99,30.64,1.5235399E7
1604275200,30.62,30.63,29.67,30.22,1.4200869E7
1604361600,30.94,31.36,30.64,30.9,1.4257917E7
1604448000,30.91,31.31,30.11,30.43,1.2348478E7
1604534400,30.85,32.26,30.8,31.98,1.3145055E7
1604620800,31.67,31.8435,31.03,31.42,1.1821147E7
1604880000,37.4,38.69,34.68,36.77,5.8086425E7
1604966400,36.1,37.17,35.69,37.04,2.8449375E7
1605052800,36.64,36.79,34.73,35.02,2.0970407E7
1605139200,34.09,35.55,34.02,34.38,2.1696883E7
1605225600,34.95,36.675,34.85,36.46,2.087046E7
1605484800,38.43,38.65,37.24,38.0,2.5376587E7
1605571200,37.4,38.05,36.66,37.6,1.6952696E7
1605657600,38.09,39.3,37.89,37.91,2.1199184E7
1605744000,37.59,38.13,37.48,37.91,1.3981577E7
1605830400,37.99,38.09,36.97,37.13,1.2490549E7
1606089600,37.8,38.85,37.43,38.79,1.4802883E7
1606176000,40.05,41.29,39.41,41.26,2.3817966E7
1606262400,40.8,41.487,40.05,41.29,1.458887E7
1606435200,41.79,42.19,40.775,41.06,1.0516621E7
1606694400,40.53,41.05,39.35,40.25,1.6732615E7
1606780800,40.79,41.06,39.92,39.96,1.3223634E7
1606867200,39.81,41.275,39.0582,41.07,1.2937348E7
1606953600,41.7,43.76,41.56,42.95,2.4526758E7
1607040000,43.2,43.49,42.0701,42.36,1.8453376E7
1607299200,42.4,42.83,41.74,42.35,1.316911E7
1607385600,41.95,42.88,41.77,42.41,1.1530276E7
1607472000,43.05,43.48,41.3348,42.11,1.6348295E7
1607558400,41.16,42.75,41.07,42.62,1.0680659E7
1607644800,42.01,42.43,41.14,41.74,1.2223113E7
1607904000,42.25,42.38,40.67,40.69,1.2197202E7
1607990400,41.2,41.93,40.1576,41.85,1.1326446E7
1608076800,41.75,41.81,40.66,41.08,1.0774593E7
1608163200,41.3,41.42,40.61,41.11,9656677.0
1608249600,40.88,41.03,40.28,40.68,1.4312415E7
1608508800,39.56,40.35,39.16,40.14,1.6976838E7
1608595200,40.43,40.49,38.84,38.94,1.3519977E7
1608681600,39.295,40.47,39.18,40.24,1.2659678E7
1608768000,40.42,40.44,39.605,39.73,5176408.0
1609113600,40.27,40.7758,40.01,40.15,1.0654383E7
1609200000,40.84,40.84,39.9,40.03,8142801.0
1609286400,40.0,40.905,39.89,40.56,8504632.0
1609372800,40.3,40.74,39.76,40.21,8705736.0
1609718400,40.17,40.34,38.3306,38.73,1.5123448E7
1609804800,38.49,40.085,38.45,39.55,1.2317221E7
1609891200,39.64,40.9,39.54,40.38,1.2881083E7
1609977600,40.45,40.945,40.21,40.23,9136267.0
1610064000,40.41,40.6911,39.765,40.02,9497467.0
1610323200,39.08,39.99,38.9,39.41,1.1754897E7
1610409600,39.69,40.41,39.16,40.3,9725010.0
1610496000,40.01,40.74,39.6299,40.45,1.0852467E7
1610582400,41.21,42.64,41.12,41.47,1.7658314E7
1610668800,41.67,41.67,39.96,39.98,1.5465542E7
1611014400,40.31,40.65,39.8007,40.31,1.1530693E7
1611100800,40.69,41.77,40.5,41.62,1.1335701E7
1611187200,41.31,41.43,40.17,40.67,1.1155112E7
1611273600,40.0,40.27,39.81,40.0,1.1310058E7
1611532800,39.63,39.75,38.42,38.9,1.5964896E7
1611619200,39.26,39.64,38.98,39.32,1.0599373E7
1611705600,38.63,39.2254,38.1609,38.52,1.6953392E7
1611792000,39.55,40.37,38.99,40.08,2.1654014E7
1611878400,39.27,39.83,37.74,37.96,1.7989711E7
1612137600,38.35,38.4448,37.415,37.82,1.0332933E7
1612224000,38.55,38.88,37.99,38.8,1.1854259E7
1612310400,38.87,39.9,38.7,39.78,1.2415969E7
1612396800,39.95,41.07,39.94,40.93,1.1431799E7
1612483200,41.38,41.4,40.75,41.15,1.0111937E7
1612742400,41.55,43.4597,41.36,43.24,1.8296301E7
1612828800,42.96,42.96,41.81,42.51,1.0432074E7
1612915200,42.84,43.22,42.16,42.9,1.2011062E7
1613001600,42.7,43.135,41.995,42.72,8549181.0
1613088000,42.51,43.94,42.41,43.29,1.1490112E7
1613433600,43.99,44.81,43.78,44.65,1.377548E7
1613520000,44.28,44.5,43.535,44.39,1.0945652E7
1613606400,43.8,44.545,43.37,44.38,8756266.0
1613692800,44.62,46.22,44.55,45.67,1.458772E7
1613952000,46.75,48.93,46.47,47.74,2.1573509E7
1614038400,48.13,48.875,45.7,48.34,1.9193791E7
1614124800,48.93,50.2,48.62,49.6,1.70209E7
1614211200,49.97,50.0,47.225,48.25,1.5729781E7
1614297600,47.7,49.14,47.28,47.94,1.4828016E7
1614556800,49.47,49.959,48.06,48.06,1.3812921E7
1614643200,48.1,48.6799,47.38,48.23,1.156675E7
1614729600,48.62,49.085,48.14,48.35,1.3642675E7
1614816000,48.32,48.41,45.32,46.96,1.8062476E7
1614902400,46.91,47.0,43.01,46.21,2.0611794E7
1615161600,46.93,48.22,46.7,47.88,1.7272994E7
1615248000,47.96,48.08,46.34,47.62,1.1710072E7
1615334400,47.65,48.575,47.16,47.8,1.0719321E7
1615420800,48.21,48.96,47.58,48.32,1.1318565E7
1615507200,48.35,49.86,48.08,49.83,1.5891751E7
1615766400,50.86,52.28,50.75,50.99,1.9700788E7
1615852800,51.04,51.14,49.03,49.39,1.4281495E7
1615939200,49.03,50.64,49.01,50.44,1.3694381E7
1616025600,50.0799,50.98,48.93,49.18,1.3423574E7
1616112000,49.04,49.21,47.83,49.0,1.2123552E7
1616371200,48.53,48.62,47.745,47.97,1.0911091E7
1616457600,47.02,47.83,45.45,45.64,1.3616824E7
1616544000,46.54,47.3999,45.56,45.61,1.2120762E7
1616630400,44.79,47.215,44.52,47.01,1.4469133E7
1616716800,47.5,47.94,46.56,47.66,1.2361407E7
1616976000,47.66,48.1,46.71,47.32,9824194.0
1617062400,47.7,49.04,47.42,48.9,1.0787543E7
1617148800,48.8,49.02,48.11,48.28,9469208.0
1617235200,48.59,49.21,48.28,48.83,9569985.0
1617580800,49.58,50.98,49.47,50.25,1.4599921E7
1617667200,50.7,51.81,50.54,51.65,1.4652463E7
1617753600,51.8,51.82,50.03,50.2,1.2244346E7
1617840000,49.75,50.21,49.14,49.81,1.3546947E7
1617926400,49.81,49.81,48.83,49.27,9785393.0
1618185600,49.06,49.14,48.17,48.82,1.1070266E7
1618272000,47.45,48.4999,46.57,48.26,1.8287598E7
1618358400,49.07,49.5,47.92,48.17,1.2520419E7
1618444800,48.86,49.05,46.15,46.82,2.2267879E7
1618531200,47.0,47.43,46.34,46.64,1.2236394E7
1618790400,46.43,46.47,45.63,46.15,9579430.0
1618876800,45.5,45.52,43.76,44.45,1.5627772E7
1618963200,44.0,45.735,43.34,45.7,1.6267118E7
1619049600,46.06,46.33,44.63,44.65,1.7303222E7
1619136000,44.81,45.94,44.45,45.8,9179962.0
1619395200,46.5,47.1,46.12,46.61,1.1259977E7
1619481600,46.66,46.74,46.085,46.34,8151614.0
1619568000,46.25,46.75,46.09,46.44,7209179.0
1619654400,46.91,47.01,46.0601,46.38,8222250.0
1619740800,46.03,47.08,45.9,46.92,9175237.0
1620000000,47.19,47.23,46.08,46.57,9382638.0
1620086400,46.25,46.41,44.08,44.66,1.4790364E7
1620172800,44.7,45.81,45.165,45.2,5338451.0
1620259200,45.16,45.51,44.16,44.93,9665669.0
1620345600,44.87,46.345,44.77,46.11,1.1195071E7
1620604800,46.3,46.77,45.41,45.43,9054157.0
1620691200,44.25,45.05,43.61,44.52,1.4139116E7
1620777600,44.14,44.74,42.935,43.03,1.2187251E7
1620864000,43.4,44.3,42.94,43.97,1.1778053E7
1620950400,44.94,46.435,44.81,46.31,1.1537474E7
1621209600,46.0,46.83,45.26,46.75,1.1077722E7
1621296000,46.95,47.795,46.3899,46.73,1.0684003E7
1621382400,45.91,46.2909,45.13,46.14,1.1545805E7
1621468800,46.35,46.37,44.91,45.41,1.2341713E7
1621555200,45.7,46.0,45.11,45.21,9894445.0
1621814400,45.57,46.2801,45.01,46.17,8409089.0
1621900800,47.41,48.16,46.505,46.67,1.4656976E7
1621987200,47.05,47.57,46.81,47.49,9746239.0
1622073600,48.0,48.198,47.25,48.05,8680657.0
1622160000,48.05,48.06,47.25,47.68,8377637.0
1622505600,48.13,48.54,47.43,47.7,1.1986189E7
1622592000,48.0,48.28,47.415,47.77,9108623.0
1622678400,47.36,47.38,46.07,46.13,1.1555609E7
1622764800,46.54,46.73,45.68,45.98,7699447.0
1623024000,45.99,46.38,45.885,46.08,6120194.0
1623110400,47.26,47.38,46.375,47.04,1.071413E7
1623196800,47.35,47.4,46.48,46.52,6741165.0
1623283200,47.2,47.44,45.99,46.28,9780818.0
1623369600,46.07,46.63,46.0,46.5,8216059.0
1623628800,46.33,46.79,45.72,45.9,1.1184157E7
1623715200,45.91,46.28,45.31,45.53,7898450.0
1623801600,45.57,45.99,45.13,45.52,8565506.0
1623888000,45.53,46.05,44.25,44.57,1.0144562E7
1623974400,44.44,45.38,43.95,44.96,1.5219349E7
1624233600,45.04,45.78,44.82,45.77,9861427.0
1624320000,45.77,45.79,44.87,45.37,8499821.0
1624406400,45.36,45.6124,45.01,45.27,7406091.0
1624492800,45.57,45.64,44.59,44.91,9300309.0
1624579200,44.92,44.983,44.2623,44.43,2.3930388E7
1624838400,44.1,44.1,42.58,43.12,1.7441514E7
1624924800,43.0,43.475,42.81,42.87,9477763.0
1625011200,42.83,43.59,42.81,43.26,7845521.0
1625097600,43.5,44.42,43.5,44.23,9873820.0
1625184000,44.09,44.3,43.72,44.15,5763839.0
1625529600,44.31,44.54,43.0,43.24,7880986.0
1625616000,42.95,43.47,41.945,42.54,1.1858331E7
1625702400,41.72,42.8,41.1204,42.07,1.0363902E7
1625788800,42.47,43.2,42.3,42.92,7707070.0
1626048000,42.37,43.38,42.03,42.85,1.0625973E7
1626134400,42.3,42.5499,41.185,41.33,1.4610361E7
1626220800,41.53,42.2,40.12,40.68,3.1085743E7
1626307200,41.19,42.27,40.68,41.35,2.0896305E7
1626393600,41.83,42.045,39.84,40.06,1.6726646E7
1626652800,38.27,39.0,37.56,38.56,2.7073812E7
1626739200,38.63,40.815,38.43,40.66,1.7690648E7
1626825600,41.01,42.2,41.0,41.61,1.9145261E7
1626912000,41.34,41.555,40.41,41.06,1.0850615E7
1626998400,41.32,41.63,40.32,40.41,1.0101617E7
1627257600,40.34,41.7,40.31,41.67,1.001485E7
1627344000,41.36,41.49,40.5,40.96,1.0508201E7
1627430400,41.37,41.645,40.63,41.3,7538565.0
1627516800,41.44,41.63,40.95,41.23,8357400.0
1627603200,40.65,41.06,39.75,39.9,1.2202332E7
1627862400,40.04,40.97,39.399,39.45,1.1084821E7
1627948800,39.5,39.845,38.545,39.77,1.4670629E7
1628035200,39.15,39.48,37.9,38.35,2.3023661E7
1628121600,38.49,40.16,38.47,39.99,1.5652367E7
1628208000,40.54,40.68,39.48,40.32,1.1716051E7
1628467200,40.02,40.02,38.75,39.29,1.0985045E7
1628553600,39.35,41.03,39.205,40.46,1.3745335E7
1628640000,40.0,41.3,39.68,41.3,1.2451998E7
1628726400,41.0,41.13,40.045,40.53,9817507.0
1628812800,40.31,40.57,39.79,39.9,7211842.0
1629072000,39.45,40.015,38.88,39.93,1.0930868E7
1629158400,39.25,39.46,38.28,38.78,1.1441997E7
1629244800,38.69,39.47,38.4,38.65,8612344.0
1629331200,38.43,38.53,37.3064,37.93,1.2294014E7
1629417600,37.99,38.25,37.75,38.12,8213080.0
1629676800,38.79,39.33,38.63,39.21,8584655.0
1629763200,39.86,40.865,39.82,40.53,1.080498E7
1629849600,40.59,41.4399,40.16,41.3,1.2455857E7
1629936000,41.11,41.48,40.2845,40.77,1.0032878E7
1630022400,40.85,41.75,40.82,41.52,7936095.0
1630281600,41.75,41.8,39.88,39.91,1.188214E7
1630368000,39.73,40.59,39.62,40.44,8627205.0
1630454400,40.57,40.58,39.88,40.4,8414963.0
1630540800,40.45,41.06,39.86,40.82,9354744.0
1630627200,40.8,41.185,40.145,40.25,6652346.0
1630972800,40.18,40.52,39.842,40.35,8233895.0
1631059200,40.4,40.9201,39.6,39.65,7156097.0
1631145600,39.62,41.77,39.4515,41.09,1.5509368E7
1631232000,41.05,41.13,39.345,39.36,1.2501215E7
1631491200,39.7,40.18,38.8,40.18,1.1556295E7
1631577600,39.84,40.18,39.22,39.44,8837721.0
1631664000,39.25,39.695,38.82,39.64,8175810.0
1631750400,39.87,40.675,39.68,40.22,9485227.0
1631836800,40.55,40.99,39.79,40.11,1.103191E7
1632096000,40.55,40.84,39.42,40.78,1.6633899E7
1632182400,41.05,41.74,40.14,40.36,1.183758E7
1632268800,40.68,41.945,40.68,41.59,1.1599314E7
1632355200,41.9,42.77,41.7248,42.59,1.2651016E7
1632441600,42.84,43.74,42.67,43.53,1.3478509E7
1632700800,43.9,45.06,43.75,43.78,1.4467454E7
1632787200,43.66,44.21,43.3112,43.44,9434737.0
1632873600,43.69,43.99,42.75,43.36,9141128.0
1632960000,43.06,43.08,42.37,42.61,9798589.0
1633046400,43.95,45.65,43.89,45.38,1.9205663E7
1633305600,45.79,46.0,44.81,44.96,1.3342463E7
1633392000,44.99,45.56,44.46,44.74,9596003.0
1633478400,43.71,44.14,43.22,44.02,1.0145779E7
1633564800,44.52,44.5765,43.52,43.68,8881219.0
1633651200,43.79,43.8,43.09,43.38,7340562.0
1633910400,42.99,43.935,42.72,43.19,9085651.0
1633996800,43.035,43.805,42.77,43.54,1.0515249E7
1634083200,42.74,42.74,40.89,41.03,2.8236938E7
1634169600,41.18,41.49,40.88,41.2,1.6285387E7
1634256000,41.89,42.27,40.95,40.99,1.3860288E7
1634515200,40.67,41.41,40.52,41.01,1.0140211E7
1634601600,41.03,41.07,40.34,40.45,1.1314445E7
1634688000,40.15,41.07,39.91,40.3,1.5162603E7
1634774400,40.5,40.75,40.02,40.4,1.0694371E7
1634860800,40.01,40.3941,39.65,39.74,9461860.0
1635120000,39.8,39.91,39.37,39.51,9090457.0
1635206400,39.91,40.29,39.46,39.71,8951153.0
1635292800,39.84,39.93,39.015,39.07,8341786.0
1635379200,39.14,39.37,38.83,39.15,7415961.0
1635465600,39.06,39.5,38.81,39.13,9343837.0
1635724800,39.15,40.45,38.91,40.42,1.1401277E7
1635811200,40.24,40.5,39.83,40.39,7611246.0
1635897600,40.29,41.3499,40.03,41.24,1.0010585E7
1635984000,41.46,41.4899,40.58,40.99,9990287.0
1636070400,43.54,44.415,43.26,44.29,2.3651187E7
1636329600,45.0,45.52,44.5,44.65,1.5006653E7
1636416000,44.43,44.57,43.72,44.53,9359055.0
1636502400,43.8,44.47,43.53,43.71,8698662.0
1636588800,43.78,44.235,43.45,43.45,6370673.0
1636675200,43.5,43.53,41.87,42.22,1.0038855E7
1636934400,42.64,42.94,42.14,42.38,6938449.0
1637020800,42.1,42.19,40.9,41.04,1.1055481E7
1637107200,40.98,41.25,40.3,40.71,9025303.0
1637193600,40.75,40.77,39.435,40.12,1.1621286E7
1637280000,39.77,39.93,38.885,39.69,1.504007E7
1637539200,39.88,40.19,39.22,39.77,1.1991403E7
1637625600,40.34,40.58,39.25,39.53,1.1083927E7
1637712000,39.18,40.07,38.92,39.69,7580451.0
1637884800,36.75,36.95,34.6,36.38,3.8052052E7
1638144000,37.02,37.35,35.97,36.24,2.1269551E7
1638230400,35.73,36.29,35.215,36.2,2.0442882E7
1638316800,36.87,37.34,33.4,33.53,3.4698558E7
1638403200,34.41,36.67,33.7601,36.64,3.604484E7
1638489600,36.48,37.6799,35.35,35.98,2.5510186E7
1638748800,37.25,39.33,37.0108,38.14,2.3060464E7
1638835200,38.6,39.13,37.77,38.04,1.4593479E7
1638921600,38.5,39.89,38.03,38.88,1.6355486E7
1639008000,38.22,38.8482,38.0,38.5,1.0427835E7
1639094400,38.42,38.46,37.59,38.18,1.2028457E7
1639353600,37.36,37.62,36.42,36.87,1.2244761E7
1639440000,36.55,37.53,36.42,36.53,1.2638724E7
1639526400,36.53,36.8,35.54,36.61,1.3179948E7
1639612800,37.585,37.6899,35.66,35.8,1.9944409E7
1639699200,36.04,37.245,35.59,36.56,1.8176216E7
1639958400,35.55,37.25,35.39,36.37,1.7475585E7
1640044800,36.83,38.82,36.76,38.52,1.7209865E7
1640131200,38.485,39.47,38.17,39.13,1.1719494E7
1640217600,39.72,39.89,38.995,39.3,8478149.0
1640563200,38.26,39.18,37.86,39.0,1.0897565E7
1640649600,38.78,39.834,38.52,39.63,9982682.0
1640736000,39.33,39.49,38.99,39.16,7311786.0
1640822400,39.06,39.74,39.02,39.04,8055627.0
1640908800,39.05,39.46,38.92,39.08,7161600.0
