1483401600,58.2855,58.3914,57.080400000000004,57.905100000000004,2276368.6666666665
1483488000,57.3,59.755,57.3,58.0,5614786.0
1483574400,58.06,58.42,56.84,57.32,5122197.0
1483660800,57.18,57.56,56.23,57.47,3358993.0
1483920000,57.3,57.3,56.48,56.96,3921784.0
1484006400,56.96,57.0,55.78,56.02,3384687.0
1484092800,55.76,56.31,55.71,56.0,2781558.0
1484179200,56.11,56.3,55.0,55.4,7378615.0
1484265600,55.57,56.25,55.48,56.22,3058612.0
1484611200,56.32,56.32,55.68,56.09,2828854.0
1484697600,56.13,56.95,56.015,56.95,2854577.0
1484784000,57.49,57.91,57.28,57.5,4201438.0
1484870400,57.54,58.08,57.54,57.7,2350521.0
1485129600,57.71,57.84,57.19,57.75,2315248.0
1485216000,58.01,58.3,57.71,58.1,1857079.0
1485302400,58.1,58.94,58.1,58.78,1993843.0
1485388800,59.05,59.27,58.675,58.75,2989690.0
1485475200,58.87,58.995,58.47,58.55,1336010.0
1485734400,58.24,58.38,57.63,58.04,1719506.0
1485820800,57.77,57.96,57.565,57.58,2273903.0
1485907200,57.93,58.11,57.23,57.35,3690042.0
1485993600,57.53,57.69,57.13,57.3,2620139.0
1486080000,57.33,57.82,57.3,57.8,1353287.0
1486339200,57.56,58.225,57.39,57.72,1710372.0
1486425600,57.98,58.24,57.63,57.81,2061451.0
1486512000,57.72,58.43,57.47,58.26,1025028.0
1486598400,58.35,58.92,58.19,58.64,1476834.0
1486684800,58.84,58.84,58.48,58.69,1190984.0
1486944000,58.87,59.17,58.64,58.85,1915267.0
1487030400,58.79,58.905,58.42,58.47,2317318.0
1487116800,58.42,59.84,57.5,59.46,4716207.0
1487203200,59.54,60.49,59.14,59.24,3145260.0
1487289600,59.03,59.03,58.06,58.5,2778247.0
1487635200,58.65,58.65,57.98,58.02,2058818.0
1487721600,57.87,58.14,57.6,57.85,2581155.0
1487808000,58.09,58.21,57.115,57.21,1614889.0
1487894400,57.32,58.01,57.18,57.78,1511282.0
1488153600,57.77,58.1,57.41,58.02,1395988.0
1488240000,58.04,58.18,57.05,57.2,2634802.0
1488326400,57.89,58.19,57.52,57.7,2753721.0
1488412800,57.52,58.335,57.3435,58.17,2835790.0
1488499200,57.72,57.785,56.47,57.75,3303351.0
1488758400,57.44,57.599,56.97,57.31,1804281.0
1488844800,57.22,57.22,56.3,56.64,2394174.0
1488931200,56.93,56.99,56.27,56.29,2710824.0
1489017600,56.31,56.61,55.79,55.84,1606783.0
1489104000,56.07,56.5,55.94,56.48,2443194.0
1489363200,56.5,57.52,56.42,57.51,1811926.0
1489449600,57.34,57.5,57.07,57.29,1818298.0
1489536000,57.45,58.365,57.38,58.15,1993542.0
1489622400,58.21,58.8,58.07,58.21,1580679.0
1489708800,58.59,58.645,57.835,57.92,1270128.0
1489968000,57.92,58.085,57.31,57.5,999797.0
1490054400,57.89,58.35,56.63,56.69,2150392.0
1490140800,56.62,57.83,56.39,57.7,1514628.0
1490227200,57.81,58.805,57.7,58.32,1996876.0
1490313600,58.37,58.79,58.04,58.31,1066652.0
1490572800,57.88,58.03,57.33,57.85,2571953.0
1490659200,57.92,59.1,57.55,58.67,1871478.0
1490745600,58.44,58.96,58.35,58.61,1549108.0
1490832000,58.62,59.44,58.6,58.77,1965442.0
1490918400,58.66,59.18,58.36,58.46,2283908.0
1491177600,57.87,58.45,57.05,57.62,3273208.0
1491264000,57.41,57.53,56.76,57.07,2188466.0
1491350400,57.31,57.69,56.685,56.75,2314197.0
1491436800,56.99,57.12,56.536,57.1,1107245.0
1491523200,57.08,57.08,55.91,56.6,3066168.0
1491782400,57.35,57.55,56.88,57.18,2650977.0
1491868800,57.35,57.54,56.94,57.48,1369548.0
1491955200,57.62,57.6301,57.16,57.42,1929591.0
1492041600,57.39,57.76,57.1,57.11,2129243.0
1492387200,57.34,57.48,56.95,57.33,1965753.0
1492473600,57.1,57.4,56.24,56.86,1730056.0
1492560000,57.17,57.36,56.6575,56.92,1939810.0
1492646400,57.09,57.85,56.28,57.59,5217223.0
1492732800,57.64,57.64,57.15,57.35,1197906.0
1492992000,58.0,58.17,57.77,58.04,2150690.0
1493078400,58.2,58.73,58.12,58.54,1329956.0
1493164800,58.38,61.02,58.28,60.6,4502396.0
1493251200,60.74,60.74,59.88,60.24,1695356.0
1493337600,60.36,60.37,58.41,58.97,3223001.0
1493596800,59.4,60.0499,58.9,59.32,2957157.0
1493683200,61.46,61.82,59.96,61.49,4208795.0
1493769600,61.45,61.87,60.76,61.0,2471683.0
1493856000,61.15,61.29,60.12,60.5,2316266.0
1493942400,60.68,61.12,60.67,61.07,2605516.0
1494201600,61.07,61.4,60.505,60.68,2005769.0
1494288000,61.8,63.41,61.64,62.33,3562075.0
1494374400,62.16,62.4,61.59,62.12,1954514.0
1494460800,61.8,62.36,61.51,62.21,1348750.0
1494547200,62.1,62.31,61.845,62.1,1163771.0
1494806400,62.24,62.75,62.11,62.62,2124949.0
1494892800,62.69,62.87,62.16,62.43,2114829.0
1494979200,61.82,61.88,61.017,61.3,1765154.0
1495065600,61.3,62.81,60.96,62.44,2239456.0
1495152000,62.8,64.05,62.615,63.85,2605372.0
1495411200,63.78,65.32,63.67,65.25,3643601.0
1495497600,65.5,66.39,64.91,65.49,4021770.0
1495584000,65.77,66.29,65.1,65.48,3026655.0
1495670400,65.76,66.105,65.13,65.13,2766641.0
1495756800,65.16,65.55,64.94,65.34,1445801.0
1496102400,65.26,65.7,65.13,65.54,1104545.0
1496188800,65.85,66.585,65.35,66.47,3401960.0
1496275200,66.71,67.5,66.32,66.64,2001934.0
1496361600,66.97,67.54,66.525,67.41,1590404.0
1496620800,67.67,67.79,66.97,66.99,1599191.0
1496707200,66.58,66.71,65.55,65.76,1999448.0
1496793600,65.76,66.27,65.42,66.15,2661162.0
1496880000,65.26,65.5,64.66,65.02,8180391.0
1496966400,65.35,65.86,64.02,64.75,7990937.0
1497225600,66.31,66.46,65.25,65.85,1.0162849E7
1497312000,66.14,66.69,66.02,66.45,5087150.0
1497398400,66.62,66.86,65.88,66.25,7387165.0
1497484800,65.81,66.99,65.53,66.85,4511143.0
1497571200,67.27,67.29,66.4,66.41,3.3236368E7
1497830400,66.59,67.31,66.3,66.84,4390979.0
1497916800,67.04,67.07,65.69,65.88,4031608.0
1498003200,66.3,66.35,65.28,65.6,3997012.0
1498089600,65.45,65.47,64.89,65.2,2623453.0
1498176000,65.1,65.56,64.76,65.4,3110891.0
1498435200,65.38,65.55,64.98,65.23,1736249.0
1498521600,65.05,65.1,63.415,63.45,3272231.0
1498608000,63.8,64.07,63.17,63.36,2606962.0
1498694400,63.25,63.34,61.66,62.25,3666783.0
1498780800,62.65,62.91,61.82,61.85,3555997.0
1499040000,61.98,62.08,61.295,61.31,1967430.0
1499212800,61.31,61.8,60.74,61.51,3681417.0
1499299200,61.02,61.54,60.62,61.08,2926199.0
1499385600,61.21,62.01,61.0248,61.76,4443271.0
1499644800,61.76,62.29,61.63,62.2,4126259.0
1499731200,61.89,62.61,61.82,62.46,5848808.0
1499817600,62.8,62.97,61.84,61.93,2443988.0
1499904000,62.04,62.38,61.78,62.08,1780177.0
1499990400,61.96,62.54,61.75,62.45,3466467.0
1500249600,62.4,62.88,62.18,62.62,1403118.0
1500336000,62.56,62.9,62.33,62.49,2219642.0
1500422400,62.44,62.65,62.09,62.12,1810306.0
1500508800,62.11,62.23,61.51,62.01,2172107.0
1500595200,61.88,62.49,61.84,62.47,1871248.0
1500854400,62.5,62.79,61.99,62.01,1923393.0
1500940800,62.32,63.13,61.72,63.08,3711538.0
1501027200,63.9,64.66,62.03,62.52,6574685.0
1501113600,62.83,62.83,61.75,62.56,2882527.0
1501200000,62.23,62.75,62.23,62.46,1184767.0
1501459200,62.81,62.87,62.29,62.53,2068102.0
1501545600,62.88,63.35,62.44,62.77,2659228.0
1501632000,62.69,63.58,61.28,61.98,2185970.0
1501718400,62.1,62.65,62.0,62.13,1957896.0
1501804800,62.31,63.13,62.14,62.98,2891414.0
1502064000,63.34,63.87,63.02,63.77,3245097.0
1502150400,62.84,63.18,61.74,62.08,2852104.0
1502236800,61.76,61.795,60.985,61.37,2983989.0
1502323200,60.99,61.41,60.65,61.0,2226616.0
1502409600,60.92,61.56,60.77,61.3,1682860.0
1502668800,61.87,61.94,61.32,61.75,2410279.0
1502755200,61.97,62.4,61.62,62.21,2022750.0
1502841600,62.3,62.76,62.1,62.44,2149358.0
1502928000,62.03,62.39,60.68,60.82,2701806.0
1503014400,60.72,61.53,60.54,61.06,2654293.0
1503273600,61.21,61.9,61.1,61.78,1689184.0
1503360000,61.88,63.365,61.8012,63.32,1820222.0
1503446400,62.89,63.4,62.72,63.12,1285997.0
1503532800,63.47,63.72,62.84,62.91,1445763.0
1503619200,63.16,63.71,63.01,63.48,1365008.0
1503878400,63.72,63.77,62.92,63.17,1517796.0
1503964800,62.82,63.0,62.53,62.89,1796137.0
1504051200,62.93,64.8,62.81,64.32,2070475.0
1504137600,64.33,64.76,64.03,64.33,2797893.0
1504224000,64.7,64.87,64.28,64.59,1273114.0
1504569600,64.42,64.46,62.9,63.6,2699465.0
1504656000,63.8,64.0,63.29,63.67,1495581.0
1504742400,63.88,64.17,63.53,63.89,1517956.0
1504828800,63.89,65.34,63.74,65.14,2552391.0
1505088000,65.67,66.299,65.59,65.95,2604384.0
1505174400,65.98,66.25,65.66,66.07,1213076.0
1505260800,65.87,66.855,65.83,66.68,1863498.0
1505347200,66.6,66.72,65.91,66.52,1726815.0
1505433600,66.46,66.89,66.07,66.63,2449226.0
1505692800,66.59,66.81,66.33,66.56,2206983.0
1505779200,66.56,67.07,66.21,66.89,1977168.0
1505865600,67.02,67.355,66.64,67.04,1440823.0
1505952000,66.99,67.52,66.82,67.34,1184614.0
1506038400,67.34,68.37,67.18,68.19,2072727.0
1506297600,68.19,69.35,67.98,68.71,2245608.0
1506384000,69.08,69.52,68.8,69.5,2773155.0
1506470400,69.69,69.74,68.685,69.11,1930407.0
1506556800,69.03,69.55,68.97,69.36,1485242.0
1506643200,68.95,69.45,68.435,69.45,7072171.0
1506902400,69.25,69.69,69.16,69.43,2902480.0
1506988800,69.49,69.51,68.72,68.86,2494048.0
1507075200,68.87,69.03,68.6,68.91,1906200.0
1507161600,68.94,69.61,68.8,69.37,2302298.0
1507248000,69.36,69.7,69.2,69.48,1987577.0
1507507200,69.5,69.97,69.455,69.66,1358289.0
1507593600,69.8,69.97,69.51,69.92,1799692.0
1507680000,70.0,70.35,69.83,70.22,3004131.0
1507766400,70.15,70.5,69.84,70.38,2080941.0
1507852800,70.58,71.38,70.4,71.16,2326229.0
1508112000,71.09,71.255,70.62,71.13,1903968.0
1508198400,71.04,71.22,70.72,71.22,1549242.0
1508284800,71.54,71.54,70.88,71.06,2171632.0
1508371200,70.95,71.12,70.3299,71.1,2170496.0
1508457600,71.37,71.41,70.515,71.04,1726947.0
1508716800,71.27,71.27,70.39,70.42,1402622.0
1508803200,70.79,71.16,70.53,71.14,3208220.0
1508889600,71.16,71.41,70.81,71.32,2611779.0
1508976000,72.1,72.93,70.9,72.48,3318430.0
1509062400,71.8,72.81,71.59,71.91,2916362.0
1509321600,71.76,72.82,71.7,72.65,2571478.0
1509408000,72.65,72.85,72.25,72.28,2688251.0
1509494400,72.93,73.08,72.37,72.44,1871165.0
1509580800,72.97,73.31,71.89,72.44,1924555.0
1509667200,72.38,73.17,72.325,73.16,1653413.0
1509926400,72.59,73.45,72.59,73.39,1352532.0
1510012800,73.4,73.76,72.55,72.61,1809035.0
1510099200,72.67,73.45,72.3602,72.9,1473462.0
1510185600,72.4,72.76,71.7,72.05,2326373.0
1510272000,72.22,72.83,71.63,72.69,2117699.0
1510531200,72.45,72.72,72.25,72.62,1819817.0
1510617600,71.93,72.97,71.87,72.91,1810580.0
1510704000,72.53,73.68,72.19,73.38,2939004.0
1510790400,73.75,74.31,73.28,74.02,1829130.0
1510876800,74.05,74.44,73.9563,74.11,2443856.0
1511136000,74.17,74.63,74.05,74.31,1152763.0
1511222400,74.76,76.22,74.75,75.64,2922737.0
1511308800,75.71,76.13,75.19,75.68,1404156.0
1511481600,75.78,75.9,75.47,75.76,470449.0
1511740800,75.76,76.16,75.67,76.0,1407045.0
1511827200,76.05,76.53,75.75,76.13,1887576.0
1511913600,76.13,76.9,76.03,76.56,1874474.0
1512000000,76.57,77.79,76.13,77.56,2553701.0
1512086400,77.27,77.92,76.25,77.25,2164557.0
1512345600,78.03,78.62,77.52,77.66,2349313.0
1512432000,77.7,78.31,77.605,77.63,1493491.0
1512518400,77.75,77.86,76.63,76.75,1434971.0
1512604800,76.83,77.39,76.6,77.28,2254415.0
1512691200,77.61,78.395,77.5,78.38,2142533.0
1512950400,78.16,78.3,77.245,77.47,1589759.0
1513036800,77.57,77.58,76.93,77.0,2246558.0
1513123200,77.22,77.62,76.74,76.75,2245620.0
1513209600,77.09,77.09,76.01,76.02,1739510.0
1513296000,76.44,77.37,76.28,77.09,3694504.0
1513555200,77.49,78.57,77.38,78.09,2275125.0
1513641600,78.39,78.46,77.63,77.81,1448984.0
1513728000,77.92,78.63,77.56,78.35,1327820.0
1513814400,78.49,79.95,78.49,79.37,2047130.0
1513900800,79.38,79.7,79.25,79.35,1416285.0
1514246400,79.4,79.96,79.26,79.37,909670.0
1514332800,79.46,80.38,79.32,80.15,939222.0
1514419200,80.18,80.54,80.0,80.45,828965.0
1514505600,80.79,80.94,79.84,79.86,1539703.0
1514851200,80.28,80.34,78.93,79.68,1701522.0
1514937600,79.81,80.895,79.62,80.85,1425569.0
1515024000,80.86,81.23,80.23,80.25,1548169.0
1515110400,80.24,80.24,78.91,79.29,2273569.0
1515369600,80.3,81.06,79.53,80.94,2483142.0
1515456000,81.11,82.07,80.97,81.93,1354775.0
1515542400,81.66,82.11,81.39,81.65,1745535.0
1515628800,81.98,83.215,81.64,83.07,3886383.0
1515715200,83.25,84.71,83.1,83.95,1870095.0
1516060800,84.57,84.99,82.98,83.4,1530604.0
1516147200,82.9,84.51,82.9,84.03,1440416.0
1516233600,84.18,84.82,83.91,83.95,1314366.0
1516320000,84.64,86.05,84.475,85.49,2206776.0
1516579200,85.42,85.79,85.015,85.77,1541415.0
1516665600,85.69,86.98,85.57,86.53,1632562.0
1516752000,86.8,86.99,85.13,85.79,2134245.0
1516838400,86.04,86.75,85.4,86.63,1467760.0
1516924800,86.94,87.69,86.33,87.69,944730.0
1517184000,87.44,88.11,87.03,87.28,1599138.0
1517270400,86.5,87.43,86.36,86.41,1678640.0
1517356800,86.52,87.0,85.63,85.65,1857363.0
1517443200,85.33,86.285,85.1,85.76,2139897.0
1517529600,85.55,85.8,82.31,82.65,2718375.0
1517788800,82.13,83.01,79.82,79.91,2386173.0
1517875200,78.58,80.97,77.78,80.69,4634685.0
1517961600,80.99,83.28,80.54,82.02,3526731.0
1518048000,81.95,82.374,78.64,78.66,5065753.0
1518134400,79.23,81.23,77.561,80.43,3239095.0
1518393600,80.91,82.16,80.59,81.82,2435861.0
1518480000,81.74,83.57,81.66,83.21,2515598.0
1518566400,82.12,87.11,82.01,85.97,3946835.0
1518652800,86.09,86.31,84.33,84.56,3023925.0
1518739200,84.46,84.7232,83.26,83.27,2564439.0
1519084800,82.73,84.7,82.73,84.31,1977818.0
1519171200,84.43,86.44,84.26,84.29,1772124.0
1519257600,84.74,84.9,83.12,83.38,1863514.0
1519344000,83.75,83.97,83.08,83.81,1565682.0
1519603200,84.03,84.29,82.13,82.14,2888407.0
1519689600,82.36,82.62,79.81,79.84,3865898.0
1519776000,80.4,82.08,79.78,80.79,4025695.0
1519862400,80.51,80.66,78.79,79.35,2515240.0
1519948800,78.73,79.12,77.23,78.9,2813958.0
1520208000,78.29,78.69,77.08,78.22,2719018.0
1520294400,78.62,79.37,78.41,78.94,2230630.0
1520380800,78.25,79.315,78.13,79.2,1459548.0
1520467200,79.53,79.89,79.0001,79.21,2322797.0
1520553600,80.01,81.8,79.71,81.47,2912760.0
1520812800,81.52,81.71,80.69,81.13,1836954.0
1520899200,81.42,81.82,81.06,81.25,1641645.0
1520985600,81.47,81.54,81.05,81.24,1594308.0
1521072000,81.4,82.25,81.05,81.89,2304599.0
1521158400,82.0,82.54,81.44,81.51,2204426.0
1521417600,81.31,81.76,80.88,81.3,2027177.0
1521504000,81.61,82.13,81.27,81.35,1028282.0
1521590400,81.3,82.22,81.19,81.84,1233200.0
1521676800,81.25,81.6,80.41,80.44,3031598.0
1521763200,80.49,80.56,78.06,78.17,1682753.0
1522022400,79.04,80.08,78.45,79.98,1278249.0
1522108800,80.16,80.55,78.48,78.79,1585696.0
1522195200,78.74,78.96,77.79,78.31,2199030.0
1522281600,78.77,79.53,78.47,78.76,2481622.0
1522627200,78.72,79.035,75.66,77.07,2721969.0
1522713600,77.5,77.94,76.61,77.53,2575602.0
1522800000,76.37,78.33,76.3301,78.03,3074712.0
1522886400,77.23,79.37,75.95,79.04,6840062.0
1522972800,78.69,79.29,76.68,77.51,3295401.0
1523232000,76.84,79.49,76.0,76.15,7557435.0
1523318400,76.74,76.79,74.61,75.01,1.1813661E7
1523404800,77.39,80.35,77.04,79.61,5.2096445E7
1523491200,80.39,80.94,79.34,79.95,1.0665699E7
1523577600,80.49,81.33,78.25,79.61,1.443959E7
1523836800,80.09,80.67,79.6,80.53,4265306.0
1523923200,81.45,82.41,80.69,81.16,3876697.0
1524009600,81.67,82.99,81.53,82.18,3523769.0
1524096000,82.0,82.8,81.6901,81.98,2552095.0
1524182400,82.05,82.67,81.66,82.33,2257557.0
1524441600,82.28,82.53,81.82,82.09,1795420.0
1524528000,82.6,83.12,80.875,82.04,4170209.0
1524614400,81.72,82.35,81.35,81.83,2865447.0
1524700800,81.93,82.79,80.48,81.93,5691198.0
1524787200,82.35,82.57,79.99,80.17,4380152.0
1525046400,80.3,80.74,78.79,78.84,3476424.0
1525132800,78.76,80.31,78.66,80.24,3243794.0
1525219200,79.96,80.66,79.26,79.45,2916677.0
1525305600,79.24,80.18,78.44,79.87,3083109.0
1525392000,79.6,81.52,79.08,81.16,2639833.0
1525651200,81.6,81.6,80.85,81.35,2087624.0
1525737600,81.47,82.65,80.92,82.43,3219649.0
1525824000,82.97,83.2,81.605,82.85,2410368.0
1525910400,83.16,83.23,82.31,82.76,2207750.0
1525996800,82.83,83.735,82.47,83.51,1750369.0
1526256000,83.49,83.73,82.73,82.97,2590538.0
1526342400,82.82,83.25,82.59,83.02,1908611.0
1526428800,83.12,84.42,82.63,84.2,2379317.0
1526515200,84.39,84.4,83.13,83.3,1309266.0
1526601600,83.63,84.68,82.4,83.84,8077853.0
1526860800,84.46,84.58,83.24,83.92,2129743.0
1526947200,84.09,84.25,82.62,82.76,1645174.0
1527033600,82.69,82.8,81.99,82.33,2283838.0
1527120000,82.48,82.94,81.99,82.03,2888672.0
1527206400,81.85,82.39,81.43,81.83,1892726.0
1527552000,80.97,81.57,80.0065,80.33,2184767.0
1527638400,80.85,82.03,80.85,81.73,2049802.0
1527724800,81.6,81.64,80.57,80.71,2874230.0
1527811200,81.09,83.11,81.09,82.65,2495183.0
1528070400,83.18,83.31,82.28,83.19,1716153.0
1528156800,82.9,83.825,82.72,83.07,1911375.0
1528243200,83.04,84.73,82.88,84.68,3572947.0
1528329600,84.88,84.88,83.7,84.17,1772686.0
1528416000,84.09,84.41,83.395,84.14,1677842.0
1528675200,84.23,84.5,83.8,83.99,1792296.0
1528761600,84.5,84.875,82.67,83.81,3559330.0
1528848000,84.0,84.025,82.32,82.73,3605155.0
1528934400,83.12,83.44,82.73,82.93,2126983.0
1529020800,82.75,84.02,82.33,83.84,2953216.0
1529280000,83.09,84.42,83.09,84.33,1854430.0
1529366400,83.68,83.84,82.05,82.98,2104506.0
1529452800,83.19,83.92,81.98,82.01,3178768.0
1529539200,81.92,82.31,80.7806,81.02,3822785.0
1529625600,81.62,81.72,80.53,80.87,4915426.0
1529884800,80.06,80.55,78.68,79.27,3203032.0
1529971200,79.29,79.72,78.95,79.19,3457348.0
1530057600,79.55,79.9,78.2,78.26,3220392.0
1530144000,78.12,78.25,76.79,78.25,5142887.0
1530230400,78.38,79.99,78.13,79.16,3544924.0
1530489600,78.49,79.31,77.52,79.3,3065793.0
1530576000,79.42,79.82,79.01,79.45,1720643.0
1530748800,79.65,79.94,78.85,79.69,3350873.0
1530835200,79.53,81.0,79.4,80.56,2278548.0
1531094400,81.01,81.68,80.555,80.94,2949911.0
1531180800,80.94,82.29,80.88,81.28,2915098.0
1531267200,80.5,81.0,80.02,80.61,3803813.0
1531353600,81.0,81.13,80.35,81.0,3367924.0
1531440000,80.99,81.16,80.67,80.97,2125137.0
1531699200,81.18,81.18,79.79,80.08,2286024.0
1531785600,80.22,81.17,79.8,81.07,3353347.0
1531872000,81.21,83.25,81.21,82.96,5303802.0
1531958400,83.0,83.49,81.97,82.14,2773427.0
1532044800,81.95,82.71,81.58,81.96,2439516.0
1532304000,82.0,82.26,81.54,81.61,3686751.0
1532390400,81.65,81.84,79.68,80.49,4260653.0
1532476800,80.07,80.55,77.64,80.37,5890050.0
1532563200,79.92,80.69,79.27,79.61,2774497.0
1532649600,79.91,80.21,78.185,78.45,3091662.0
1532908800,78.13,78.6,77.07,77.28,3132213.0
1532995200,77.42,78.825,77.41,78.66,2743976.0
1533081600,79.2,79.47,78.23,78.54,2667192.0
1533168000,77.86,78.65,77.12,78.44,3687554.0
1533254400,78.48,78.59,77.88,78.18,1969114.0
1533513600,78.06,78.26,77.57,78.13,3835110.0
1533600000,77.66,78.11,76.94,77.6,3777919.0
1533686400,77.81,78.1,76.17,76.89,2936221.0
1533772800,76.84,77.08,75.97,76.15,3906437.0
1533859200,76.09,76.42,75.39,75.65,3274320.0
1534118400,75.64,76.08,74.84,75.31,3066520.0
1534204800,75.62,76.74,75.035,76.54,2763687.0
1534291200,75.92,76.39,75.49,76.22,2919383.0
1534377600,76.92,77.92,76.58,77.24,3373628.0
1534464000,76.53,77.3,75.97,77.2,1964818.0
1534723200,77.19,77.54,76.12,76.29,2430654.0
1534809600,76.22,77.249,76.22,76.73,2324917.0
1534896000,76.54,77.405,76.38,77.2,2540545.0
1534982400,77.22,77.42,76.5,76.77,3009627.0
1535068800,76.77,77.6,76.77,77.11,2149202.0
1535328000,77.64,78.159,77.475,77.76,1865263.0
1535414400,77.93,78.01,77.17,77.47,1241746.0
1535500800,77.55,78.36,77.38,78.18,1837660.0
1535587200,78.18,78.19,77.27,77.58,1398453.0
1535673600,77.34,78.04,77.34,77.62,2496868.0
1536019200,77.63,77.7,76.67,77.16,1887041.0
1536105600,76.84,76.97,75.68,75.72,3076871.0
1536192000,75.9,76.24,75.16,75.69,4244169.0
1536278400,75.39,76.62,75.39,76.44,2973973.0
1536537600,76.79,77.03,76.155,76.59,2029671.0
1536624000,76.29,77.46,76.24,77.41,2774882.0
1536710400,77.25,78.07,77.06,77.96,3110946.0
1536796800,78.43,79.92,78.36,78.94,3745571.0
1536883200,79.05,80.22,79.04,80.06,3229477.0
1537142400,80.17,80.2465,79.05,79.1,3394955.0
1537228800,79.2,79.64,78.95,79.39,2703742.0
1537315200,79.52,80.535,79.52,80.43,2327528.0
1537401600,80.66,81.34,80.17,81.08,3516894.0
1537488000,81.55,82.0,80.82,80.96,6804423.0
1537747200,80.69,80.72,79.55,80.16,2265294.0
1537833600,80.4,80.505,79.87,80.11,2533348.0
1537920000,80.28,81.095,79.92,80.66,2168232.0
1538006400,80.37,82.18,80.335,82.04,2654114.0
1538092800,81.77,81.805,80.69,80.78,4263008.0
1538352000,81.34,81.34,78.38,78.39,4116921.0
1538438400,78.33,78.89,77.05,77.08,4398394.0
1538524800,77.39,77.57,76.5,76.55,4619556.0
1538611200,76.57,76.76,74.57,75.41,4779435.0
1538697600,75.46,75.7899,73.515,74.38,3622183.0
1538956800,74.23,75.03,73.62,74.95,5211739.0
1539043200,75.0,75.66,74.78,75.23,6070661.0
1539129600,74.66,75.2,73.3,73.4,7380633.0
1539216000,73.2,73.54,72.07,73.1,5944487.0
1539302400,74.24,74.35,72.72,73.62,3676409.0
1539561600,73.34,73.615,72.97,72.99,2993961.0
1539648000,73.55,74.685,73.01,74.63,1927371.0
1539734400,74.48,74.96,73.69,74.52,1777682.0
1539820800,74.53,74.53,71.935,72.05,3723165.0
1539907200,71.8,72.01,70.5,70.66,7481975.0
1540166400,70.62,70.97,70.02,70.16,4126144.0
1540252800,68.87,69.45,66.87,68.87,8984634.0
1540339200,69.18,70.63,63.76,63.82,1.3473022E7
1540425600,66.75,68.22,66.01,67.55,1.1014312E7
1540512000,67.17,69.58,66.36,68.27,5634588.0
1540771200,68.92,70.02,67.68,68.6,6077473.0
1540857600,68.6,69.63,67.86,68.7,3200491.0
1540944000,69.93,72.42,69.69,71.17,5039273.0
1541030400,71.48,72.96,71.23,72.65,3044292.0
1541116800,73.16,74.12,72.13,72.82,2982284.0
1541376000,72.48,72.65,71.76,72.4,2633086.0
1541462400,71.31,71.75,69.55,70.59,3991643.0
1541548800,71.13,72.99,71.05,72.97,2263317.0
1541635200,72.49,72.76,71.535,72.02,2369368.0
1541721600,71.71,72.14,70.76,71.16,3249406.0
1541980800,71.16,71.4,70.04,70.19,4186283.0
1542067200,70.66,71.795,70.22,70.86,2346634.0
1542153600,71.56,72.28,70.785,71.08,3790671.0
1542240000,70.53,72.99,70.35,72.89,4069783.0
1542326400,72.32,73.34,72.2,73.04,4737859.0
1542585600,72.93,73.18,70.63,71.2,4401511.0
1542672000,70.17,71.8,69.81,71.49,5740090.0
1542758400,71.97,73.27,71.57,72.57,2499484.0
1542931200,72.2,73.45,72.2,73.12,1095278.0
1543190400,73.86,75.24,73.775,75.09,3508382.0
1543276800,74.52,75.88,74.52,75.17,5549616.0
1543363200,75.25,77.08,75.01,76.95,4285898.0
1543449600,76.83,76.99,75.84,76.46,1970295.0
1543536000,75.75,76.37,74.69,75.54,4767447.0
1543795200,76.99,78.17,76.65,77.97,2836507.0
1543881600,77.58,77.8,74.89,75.15,4194166.0
1544054400,73.67,75.63,73.31,75.59,2342910.0
1544140800,75.24,75.94,72.38,72.86,3067678.0
1544400000,73.01,73.73,71.5,72.67,3277965.0
1544486400,74.11,74.42,71.99,72.4,3296435.0
1544572800,73.39,74.555,72.71,72.78,2004531.0
1544659200,73.23,73.32,72.06,72.22,1785473.0
1544745600,71.44,73.01,71.44,71.86,2524331.0
1545004800,71.75,72.9872,69.86,70.27,4462365.0
1545091200,70.79,71.44,70.08,70.49,2402018.0
1545177600,70.76,72.11,68.94,69.66,4020817.0
1545264000,68.58,69.08,66.52,67.5,4862902.0
1545350400,67.89,68.53,65.75,66.47,5417270.0
1545609600,66.06,67.8,65.6364,66.51,2015807.0
1545782400,66.79,69.58,66.28,69.51,2606185.0
1545868800,68.62,70.35,67.775,70.33,2203325.0
1545955200,70.92,71.815,70.3775,70.95,2165817.0
1546214400,71.41,72.04,70.77,71.8,2138731.0
1546387200,70.69,71.44,70.15,70.94,3629478.0
1546473600,70.45,70.62,67.18,67.3,5629162.0
1546560000,68.41,70.05,68.25,69.94,4110690.0
1546819200,69.7,71.36,69.12,70.74,3171175.0
1546905600,71.76,72.13,70.83,71.86,6212985.0
1546992000,71.91,72.34,70.92,71.04,1760854.0
1547078400,70.5,72.51,70.23,72.07,2409586.0
1547164800,71.49,72.21,71.25,71.89,2191224.0
1547424000,71.4,71.76,70.59,70.99,2943300.0
1547510400,71.19,72.51,70.96,72.5,2376277.0
1547596800,72.72,73.2,72.01,72.04,3325959.0
1547683200,71.61,72.44,71.41,72.0,2579294.0
1547769600,72.51,73.31,72.19,73.08,2561363.0
1548115200,72.72,73.11,70.74,71.01,3260543.0
1548201600,71.35,71.86,70.1582,70.73,3359512.0
1548288000,70.85,71.24,70.31,71.06,2560185.0
1548374400,71.81,72.06,70.89,71.76,3156659.0
1548633600,71.2,72.99,71.2,72.31,1919529.0
1548720000,72.3,73.27,71.79,73.15,1766289.0
1548806400,73.64,74.66,73.34,74.13,3939185.0
1548892800,74.14,75.19,73.81,74.48,2533926.0
1548979200,74.41,75.04,73.95,74.42,3478198.0
1549238400,74.5,74.94,74.14,74.73,3136591.0
1549324800,74.8,75.155,74.42,74.62,2088766.0
1549411200,74.63,75.75,74.63,75.57,2061388.0
1549497600,74.79,75.01,73.5,74.68,2444917.0
1549584000,74.07,74.725,73.48,73.91,2723464.0
1549843200,74.11,75.08,74.08,74.4,3526947.0
1549929600,74.66,75.23,73.93,74.32,3117365.0
1550016000,77.6,79.71,77.24,79.37,5722906.0
1550102400,79.68,80.27,78.59,80.16,3729871.0
1550188800,81.0,82.14,80.75,81.75,3387353.0
1550534400,81.13,82.18,80.93,81.39,3863753.0
1550620800,81.86,83.48,81.09,83.34,4124145.0
1550707200,83.23,83.78,82.39,83.25,2199550.0
1550793600,83.52,85.37,83.22,85.03,2639223.0
1551052800,85.65,85.87,83.42,83.55,2244750.0
1551139200,83.56,84.84,83.3401,83.49,2368568.0
1551225600,83.15,83.83,83.03,83.49,2241371.0
1551312000,82.93,83.55,82.76,83.1,1796808.0
1551398400,83.93,84.35,83.21,83.78,1972005.0
1551657600,84.28,84.4,82.49,83.38,2265295.0
1551744000,83.61,84.14,83.14,84.01,1773519.0
1551830400,84.13,84.49,83.68,83.96,1713387.0
1551916800,83.63,83.77,82.3,82.92,2269496.0
1552003200,82.27,82.59,81.66,82.45,1969962.0
1552262400,82.77,82.98,82.11,82.8,2246253.0
1552348800,83.13,83.6,82.35,83.41,2266863.0
1552435200,83.82,84.73,83.43,83.67,2345271.0
1552521600,84.51,85.07,83.7615,85.0,2363070.0
1552608000,85.0,86.08,84.99,85.76,3775246.0
1552867200,86.13,87.09,85.89,86.21,1983453.0
1552953600,86.4,86.9,85.57,85.7,1432992.0
1553040000,85.77,85.77,84.34,84.92,2879706.0
1553126400,84.49,85.82,84.37,85.79,2076170.0
1553212800,85.37,85.58,84.23,84.57,3209543.0
1553472000,84.65,84.72,83.64,84.02,1488459.0
1553558400,84.16,84.16,82.89,83.5,3342360.0
1553644800,83.5,83.81,81.72,82.45,3627208.0
1553731200,82.6,83.38,82.54,83.21,1977047.0
1553817600,82.92,83.85,82.88,83.11,2857057.0
1554076800,83.94,84.87,83.53,84.15,3434438.0
1554163200,84.1,85.22,83.86,85.04,3389126.0
1554249600,85.62,87.03,85.3271,86.79,2853849.0
1554336000,87.16,87.64,86.8212,87.31,2016092.0
1554422400,87.45,88.09,87.2,87.44,2618366.0
1554681600,87.73,88.25,87.09,88.18,1561404.0
1554768000,87.86,88.13,86.93,87.1,2480350.0
1554854400,87.19,88.085,87.05,87.99,1039602.0
1554940800,88.28,88.69,87.96,88.53,1696623.0
1555027200,88.9,89.34,88.24,88.73,1337361.0
1555286400,88.93,89.01,87.74,88.17,1371889.0
1555372800,88.39,88.62,88.09,88.15,1619397.0
1555459200,88.51,88.75,87.7,87.76,2058867.0
1555545600,87.68,87.72,86.01,87.23,1717573.0
1555891200,86.75,88.04,86.34,87.91,2224982.0
1555977600,87.87,88.53,87.54,87.91,2799633.0
1556064000,87.12,88.0,86.85,87.5,3268710.0
1556150400,87.33,88.05,87.215,87.63,1156040.0
1556236800,87.94,88.51,87.44,88.01,2292272.0
1556496000,88.46,88.46,87.12,87.25,3069403.0
1556582400,87.51,87.92,86.6,86.99,4313388.0
1556668800,90.86,93.72,90.23,92.6,5933002.0
1556755200,92.45,92.73,90.48,91.23,2553861.0
1556841600,91.62,93.46,91.43,93.33,2559066.0
1557100800,91.29,92.68,91.02,92.3,2378771.0
1557187200,91.34,92.03,89.94,90.49,1893988.0
1557273600,90.18,91.07,89.94,90.7,2273016.0
1557360000,90.04,91.435,89.76,91.14,1773726.0
1557446400,90.38,91.88,89.72,91.53,1782255.0
1557705600,89.99,90.23,88.9,89.37,1929184.0
1557792000,89.94,92.37,89.94,91.74,2260180.0
1557878400,91.5,94.0,91.09,93.65,2264723.0
1557964800,93.82,94.64,93.66,94.05,1600662.0
1558051200,92.78,93.44,92.62,92.93,1710194.0
1558310400,92.12,92.3,91.1,91.47,2462840.0
1558396800,92.12,92.56,91.98,92.11,2499729.0
1558483200,91.54,92.59,91.54,92.02,1380694.0
1558569600,91.37,92.51,90.45,90.66,5317765.0
1558656000,91.19,91.56,89.48,89.91,2685196.0
1559001600,90.32,90.5,89.06,89.2,1923798.0
1559088000,89.0,89.1,87.96,88.91,2052275.0
1559174400,89.21,90.5,89.14,89.66,1598097.0
1559260800,88.8,90.12,88.43,89.44,1954158.0
1559520000,89.15,89.5,87.91,88.43,2651335.0
1559606400,89.48,90.34,88.92,90.32,2278152.0
1559692800,90.46,90.99,89.62,90.0,1777282.0
1559779200,90.27,91.08,90.17,91.0,1376154.0
1559865600,91.39,93.38,91.39,92.51,1783002.0
1560124800,92.92,94.18,92.835,93.03,1845348.0
1560211200,93.84,94.82,93.19,93.93,1108709.0
1560297600,93.99,94.65,93.24,93.35,894474.0
1560384000,93.56,93.7575,92.65,93.03,1124114.0
1560470400,92.94,93.615,92.41,93.42,887041.0
1560729600,93.31,93.67,92.71,93.21,950369.0
1560816000,93.82,95.29,93.54,95.1,1642210.0
1560902400,94.9,96.06,94.56,95.76,1561998.0
1560988800,95.71,97.095,95.57,96.87,2170727.0
1561075200,96.56,97.03,96.08,96.14,2107994.0
1561334400,96.3,96.435,95.075,95.51,1289121.0
1561420800,95.5,95.78,93.01,93.25,2320851.0
1561507200,93.69,94.87,93.26,94.52,1636606.0
1561593600,94.88,96.88,94.7175,96.53,1568531.0
1561680000,96.66,97.74,96.56,97.74,3600346.0
1561939200,99.0,99.34,98.12,99.3,2980621.0
1562025600,99.3,100.44,98.67,100.39,2873224.0
1562112000,100.53,101.14,100.16,100.64,1150740.0
1562284800,100.32,100.66,99.59,100.6,1203190.0
1562544000,100.27,100.43,99.3,100.19,1781951.0
1562630400,99.04,99.42,98.51,99.0,2068107.0
1562716800,99.27,99.52,98.18,99.19,2222226.0
1562803200,99.26,100.835,98.8,100.7,1477177.0
1562889600,99.3,100.73,99.07,99.54,2715732.0
1563148800,99.69,99.69,98.81,99.2,1975536.0
1563235200,98.95,100.0,98.69,99.88,3338650.0
1563321600,99.62,99.9,97.63,97.77,1847892.0
1563408000,97.58,97.625,96.4314,97.1,1729404.0
1563494400,96.78,96.89,94.48,94.53,3074341.0
1563753600,94.76,94.86,92.75,93.24,3080656.0
1563840000,93.58,95.26,93.14,95.12,3851403.0
1563926400,95.6,96.21,92.49,95.31,2982631.0
1564012800,94.49,96.89,94.49,96.4,2059287.0
1564099200,97.19,97.47,96.335,97.21,1914856.0
1564358400,97.25,97.81,97.155,97.4,1868546.0
1564444800,97.05,97.62,96.76,97.31,984350.0
1564531200,97.35,97.93,95.67,96.55,2279438.0
1564617600,96.44,97.28,94.83,95.25,1873950.0
1564704000,94.94,95.32,93.6,93.91,1756006.0
1564963200,92.19,92.27,90.19,91.35,3022489.0
1565049600,91.82,93.42,91.015,92.56,3267627.0
1565136000,91.3,93.79,90.73,93.4,2549962.0
1565222400,93.53,95.91,93.52,95.77,1947041.0
1565308800,95.51,96.08,94.535,95.58,1459474.0
1565568000,95.0,95.26,93.63,93.85,1267834.0
1565654400,93.82,96.305,93.66,95.26,2009435.0
1565740800,93.86,93.96,91.16,92.01,2561462.0
1565827200,92.34,92.82,90.945,91.61,2171348.0
1565913600,92.5,93.42,92.2,93.01,1433922.0
1566172800,94.41,94.87,93.45,93.46,1057017.0
1566259200,93.22,93.735,92.6,92.73,2397549.0
1566345600,93.6,93.6,91.265,91.62,1750322.0
1566432000,92.02,92.8,91.34,92.41,1616859.0
1566518400,92.15,93.185,90.63,91.08,2199812.0
1566777600,91.9,92.05,90.815,91.65,1336294.0
1566864000,92.23,92.35,90.96,91.13,2376929.0
1566950400,91.0,92.14,90.61,91.91,1274169.0
1567036800,92.72,93.56,92.46,92.54,945577.0
1567123200,93.23,93.68,92.07,92.37,1174021.0
1567468800,91.16,91.67,90.72,91.31,1530448.0
1567555200,92.03,92.57,91.81,92.3,1003829.0
1567641600,93.22,93.82,92.8952,93.47,1084768.0
1567728000,93.4,94.24,93.23,93.74,1061645.0
1567987200,93.97,94.11,92.05,92.53,1375817.0
1568073600,91.76,93.59,90.91,93.58,1880163.0
1568160000,94.14,95.61,93.61,95.18,2139924.0
1568246400,95.46,96.14,94.65,94.77,1365804.0
1568332800,95.29,97.49,94.885,96.05,1567352.0
1568592000,95.06,95.1,93.35,93.66,1896081.0
1568678400,93.63,95.77,93.63,94.86,954903.0
1568764800,94.5,95.42,94.28,95.35,1013470.0
1568851200,95.74,96.04,95.45,95.78,1196919.0
1568937600,95.96,96.23,95.015,95.22,3108927.0
1569196800,94.88,95.74,94.225,94.25,1598026.0
1569283200,94.65,94.69,91.88,92.22,2352705.0
1569369600,92.05,93.2,91.52,92.77,1199836.0
1569456000,92.45,92.84,91.31,92.01,1662141.0
1569542400,92.54,92.94,90.98,91.45,1359874.0
1569801600,91.8,93.155,91.06,93.11,2016441.0
1569888000,93.45,94.34,92.07,92.15,2016294.0
1569974400,91.62,91.71,90.6,90.94,2086653.0
1570060800,91.13,92.05,90.635,91.99,1863460.0
1570147200,92.3,93.765,92.07,93.35,1643536.0
1570406400,93.03,93.12,90.95,91.0,2091104.0
1570492800,90.19,91.7,88.97,90.7,2153530.0
1570579200,91.47,91.76,90.5885,91.5,1724073.0
1570665600,91.39,92.97,91.3,91.55,2128437.0
1570752000,92.96,94.66,92.96,93.43,2763002.0
1571011200,93.01,93.12,91.0,91.53,1315495.0
1571097600,91.61,92.4,90.81,91.66,1687865.0
1571184000,91.79,92.65,91.615,92.2,1165228.0
1571270400,92.42,94.79,91.83,92.2,1862406.0
1571356800,90.89,91.74,90.5,91.15,2739465.0
1571616000,91.76,92.43,91.52,92.39,1793984.0
1571702400,92.25,92.7,90.73,90.73,2224123.0
1571788800,91.5,95.95,89.85,95.77,4070021.0
1571875200,95.56,97.36,94.81,96.91,2845878.0
1571961600,96.73,98.62,96.49,97.69,1559506.0
1572220800,97.87,98.54,96.36,97.19,1267127.0
1572307200,97.1,97.81,96.55,97.31,1078556.0
1572393600,97.35,97.35,95.89,97.32,1095366.0
1572480000,96.9,97.63,96.54,96.96,1514992.0
1572566400,97.85,98.5,96.15,96.31,1722447.0
1572825600,96.81,98.685,96.45,97.99,1335440.0
1572912000,97.8,100.47,97.37,100.15,1721859.0
1572998400,100.44,100.44,99.13,99.57,1143849.0
1573084800,100.0,100.73,98.6,98.93,1309069.0
1573171200,98.62,99.1,97.86,99.09,941200.0
1573430400,98.26,98.8802,97.85,98.13,876878.0
1573516800,98.29,99.335,97.95,98.09,856563.0
1573603200,97.85,98.09,96.78,97.76,2314974.0
1573689600,97.9,99.001,97.5,98.85,973568.0
1573776000,99.49,100.5,99.17,99.69,2095950.0
1574035200,99.52,100.52,99.52,100.17,1617609.0
1574121600,100.58,100.82,100.11,100.21,839656.0
1574208000,99.61,100.11,98.7,99.26,986511.0
1574294400,98.92,99.51,98.26,99.08,965371.0
1574380800,99.45,101.47,99.12,101.22,2161625.0
1574640000,101.86,103.49,101.85,103.09,1821955.0
1574726400,103.2,105.42,102.85,105.32,1972100.0
1574812800,105.56,106.42,105.04,106.37,1656765.0
1574985600,105.82,106.25,104.77,105.0,764587.0
1575244800,105.06,105.08,103.75,104.75,1988138.0
1575331200,103.26,104.18,102.76,103.95,1486970.0
1575417600,104.1,104.77,103.86,104.18,1114191.0
1575504000,104.62,105.3,104.28,104.91,1096805.0
1575590400,105.86,106.25,105.31,105.47,1041069.0
1575849600,105.6,106.11,104.75,104.75,1436288.0
1575936000,104.92,105.58,104.52,104.7,1329056.0
1576022400,105.11,105.95,104.8,105.7,1453677.0
1576108800,105.67,107.23,105.37,106.52,1421762.0
1576195200,106.54,107.44,106.17,107.2,1286630.0
1576454400,108.04,109.3,107.7,108.48,2516708.0
1576540800,108.32,108.9,107.74,108.8,2109033.0
1576627200,109.04,109.66,108.51,109.25,2524254.0
1576713600,109.27,110.665,109.145,110.34,1935723.0
1576800000,111.18,111.72,110.3124,111.42,3344047.0
1577059200,111.06,111.68,111.04,111.28,1495847.0
1577145600,111.43,111.92,111.08,111.37,436657.0
1577318400,111.43,111.98,111.3,111.94,1268259.0
1577404800,112.32,112.79,111.76,112.39,890163.0
1577664000,112.5,112.69,110.97,111.37,953173.0
1577750400,111.08,111.53,110.61,110.91,1327848.0
1577923200,111.15,111.62,110.46,111.45,2014639.0
1578009600,110.0,110.405,108.64,109.99,1854486.0
1578268800,109.02,109.45,108.59,109.42,1822112.0
1578355200,109.27,109.49,108.16,108.29,1498941.0
1578441600,108.14,110.04,107.89,109.21,2741604.0
1578528000,109.89,110.2,109.05,109.09,1596198.0
1578614400,109.45,109.45,108.39,108.6,1296291.0
1578873600,108.94,109.33,108.21,109.29,1573927.0
1578960000,109.14,109.5,108.59,109.09,1233160.0
1579046400,108.94,109.86,108.59,109.63,1316079.0
1579132800,110.32,111.65,110.19,111.6,1217149.0
1579219200,112.17,113.96,111.98,113.92,2512589.0
1579564800,112.49,112.62,109.93,110.62,4031818.0
1579651200,110.98,112.605,110.54,110.85,1716565.0
1579737600,109.19,111.15,107.6526,110.96,1607108.0
1579824000,111.45,111.45,107.48,108.49,2105331.0
1580083200,104.3,105.965,103.53,104.94,4149728.0
1580169600,106.0,108.04,105.56,107.86,2062402.0
1580256000,108.13,110.125,108.13,110.01,1854209.0
1580342400,108.3,109.445,107.22,109.07,2389260.0
1580428800,108.81,108.89,107.01,107.8,3606920.0
1580688000,108.54,109.89,107.82,107.85,2097725.0
1580774400,109.92,111.99,109.39,110.94,1689492.0
1580860800,112.44,113.58,112.1483,113.26,2143997.0
1580947200,113.7,113.88,111.8,112.7,1477603.0
1581033600,111.42,111.64,110.42,110.84,1371166.0
1581292800,110.42,111.37,110.15,111.37,2028555.0
1581379200,110.44,115.06,109.02,112.94,2388582.0
1581465600,113.49,115.48,113.2,113.7,1891071.0
1581552000,112.66,113.54,111.17,112.96,1396047.0
1581638400,113.09,113.63,112.13,113.23,948921.0
1581984000,112.98,113.3,111.85,111.93,1805053.0
1582070400,112.05,113.45,112.05,112.67,1543321.0
1582156800,112.32,113.83,111.77,112.0,1165346.0
1582243200,111.14,111.205,109.32,109.57,1716068.0
1582502400,104.62,105.35,103.49,104.02,4565237.0
1582588800,104.82,104.89,98.31,98.88,5490911.0
1582675200,99.64,100.82,96.3,97.9,6111147.0
1582761600,95.53,100.69,93.2228,95.83,7692936.0
1582848000,92.95,98.34,92.7,97.2,6129154.0
1583107200,97.04,97.7,92.58,96.46,4791407.0
1583193600,96.58,96.79,92.24,93.33,6433266.0
1583280000,94.7,98.515,92.0,98.39,7065308.0
1583366400,94.1,95.14,91.29,91.5,9044901.0
1583452800,89.02,94.21,88.315,90.45,6450413.0
1583712000,83.4,87.54,83.4,86.18,7335652.0
1583798400,89.99,91.53,85.68,90.32,5472102.0
1583884800,88.22,88.22,79.17,81.09,9833268.0
1583971200,71.41,79.57,71.4,76.72,1.1501162E7
1584057600,80.85,81.98,76.64,78.63,8068543.0
1584316800,69.42,75.89,63.83,69.54,8647020.0
1584403200,70.57,71.0,61.85,64.83,1.0971909E7
1584489600,58.01,58.46,44.3,56.68,1.8610519E7
1584576000,55.0,62.82,51.04,58.03,1.3086301E7
1584662400,61.29,71.48,56.5,61.6,1.1377386E7
1584921600,61.25,67.78,60.05,63.33,1.100354E7
1585008000,68.43,75.67,67.51,69.39,9956110.0
1585094400,75.31,76.73,67.3534,72.25,7695495.0
1585180800,75.6,78.76,70.24,73.2,7411634.0
1585267200,69.0,71.7,66.2,69.15,5784051.0
1585526400,66.79,69.83,64.5801,68.68,5064500.0
1585612800,68.75,71.83,67.89,68.24,5166682.0
1585699200,65.0,66.4007,62.36,63.04,5742986.0
1585785600,62.33,65.99,57.0,57.86,7930231.0
1585872000,58.0,59.475,53.7,55.94,7232904.0
1586131200,60.87,64.335,60.11,63.8,9128501.0
1586217600,70.18,73.4799,65.31,65.83,7903040.0
1586304000,67.31,70.19,66.33,70.09,8521189.0
1586390400,70.22,73.21,68.11,68.45,7537422.0
1586736000,68.53,68.9,64.32,66.64,4020738.0
1586822400,68.25,71.3,68.25,70.01,4575843.0
1586908800,66.04,71.28,65.61,69.87,5802963.0
1586995200,69.81,70.7,67.77,70.15,4771953.0
1587081600,74.67,75.85,72.73,75.62,4952843.0
1587340800,73.5,75.54,71.45,72.28,4815431.0
1587427200,70.33,72.48,70.1,71.35,3139119.0
1587513600,72.51,73.6,69.59,70.79,2710374.0
1587600000,71.59,73.79,70.7,71.94,2246470.0
1587686400,72.46,72.6,70.05,71.37,1954077.0
1587945600,73.15,75.99,72.745,75.19,2558286.0
1588032000,77.0,77.8,74.38,75.75,3003491.0
1588118400,77.02,81.74,77.02,79.28,6173969.0
1588204800,77.79,78.39,74.78,75.71,4382491.0
1588291200,73.11,73.75,71.42,72.03,3693407.0
1588550400,70.0,72.58,69.08,71.41,4295269.0
1588636800,72.76,73.68,71.41,71.74,3066899.0
1588723200,72.49,72.85,70.62,70.79,3838772.0
1588809600,71.97,73.4559,71.29,71.9,4738594.0
1588896000,72.78,74.03,71.72,72.19,8489639.0
1589155200,71.11,71.26,68.26,68.3,5532585.0
1589241600,68.94,69.34,66.56,67.0,3176838.0
1589328000,67.0,67.2,64.06,64.85,4944508.0
1589414400,63.36,68.21,62.47,68.17,6036656.0
1589500800,67.28,68.83,66.51,68.54,2330973.0
1589760000,72.17,74.67,72.08,73.07,6424880.0
1589846400,73.04,77.0799,71.8292,75.29,3955045.0
1589932800,76.86,78.32,75.94,77.72,3522280.0
1590019200,77.15,78.86,75.83,77.66,4794459.0
1590105600,78.0,78.785,76.69,78.39,2822887.0
1590451200,85.13,85.58,81.43,81.69,3879864.0
1590537600,84.14,84.515,80.76,83.15,5167042.0
1590624000,83.98,84.54,80.44,80.62,3368789.0
1590710400,79.54,80.25,78.38,79.31,3923807.0
1590969600,79.65,82.73,79.355,81.91,2374555.0
1591056000,83.0,83.65,81.24,83.6,3138763.0
1591142400,84.49,87.42,83.79,86.11,3624854.0
1591228800,86.19,87.44,84.36,86.34,3502983.0
1591315200,90.42,93.72,86.645,87.2,6686190.0
1591574400,89.86,90.78,88.54,89.7,4554527.0
1591660800,87.8,87.83,85.25,86.13,3087065.0
1591747200,85.38,85.92,82.35,82.83,3943085.0
1591833600,78.0,80.609,76.73,77.59,5266458.0
1591920000,80.93,81.0,76.16,77.45,4733592.0
1592179200,74.54,78.43,73.85,77.48,3404488.0
1592265600,81.29,81.74,76.725,78.25,3104173.0
1592352000,77.86,78.47,75.85,76.42,3457760.0
1592438400,75.74,79.14,75.43,78.16,3898964.0
1592524800,79.23,79.26,75.39,76.17,4250957.0
1592784000,75.95,76.805,74.83,76.08,1949483.0
1592870400,76.74,76.95,75.16,75.68,3956916.0
1592956800,75.0,75.0,71.59,73.19,3776898.0
1593043200,72.49,72.73,70.8066,72.51,3999906.0
1593129600,72.19,72.3,69.83,71.16,9989508.0
1593388800,71.52,73.92,70.11,73.92,3244033.0
1593475200,73.55,73.94,72.02,73.45,4377429.0
1593561600,74.68,76.53,74.12,74.44,3177018.0
1593648000,76.79,76.98,74.1304,74.52,1766401.0
1593993600,76.08,76.35,74.98,76.24,2942722.0
1594080000,75.26,75.46,73.75,74.17,2761225.0
1594166400,74.3,75.09,73.4,75.09,3597082.0
1594252800,75.41,75.59,72.52,74.13,2809601.0
1594339200,73.83,75.27,73.5,75.24,2168551.0
1594598400,75.55,76.26,73.55,73.58,2984946.0
1594684800,73.21,73.54,71.86,73.51,2452006.0
1594771200,76.6,81.48,76.01,80.92,4597152.0
1594857600,79.8,81.22,78.955,80.89,2863460.0
1594944000,80.67,80.69,78.51,79.9,2270133.0
1595203200,79.44,80.3199,77.53,78.17,2103501.0
1595289600,79.31,80.4,78.54,80.12,2087077.0
1595376000,79.61,80.35,78.79,79.62,2584135.0
1595462400,78.72,79.23,77.11,78.86,2150342.0
1595548800,78.42,78.5,76.93,77.43,1257384.0
1595808000,76.55,77.45,75.36,77.34,2389791.0
1595894400,77.02,77.58,76.5,76.67,2194787.0
1595980800,77.25,78.01,76.93,77.39,1605058.0
1596067200,76.5,76.96,75.38,76.14,2288581.0
1596153600,75.68,75.76,74.02,75.05,4115075.0
1596412800,74.4,75.62,73.5,74.74,1965751.0
1596499200,74.8,78.42,74.47,78.32,2856738.0
1596585600,79.61,80.03,77.83,80.0,3932789.0
1596672000,79.3,83.6,78.03,82.7,5000336.0
1596758400,82.35,83.86,81.21,83.7,3257136.0
1597017600,84.53,87.22,84.2,86.2,3588532.0
1597104000,87.55,88.46,86.45,87.02,5012172.0
1597190400,88.61,88.7,85.36,85.89,2169697.0
1597276800,85.25,87.0523,84.26,85.5,1721135.0
1597363200,85.89,86.84,85.25,86.0,1899780.0
1597622400,86.07,86.2,84.195,84.98,2360937.0
1597708800,85.01,85.22,83.36,84.07,1806633.0
1597795200,84.6,85.4,83.88,84.49,2010743.0
1597881600,83.47,85.71,83.12,85.1,2274405.0
1597968000,85.5,87.44,85.16,87.35,2318538.0
1598227200,87.85,89.21,86.8,88.4,2468661.0
1598313600,89.72,90.61,88.27,88.44,2053319.0
1598400000,88.21,88.21,86.7,86.8,2210255.0
1598486400,87.66,89.2927,87.585,88.8,3373196.0
1598572800,89.21,92.06,89.11,91.73,4251608.0
1598832000,91.61,91.69,89.48,90.36,3461786.0
1598918400,89.52,92.16,89.01,91.71,1712614.0
1599004800,91.89,91.97,90.38,91.34,3952749.0
1599091200,91.93,93.85,90.31,91.3,2541046.0
1599177600,92.68,93.39,90.75,90.94,3776024.0
1599523200,90.12,93.42,89.68,91.9,2781571.0
1599609600,91.7,91.88,90.13,90.39,2237962.0
1599696000,90.9,93.14,89.27,89.36,1774117.0
1599782400,89.61,89.635,86.21,87.37,1974467.0
1600041600,88.18,92.57,88.18,92.31,2139296.0
1600128000,92.45,93.78,91.79,91.94,1945275.0
1600214400,92.46,95.08,91.64,94.03,3831355.0
1600300800,92.68,93.1,90.62,91.17,3427499.0
1600387200,90.34,91.34,89.27,89.64,5451496.0
1600646400,87.2,87.3,83.52,85.48,5031539.0
1600732800,85.07,85.83,83.95,85.24,3816086.0
1600819200,85.69,87.33,83.68,83.86,2540864.0
1600905600,83.37,84.75,81.48,83.07,5307051.0
1600992000,83.06,86.06,82.825,85.93,3255572.0
1601251200,87.82,89.44,86.8,89.06,2289467.0
1601337600,88.9,88.98,86.43,86.6,2977634.0
1601424000,87.54,88.88,85.17,85.32,3127471.0
1601510400,85.92,87.24,85.55,87.22,1779510.0
1601596800,84.91,88.02,84.61,87.96,1644013.0
1601856000,88.45,90.0063,87.86,89.3,1342614.0
1601942400,90.28,92.39,89.38,89.6,2128009.0
1602028800,90.41,92.15,90.41,91.72,2108505.0
1602115200,92.28,92.93,91.14,92.54,2202457.0
1602201600,93.0,94.1,91.255,91.37,1654826.0
1602460800,91.44,91.78,90.385,91.35,1411670.0
1602547200,90.8,91.3,88.19,88.64,2085756.0
1602633600,89.0,90.23,87.8,88.3,2241190.0
1602720000,87.36,88.7,86.42,88.68,1330769.0
1602806400,88.88,90.1,88.52,89.5,1901759.0
1603065600,89.65,90.8407,86.97,87.55,1557488.0
1603152000,88.53,90.47,87.77,89.57,2279248.0
1603238400,89.33,89.63,88.2038,88.97,3418865.0
1603324800,90.21,94.43,89.705,94.39,4378409.0
1603411200,94.8,95.67,94.16,94.61,2407436.0
1603670400,92.92,93.0,88.47,90.38,2002762.0
1603756800,90.25,90.455,87.47,87.67,1667037.0
1603843200,85.98,86.65,83.8442,84.02,2279512.0
1603929600,84.02,87.445,83.62,86.51,2546324.0
1604016000,85.76,88.0775,84.78,87.81,2335951.0
1604275200,88.0,88.51,86.52,88.0,2352787.0
1604361600,88.75,91.95,88.75,90.65,3040828.0
1604448000,91.27,96.62,90.58,93.09,2985196.0
1604534400,93.33,96.08,93.07,94.08,2397699.0
1604620800,93.65,95.06,92.28,92.84,2859004.0
1604880000,112.39,116.73,102.6,104.19,9584600.0
1604966400,105.0,106.45,102.7425,104.24,4420093.0
1605052800,104.65,104.76,101.445,103.75,3696095.0
1605139200,102.33,103.265,100.83,102.05,2702734.0
1605225600,102.91,105.92,102.65,105.8,2638559.0
1605484800,109.47,109.71,106.26,106.58,4475358.0
1605571200,104.56,105.21,102.54,103.34,2732885.0
1605657600,103.37,105.63,102.9,103.35,1901575.0
1605744000,102.33,103.584,102.01,102.8,3283998.0
1605830400,102.85,103.37,101.45,101.76,2302673.0
1606089600,102.89,105.05,102.41,105.05,3428477.0
1606176000,107.97,109.62,107.03,108.94,2827058.0
1606262400,108.0,108.15,106.22,106.3,1847299.0
1606435200,106.62,107.0,104.17,104.41,1008660.0
1606694400,104.04,104.275,101.77,103.63,2952870.0
1606780800,105.26,105.64,103.87,104.84,1946709.0
1606867200,104.3,107.19,103.8,106.75,2069214.0
1606953600,107.13,111.54,107.13,109.16,3119179.0
1607040000,109.87,111.24,108.625,110.85,1261749.0
1607299200,110.28,110.41,108.33,109.83,1622628.0
1607385600,108.64,110.76,108.61,109.05,1838455.0
1607472000,109.5,109.96,105.7,106.7,2165248.0
1607558400,106.25,107.85,105.2,107.36,2360118.0
1607644800,106.81,107.61,104.3,104.74,2302741.0
1607904000,106.39,106.39,102.98,103.04,1843374.0
1607990400,105.55,105.9,102.91,104.97,1892196.0
1608076800,104.97,105.36,103.3,104.41,1906029.0
1608163200,105.04,105.35,103.55,104.7,2410709.0
1608249600,105.01,106.92,104.42,104.61,5231831.0
1608508800,101.95,104.86,101.33,103.99,3331310.0
1608595200,104.04,104.555,102.65,102.95,2393209.0
1608681600,104.02,106.83,103.32,106.51,2196356.0
1608768000,106.56,106.89,105.65,106.89,822378.0
1609113600,107.99,109.4,107.12,107.38,1575159.0
1609200000,108.18,109.646,107.51,107.95,1428001.0
1609286400,108.1,110.84,108.1,110.18,1405157.0
1609372800,109.68,111.61,108.685,111.26,1571502.0
1609718400,110.97,111.31,106.01,107.46,2759313.0
1609804800,107.0,109.08,106.88,107.95,2564180.0
1609891200,108.07,112.08,108.06,110.77,1868172.0
1609977600,111.45,113.89,111.25,113.29,2640415.0
1610064000,113.92,115.67,113.03,114.16,4065115.0
1610323200,112.49,113.71,111.32,113.18,1527641.0
1610409600,113.18,114.09,112.13,112.33,1811628.0
1610496000,112.28,113.18,110.651,111.87,2041840.0
1610582400,112.56,113.68,111.11,112.11,2360580.0
1610668800,111.43,111.64,108.07,108.41,2169431.0
1611014400,108.41,109.51,107.59,107.93,1839560.0
1611100800,108.02,108.59,105.81,107.7,2771536.0
1611187200,107.68,109.92,107.14,108.82,1799707.0
1611273600,107.51,107.885,104.67,104.96,2894067.0
1611532800,104.1,105.732,102.59,105.12,5310212.0
1611619200,105.73,106.27,104.61,104.67,2800946.0
1611705600,102.95,103.82,98.57,98.67,4592584.0
1611792000,100.88,104.84,100.88,104.0,6544179.0
1611878400,103.225,103.24,99.02,101.39,4844118.0
1612137600,102.38,103.82,101.84,101.92,2861107.0
1612224000,103.18,107.05,102.73,105.79,2556287.0
1612310400,105.81,108.32,105.7,106.6,2373621.0
1612396800,107.39,110.53,107.34,110.52,2091619.0
1612483200,111.3,112.6,110.34,111.67,2280088.0
1612742400,112.69,113.16,110.6196,112.32,2061148.0
1612828800,112.24,112.51,110.18,110.35,1590547.0
1612915200,110.17,110.49,108.81,109.34,2750655.0
1613001600,110.14,111.17,108.72,109.5,1792234.0
1613088000,109.12,112.41,108.87,112.14,2128262.0
1613433600,112.83,114.02,112.0,113.61,2927797.0
1613520000,110.83,115.33,108.81,111.43,3816245.0
1613606400,108.97,115.21,108.5,114.12,2696154.0
1613692800,114.96,117.79,114.51,116.91,3463255.0
1613952000,118.75,122.13,117.54,119.96,4374221.0
1614038400,121.58,122.31,118.29,121.95,3703348.0
1614124800,123.35,127.48,122.38,127.26,4486156.0
1614211200,127.76,128.16,121.09,122.98,5263146.0
1614297600,123.59,124.58,120.14,123.68,3615542.0
1614556800,125.72,125.85,122.8,123.76,2614949.0
1614643200,123.9,125.09,122.5,124.25,3325616.0
1614729600,124.25,125.84,123.13,123.13,2108262.0
1614816000,123.25,123.32,117.0,120.72,3555491.0
1614902400,121.9,122.93,116.44,122.87,3696565.0
1615161600,123.52,126.76,122.02,125.41,2573364.0
1615248000,126.97,126.97,123.61,124.12,2560482.0
1615334400,124.39,125.975,122.8,124.51,1846727.0
1615420800,124.56,126.2,123.32,124.66,1711218.0
1615507200,125.32,126.58,124.34,126.1,1588796.0
1615766400,126.96,128.92,125.07,127.26,1774269.0
1615852800,127.39,127.78,123.77,123.96,1819391.0
1615939200,123.5,127.62,123.45,127.14,3831734.0
1616025600,126.57,128.68,125.1,125.64,2598720.0
1616112000,125.0,125.92,122.14,124.39,2810774.0
1616371200,124.51,124.83,122.4,122.92,2031162.0
1616457600,122.16,122.6,118.2,118.9,2659110.0
1616544000,119.83,121.65,118.47,118.5,2034971.0
1616630400,117.54,120.78,116.15,120.4,2680808.0
1616716800,121.08,121.6099,118.92,121.12,2149840.0
1616976000,120.93,121.34,118.11,119.05,2135381.0
1617062400,118.95,122.6099,118.685,122.06,2548865.0
1617148800,122.31,122.82,120.84,120.92,2031612.0
1617235200,121.9,122.1,120.38,121.65,1697147.0
1617580800,123.12,126.1,122.99,125.4,2261167.0
1617667200,125.55,127.5403,125.5,126.66,1719487.0
1617753600,126.97,127.32,124.26,124.52,1803966.0
1617840000,124.37,126.13,122.81,124.75,1847136.0
1617926400,124.4,124.46,122.37,124.35,921479.0
1618185600,124.48,125.44,122.471,125.28,2057807.0
1618272000,123.78,126.87,122.43,126.11,3377733.0
1618358400,126.0,128.28,125.64,126.52,2461364.0
1618444800,127.37,127.85,125.78,127.28,1192950.0
1618531200,128.52,129.05,127.545,128.05,1721346.0
1618790400,127.49,127.73,125.26,125.93,1451298.0
1618876800,124.95,125.3,120.67,122.22,2328494.0
1618963200,122.51,123.97,121.31,123.91,1329363.0
1619049600,123.44,126.77,122.85,125.5,2235433.0
1619136000,125.94,127.43,125.56,127.4,1394651.0
1619395200,128.6,130.19,127.12,127.57,1357439.0
1619481600,127.72,130.35,127.59,130.01,1712924.0
1619568000,129.82,130.25,128.96,129.11,1328800.0
1619654400,130.88,132.69,128.45,130.39,1596987.0
1619740800,129.71,130.059,127.58,128.7,1263868.0
1620000000,129.64,130.17,128.39,128.67,1375322.0
1620086400,128.17,128.85,125.69,128.25,2574872.0
1620172800,127.11,125.5,122.32,122.62,2371907.0
1620259200,122.15,122.725,119.47,120.77,3108775.0
1620345600,121.2,123.54,119.8,123.44,2097105.0
1620604800,122.47,123.7,121.08,121.58,2218966.0
1620691200,119.26,122.16,118.16,121.83,1640351.0
1620777600,121.03,122.26,117.54,118.29,1984269.0
1620864000,118.84,121.16,118.23,120.16,1648651.0
1620950400,121.29,124.43,120.445,123.61,1470752.0
1621209600,123.425,123.425,120.39,121.71,1428927.0
1621296000,122.15,123.37,120.72,120.79,2237070.0
1621382400,118.24,120.66,117.89,120.57,1511892.0
1621468800,120.71,121.2,119.05,120.58,1484363.0
1621555200,121.32,122.22,120.7,120.98,1429513.0
1621814400,122.09,123.9,121.32,123.59,2057688.0
1621900800,124.63,125.31,123.35,123.8,1374212.0
1621987200,124.42,126.4,123.92,126.22,1523062.0
1622073600,127.0,127.68,125.11,126.27,2395681.0
1622160000,125.9,126.32,124.39,125.27,893721.0
1622505600,127.6,127.6,125.8,126.61,1489247.0
1622592000,126.88,127.0,124.56,125.17,1462093.0
1622678400,124.13,124.495,122.19,123.13,1331399.0
1622764800,123.75,124.82,122.93,124.75,1657124.0
1623024000,125.53,125.81,124.53,124.9,1353861.0
1623110400,125.17,128.16,124.76,127.84,1978493.0
1623196800,128.35,128.77,126.38,126.45,1508927.0
1623283200,126.79,127.27,125.26,126.59,1741770.0
1623369600,126.79,128.74,126.605,128.61,1589954.0
1623628800,128.35,129.852,127.59,128.61,1571091.0
1623715200,128.37,129.97,128.13,129.25,2571147.0
1623801600,129.48,129.81,126.5,126.93,1970610.0
1623888000,127.01,128.23,125.26,126.24,1857873.0
1623974400,124.49,125.21,123.39,123.72,2006645.0
1624233600,124.57,126.87,123.57,126.74,2280883.0
1624320000,126.86,126.92,125.35,126.1,1394201.0
1624406400,125.8,126.41,125.4,125.68,1007629.0
1624492800,126.77,126.82,124.25,124.51,1645317.0
1624579200,125.04,125.4894,124.191,124.48,5399427.0
1624838400,124.06,124.06,119.51,120.72,2031510.0
1624924800,120.76,121.205,118.66,118.95,1728413.0
1625011200,119.06,120.8,118.9,120.62,2656789.0
1625097600,120.63,123.835,120.62,123.62,2467929.0
1625184000,124.49,127.03,123.76,126.81,2291537.0
1625529600,127.06,128.0,124.1306,125.83,1854683.0
1625616000,124.63,126.39,121.825,124.45,1958092.0
1625702400,122.19,124.12,120.68,123.13,2458668.0
1625788800,124.23,126.23,123.39,126.05,1335773.0
1626048000,125.0,126.38,124.44,125.85,2030542.0
1626134400,125.18,125.5,123.32,123.46,1550744.0
1626220800,123.72,125.32,123.23,123.87,1525161.0
1626307200,123.0,123.84,121.89,122.9,1986667.0
1626393600,124.17,125.0,119.41,119.75,3002412.0
1626652800,116.0,119.46,114.7,117.01,5227095.0
1626739200,117.34,121.42,116.7,120.9,1714963.0
1626825600,121.89,125.32,121.6601,124.93,2022319.0
1626912000,124.08,124.55,122.32,123.21,1561702.0
1626998400,124.6,125.62,123.62,125.26,2485587.0
1627257600,124.73,127.29,123.31,126.67,2676482.0
1627344000,125.79,128.57,124.79,128.5,2487506.0
1627430400,129.23,129.91,126.6,129.53,2225255.0
1627516800,130.0,136.89,127.5001,134.5,3619751.0
1627603200,133.37,133.81,131.01,131.45,1849549.0
1627862400,132.47,132.89,127.02,127.87,2154734.0
1627948800,128.15,128.15,123.47,126.08,3137342.0
1628035200,124.56,125.84,123.11,124.39,2249516.0
1628121600,125.34,127.354,124.84,126.4,1881255.0
1628208000,126.77,127.33,125.4,126.66,1717058.0
1628467200,125.99,126.0,122.81,124.61,1774591.0
1628553600,124.69,127.25,124.15,126.35,1637548.0
1628640000,125.55,126.34,124.155,125.03,2218243.0
1628726400,124.47,124.87,122.5501,123.43,2069829.0
1628812800,123.08,123.43,121.315,122.21,1951409.0
1629072000,121.13,122.58,120.18,121.49,2464403.0
1629158400,120.11,120.79,119.36,119.99,2233312.0
1629244800,119.39,120.42,118.08,119.0,2359976.0
1629331200,118.8,119.47,117.53,119.23,2692214.0
1629417600,118.5,122.3434,118.34,121.77,2555011.0
1629676800,122.69,123.71,121.93,123.03,1799456.0
1629763200,124.16,127.95,124.14,126.86,2182675.0
1629849600,126.87,127.92,125.44,127.32,1392679.0
1629936000,126.69,126.74,124.59,125.62,1037994.0
1630022400,125.48,127.97,125.48,127.56,1149695.0
1630281600,127.9,127.9,125.23,125.72,1136775.0
1630368000,125.72,126.17,124.03,124.86,2697954.0
1630454400,125.61,125.97,124.17,125.32,2103385.0
1630540800,124.72,125.53,123.78,124.39,1991142.0
1630627200,123.91,124.16,120.85,123.08,1697354.0
1630972800,122.5,123.99,121.88,123.37,1132225.0
1631059200,123.89,124.19,121.42,122.76,2288389.0
1631145600,122.68,126.96,122.52,125.75,1933951.0
1631232000,126.7,128.86,125.35,127.4,2287754.0
1631491200,128.26,130.25,126.73,130.21,1459760.0
1631577600,130.6,132.11,129.52,131.82,1767313.0
1631664000,131.12,131.86,128.83,131.4,1697174.0
1631750400,131.12,132.56,130.845,132.02,972661.0
1631836800,132.12,133.44,130.84,131.21,1749139.0
1632096000,129.2,130.16,126.98,128.83,1976402.0
1632182400,130.11,130.85,127.69,127.82,1520710.0
1632268800,128.39,130.07,128.24,129.19,1851672.0
1632355200,129.9,135.1,129.66,134.49,2505835.0
1632441600,134.36,136.305,133.985,135.48,2311760.0
1632700800,137.33,139.37,136.45,138.8,2323640.0
1632787200,138.23,140.21,136.07,136.55,2343142.0
1632873600,137.31,137.36,133.56,135.16,2152593.0
1632960000,135.03,135.03,131.745,132.11,2415944.0
1633046400,134.77,138.58,134.13,138.15,4563123.0
1633305600,138.46,141.44,136.92,138.51,3687623.0
1633392000,138.75,140.83,137.79,139.75,2028473.0
1633478400,137.95,139.63,135.7,139.36,1751595.0
1633564800,140.86,143.31,140.13,141.17,1503357.0
1633651200,141.37,142.5,140.89,141.51,1653893.0
1633910400,141.43,143.8099,141.19,142.85,1494883.0
1633996800,143.22,145.11,142.945,144.7,2336590.0
1634083200,145.0,145.25,140.71,140.83,2195119.0
1634169600,142.29,142.56,141.235,141.58,1218248.0
1634256000,143.21,145.45,143.12,144.52,1674683.0
1634515200,143.37,144.75,142.72,144.06,1074462.0
1634601600,144.98,144.98,140.79,140.95,3745301.0
1634688000,140.53,141.91,139.4855,140.24,1501412.0
1634774400,140.09,141.625,139.76,141.5,1306761.0
1634860800,140.57,142.76,140.47,141.66,1090962.0
1635120000,141.77,143.03,139.85,142.17,1412301.0
1635206400,143.46,145.25,143.02,144.45,2642324.0
1635292800,141.08,149.04,140.405,147.22,3504885.0
1635379200,148.35,148.725,145.59,146.04,1620578.0
1635465600,145.58,146.5,142.84,143.95,2566134.0
1635724800,144.3,145.51,143.2,144.78,4249443.0
1635811200,144.51,144.96,140.62,141.34,2592267.0
1635897600,140.49,146.81,139.87,145.24,2336205.0
1635984000,145.99,148.085,145.84,147.44,1284906.0
1636070400,152.19,153.84,148.69,151.84,3035096.0
1636329600,152.26,154.4,150.48,151.17,1893741.0
1636416000,150.87,151.98,146.63,148.46,1354584.0
1636502400,147.43,149.19,145.23,146.53,1255864.0
1636588800,145.81,147.1498,143.4,143.58,1634083.0
1636675200,143.7,145.46,142.8,143.47,1872486.0
1636934400,144.25,144.41,142.42,142.91,955691.0
1637020800,142.87,144.29,140.315,141.74,2396742.0
1637107200,140.81,144.73,139.85,144.53,2306013.0
1637193600,145.09,145.89,142.51,143.59,1313399.0
1637280000,140.73,145.14,137.085,144.37,3014526.0
1637539200,145.55,145.68,141.86,143.87,2180587.0
1637625600,145.55,146.83,144.59,145.73,1405623.0
1637712000,143.98,146.37,142.95,145.29,1066855.0
1637884800,135.8,136.6,132.12,136.21,3513628.0
1638144000,138.47,140.4,137.9025,138.07,2557966.0
1638230400,135.99,137.43,133.79,135.07,2992356.0
1638316800,137.56,138.5951,129.88,129.96,3570802.0
1638403200,131.66,140.57,130.97,139.59,3150678.0
1638489600,139.58,140.4,135.54,138.74,2732528.0
1638748800,141.52,146.0,141.24,144.31,1709883.0
1638835200,145.88,148.753,142.13,143.15,1980147.0
1638921600,144.42,145.61,142.02,144.39,1508270.0
1639008000,143.21,145.03,142.33,144.31,881900.0
1639094400,145.0,146.62,142.41,146.13,1443838.0
1639353600,144.55,144.65,140.88,142.41,1567872.0
1639440000,142.12,145.16,141.39,141.98,1581277.0
1639526400,141.82,142.36,137.88,140.29,1795654.0
1639612800,141.1,142.14,138.955,139.0,1852143.0
1639699200,138.5,141.76,137.6,140.94,3068362.0
1639958400,139.0,141.26,137.37,140.37,2067227.0
1640044800,142.55,148.65,142.325,148.55,2214110.0
1640131200,148.22,153.47,148.22,152.74,3098655.0
1640217600,154.01,155.2199,152.51,154.71,1384899.0
1640563200,153.71,155.44,152.32,155.29,905996.0
1640649600,154.93,156.01,153.905,155.02,965722.0
1640736000,154.43,155.81,154.05,155.37,893369.0
1640822400,155.38,156.69,154.43,154.98,1474199.0
1640908800,154.83,156.97,154.58,155.99,1187300.0
