1483401600,34.5,34.51,33.42,33.72,9555658.0
1483488000,33.78,33.84,33.22,33.24,9158528.0
1483574400,33.14,33.26,32.69,33.21,9937850.0
1483660800,33.12,33.18,32.72,33.11,9289687.0
1483920000,33.17,33.19,32.8,32.92,5922574.0
1484006400,32.84,33.45,32.82,33.19,7138543.0
1484092800,32.95,33.28,32.9,33.07,4616021.0
1484179200,33.0,33.635,32.9275,33.52,6170505.0
1484265600,33.73,34.43,33.6,34.1,6886880.0
1484611200,34.1,34.94,34.0,34.84,7246694.0
1484697600,34.89,34.99,34.34,34.91,5396282.0
1484784000,34.74,34.99,34.26,34.26,6844953.0
1484870400,34.43,34.6,34.02,34.09,6841283.0
1485129600,34.08,34.14,33.45,33.53,5209667.0
1485216000,33.45,33.64,33.29,33.39,6923665.0
1485302400,33.57,33.94,33.22,33.47,6571719.0
1485388800,33.62,34.03,33.57,33.74,5547335.0
1485475200,33.74,33.74,32.985,33.36,5338665.0
1485734400,33.24,33.62,33.1,33.6,4091332.0
1485820800,33.62,33.97,33.42,33.96,5847437.0
1485907200,33.81,33.9,33.28,33.44,5005866.0
1485993600,33.71,34.16,33.71,34.1,6391816.0
1486080000,34.04,34.32,33.96,34.02,3943953.0
1486339200,33.96,34.09,33.64,33.69,4320085.0
1486425600,33.65,33.7399,33.065,33.08,7939853.0
1486512000,33.06,33.12,32.44,32.84,9268413.0
1486598400,32.61,33.715,32.47,33.49,9795283.0
1486684800,33.5,33.67,33.175,33.48,5974210.0
1486944000,33.44,33.67,33.15,33.21,5462159.0
1487030400,33.18,33.34,32.67,33.07,1.3931377E7
1487116800,33.2,33.6,33.05,33.51,7743643.0
1487203200,33.65,34.27,33.61,33.94,7731097.0
1487289600,33.9,34.54,33.77,34.01,7385185.0
1487635200,34.1,34.75,34.06,34.22,5313720.0
1487721600,34.05,34.05,32.915,33.23,8872713.0
1487808000,33.39,33.39,32.65,32.99,7784147.0
1487894400,32.82,33.29,32.81,33.29,6847955.0
1488153600,32.84,32.9,32.03,32.22,1.2148739E7
1488240000,32.08,32.16,31.58,31.8,1.2856964E7
1488326400,31.93,32.48,31.68,32.06,1.3137393E7
1488412800,30.6,31.38,30.26,30.67,2.2585541E7
1488499200,30.68,30.75,29.43,29.63,1.8797872E7
1488758400,29.62,29.82,29.34,29.37,9252959.0
1488844800,29.1,29.25,28.73,28.81,1.2980008E7
1488931200,28.85,29.15,28.82,29.0,1.1812418E7
1489017600,29.01,29.455,28.765,28.83,1.0445809E7
1489104000,28.98,29.0764,28.71,28.82,8474938.0
1489363200,28.83,29.08,28.53,28.69,9082816.0
1489449600,28.61,28.79,28.29,28.7,8266556.0
1489536000,28.83,29.08,28.58,28.84,9013115.0
1489622400,28.88,29.42,28.88,29.32,1.2652166E7
1489708800,29.53,29.64,29.255,29.55,2.2193849E7
1489968000,29.6,29.88,29.12,29.19,8659874.0
1490054400,29.22,29.44,28.885,28.93,7876411.0
1490140800,29.0,29.2,28.78,28.96,6730177.0
1490227200,29.34,29.64,29.08,29.26,1.0845131E7
1490313600,29.25,29.26,28.94,29.1,8185025.0
1490572800,29.0,29.2301,28.81,28.93,6658696.0
1490659200,28.97,29.17,28.85,29.04,5636988.0
1490745600,29.02,29.41,29.01,29.34,5299371.0
1490832000,29.32,29.34,29.08,29.2,5863636.0
1490918400,29.33,29.75,29.3,29.49,1.1372269E7
1491177600,29.46,29.4819,29.215,29.4,8016784.0
1491264000,29.3,29.74,29.28,29.69,1.048973E7
1491350400,29.69,29.76,29.31,29.31,7532240.0
1491436800,29.45,29.86,29.4,29.51,8685346.0
1491523200,29.38,30.01,29.28,29.86,7552540.0
1491782400,29.9,30.4,29.82,30.19,1.0432493E7
1491868800,30.24,30.24,29.52,29.57,1.0006382E7
1491955200,29.52,29.95,29.49,29.86,6412624.0
1492041600,30.05,30.38,29.97,29.97,8037038.0
1492387200,29.99,30.16,29.8753,30.0,5659729.0
1492473600,29.98,30.08,29.71,29.82,5886205.0
1492560000,29.88,30.1,29.87,29.95,5807834.0
1492646400,30.0,30.1,29.675,29.71,9170950.0
1492732800,29.64,30.14,29.58,29.95,9179545.0
1492992000,30.09,30.22,29.92,30.14,7059801.0
1493078400,30.0,30.2,29.665,29.84,6175611.0
1493164800,30.0,30.1,29.81,29.86,6331788.0
1493251200,29.95,30.33,29.895,30.15,6272711.0
1493337600,30.17,30.17,29.49,29.65,8670806.0
1493596800,29.66,29.8,29.01,29.02,9851091.0
1493683200,28.6,28.99,28.55,28.82,1.4127202E7
1493769600,28.87,29.55,28.87,29.4,1.1096368E7
1493856000,29.44,29.69,29.12,29.22,6647314.0
1493942400,29.22,29.46,29.155,29.35,7539970.0
1494201600,29.41,29.46,28.85,28.92,8985963.0
1494288000,28.97,29.25,28.96,29.05,9652604.0
1494374400,29.07,30.075,29.04,30.04,1.1998709E7
1494460800,30.01,30.64,30.01,30.43,1.4011386E7
1494547200,30.21,30.27,29.455,29.52,1.0395616E7
1494806400,29.52,29.58,29.0,29.14,9046643.0
1494892800,29.15,29.2,28.8,28.82,7574769.0
1494979200,28.77,28.88,28.54,28.6,8321977.0
1495065600,28.89,29.21,28.89,29.09,1.143128E7
1495152000,29.14,29.24,29.01,29.23,8344790.0
1495411200,29.2,29.4,29.1,29.28,6073146.0
1495497600,29.23,29.28,29.03,29.12,6560349.0
1495584000,29.1,29.18,28.86,29.13,7889832.0
1495670400,29.21,29.34,29.065,29.24,7262070.0
1495756800,29.35,29.46,29.25,29.45,6251185.0
1496102400,29.39,29.815,29.33,29.76,7849621.0
1496188800,29.72,29.94,29.55,29.78,9165598.0
1496275200,29.77,30.36,29.7,30.25,1.1635712E7
1496361600,30.35,30.65,29.995,30.13,7284330.0
1496620800,30.02,30.17,29.68,30.09,6929771.0
1496707200,30.1,30.1,29.72,29.81,5779662.0
1496793600,29.78,29.88,29.7,29.71,6163160.0
1496880000,29.79,30.57,29.79,30.2,8156689.0
1496966400,30.3,30.93,30.23,30.78,1.1195445E7
1497225600,30.65,30.78,29.795,30.03,1.2594942E7
1497312000,30.15,30.33,29.59,30.32,1.1066696E7
1497398400,30.49,30.54,29.77,30.28,1.086667E7
1497484800,26.66,27.22,24.37,24.56,7.6401456E7
1497571200,21.19,22.35,20.46,22.29,1.06360667E8
1497830400,22.97,22.97,22.2,22.64,4.0202839E7
1497916800,22.65,22.68,22.26,22.38,2.1068718E7
1498003200,22.4,22.65,21.87,22.37,2.7636989E7
1498089600,22.33,22.58,22.02,22.56,2.2745092E7
1498176000,22.72,22.77,22.43,22.6,2.3367408E7
1498435200,22.68,22.74,22.49,22.61,1.2221653E7
1498521600,22.7,23.17,22.54,22.77,2.3221914E7
1498608000,22.83,23.5,22.83,23.35,1.5721045E7
1498694400,23.48,23.55,22.91,23.24,1.5258332E7
1498780800,23.34,23.51,23.26,23.32,1.0818373E7
1499040000,23.47,23.6,23.43,23.55,5610757.0
1499212800,23.65,23.68,22.97,23.23,1.4218197E7
1499299200,23.2,23.57,23.05,23.13,1.3637783E7
1499385600,23.18,23.34,23.04,23.16,9525408.0
1499644800,23.1,23.15,22.6,22.61,1.3677211E7
1499731200,22.61,22.92,22.5,22.63,1.0070256E7
1499817600,22.73,22.94,22.65,22.8,8707592.0
1499904000,22.99,23.01,22.61,22.92,9081376.0
1499990400,22.98,23.2,22.89,23.01,7146252.0
1500249600,23.0,23.16,22.82,22.87,1.0516826E7
1500336000,22.85,22.87,22.54,22.55,9997710.0
1500422400,22.6,22.96,22.56,22.94,8743316.0
1500508800,23.0,23.3884,22.99,23.26,8228793.0
1500595200,23.2,23.3,23.0,23.26,7001199.0
1500854400,23.25,23.3301,23.171,23.23,6004885.0
1500940800,23.36,23.81,23.33,23.68,9014708.0
1501027200,23.82,24.03,23.65,23.72,1.0980555E7
1501113600,23.7,24.08,23.52,23.95,8650482.0
1501200000,23.91,24.28,23.84,24.28,1.0322216E7
1501459200,24.3,24.559,24.16,24.52,1.1312413E7
1501545600,24.5,24.64,24.28,24.6,9205612.0
1501632000,24.59,24.7,24.42,24.63,8694819.0
1501718400,24.57,24.58,23.8499,24.06,1.2425525E7
1501804800,24.16,24.32,24.03,24.13,7953630.0
1502064000,24.14,24.54,24.13,24.37,7260047.0
1502150400,24.26,24.45,24.09,24.13,9033347.0
1502236800,24.06,24.1,23.89,23.94,5597645.0
1502323200,23.81,23.9,23.54,23.57,7534496.0
1502409600,23.23,24.019,23.04,23.49,1.0591133E7
1502668800,23.54,23.71,23.46,23.58,7671973.0
1502755200,23.58,23.58,23.07,23.11,8189817.0
1502841600,23.31,23.345,22.97,23.09,8193521.0
1502928000,22.88,23.51,22.85,22.86,1.5232274E7
1503014400,22.76,23.08,22.735,22.86,7969409.0
1503273600,22.85,22.97,22.55,22.61,7690671.0
1503360000,22.66,23.07,22.66,22.94,6503001.0
1503446400,22.9,23.09,22.85,22.96,6019666.0
1503532800,23.0,23.25,21.06,21.1,3.9085958E7
1503619200,21.32,22.06,21.3,21.74,3.178657E7
1503878400,21.3,21.89,21.21,21.72,1.6487894E7
1503964800,21.71,21.93,21.602,21.81,8744714.0
1504051200,21.85,22.2,21.57,22.2,1.0805424E7
1504137600,22.15,22.19,21.81,21.87,1.5823714E7
1504224000,21.97,22.54,21.94,22.42,1.3862536E7
1504569600,22.29,22.8,22.25,22.43,1.1804204E7
1504656000,22.42,22.61,22.19,22.55,1.427448E7
1504742400,22.53,22.93,22.21,22.77,2.108522E7
1504828800,21.35,21.79,20.41,21.06,6.2444244E7
1505088000,20.97,21.35,20.73,21.34,2.1638715E7
1505174400,21.61,21.79,21.38,21.58,1.8888761E7
1505260800,21.6,22.08,21.56,21.73,1.2381958E7
1505347200,21.75,21.87,21.16,21.26,1.1905706E7
1505433600,21.28,21.61,21.24,21.57,1.5154036E7
1505692800,21.52,21.675,21.335,21.44,8370498.0
1505779200,21.49,21.59,21.08,21.13,9687599.0
1505865600,21.08,21.1425,20.75,20.8,1.3242476E7
1505952000,20.83,20.85,20.22,20.22,2.0307646E7
1506038400,20.26,20.44,20.04,20.15,1.4232972E7
1506297600,20.05,20.24,19.885,19.94,1.6857864E7
1506384000,19.95,20.36,19.95,20.19,2.2762354E7
1506470400,20.36,20.57,20.13,20.23,1.255461E7
1506556800,20.19,20.52,20.15,20.26,1.2922656E7
1506643200,20.33,20.41,20.04,20.06,1.2285719E7
1506902400,20.04,20.23,19.69,19.96,1.8788343E7
1506988800,20.02,20.73,20.0,20.56,2.5519351E7
1507075200,20.56,20.77,20.43,20.53,1.6921886E7
1507161600,20.48,20.955,20.48,20.7,1.882665E7
1507248000,20.51,20.75,20.39,20.63,2.125757E7
1507507200,20.75,20.82,20.21,20.29,1.6952291E7
1507593600,20.36,20.68,19.99,20.53,2.0709643E7
1507680000,21.5,22.03,20.735,20.78,4.3527917E7
1507766400,20.77,21.36,20.53,21.0,2.0201961E7
1507852800,21.16,21.56,20.83,21.3,1.6914749E7
1508112000,21.29,21.3,20.39,20.44,2.1368438E7
1508198400,20.41,20.67,20.25,20.48,1.6759023E7
1508284800,20.53,20.76,20.45,20.67,1.193127E7
1508371200,20.63,20.96,20.59,20.89,1.0713896E7
1508457600,20.96,21.05,20.715,21.02,1.4104769E7
1508716800,21.04,21.61,20.96,21.35,1.7999274E7
1508803200,21.34,21.57,21.32,21.47,1.6429459E7
1508889600,21.46,21.55,21.04,21.13,1.3845148E7
1508976000,21.25,21.35,20.635,20.82,8778048.0
1509062400,20.6,20.715,20.36,20.57,1.3210348E7
1509321600,20.41,20.77,20.41,20.64,7202336.0
1509408000,20.7,20.81,20.56,20.7,9003941.0
1509494400,20.76,21.29,20.76,20.9,9975186.0
1509580800,21.31,21.36,20.735,21.18,1.3979493E7
1509667200,21.3,21.78,21.22,21.5,1.1235313E7
1509926400,21.7,21.76,21.31,21.33,1.0996319E7
1510012800,21.4,21.44,21.15,21.31,8983801.0
1510099200,21.31,21.89,21.27,21.85,8955086.0
1510185600,21.81,22.095,21.77,21.95,1.080772E7
1510272000,21.98,22.39,21.95,22.08,8591395.0
1510531200,22.0,22.25,21.98,22.14,8041461.0
1510617600,22.0,22.07,21.53,22.02,1.0357969E7
1510704000,21.49,22.2,21.25,21.61,1.1638535E7
1510790400,21.81,22.44,21.75,22.28,1.5694898E7
1510876800,22.33,23.47,22.27,23.41,1.9798675E7
1511136000,23.08,23.52,22.92,23.2,1.6452965E7
1511222400,23.24,23.31,22.7,22.78,9436295.0
1511308800,22.87,23.27,22.821,23.14,9755628.0
1511481600,23.25,23.43,22.945,22.98,3379880.0
1511740800,23.0,23.33,22.95,23.18,9671603.0
1511827200,23.2,23.61,23.04,23.56,9464631.0
1511913600,23.65,24.4,23.62,24.38,2.0966468E7
1512000000,27.32,27.7,25.53,25.86,6.4064413E7
1512086400,25.62,25.96,25.2,25.67,2.0546412E7
1512345600,26.0,26.985,25.99,26.88,1.8123049E7
1512432000,26.91,27.0,26.12,26.22,1.1321569E7
1512518400,26.27,26.56,26.23,26.41,8174251.0
1512604800,26.46,26.68,26.37,26.53,6903514.0
1512691200,26.53,26.8034,26.48,26.68,6171507.0
1512950400,26.8,26.96,26.35,26.58,6914764.0
1513036800,26.77,26.965,26.2834,26.33,7762686.0
1513123200,26.36,26.89,26.04,26.69,1.0837918E7
1513209600,26.7,26.8,25.89,25.9,1.2217312E7
1513296000,25.92,26.52,25.91,26.45,1.2910941E7
1513555200,26.56,27.085,26.51,27.0,1.1990637E7
1513641600,27.05,27.12,26.83,26.95,8427232.0
1513728000,27.17,27.415,27.005,27.32,1.3342215E7
1513814400,27.35,27.7,27.14,27.55,8778631.0
1513900800,27.66,28.28,27.62,28.25,1.0935029E7
1514246400,28.26,28.49,27.59,27.8,8677664.0
1514332800,27.77,27.95,27.69,27.71,4914111.0
1514419200,27.73,27.81,27.44,27.65,4381269.0
1514505600,27.7,27.785,27.45,27.45,5023438.0
1514851200,27.54,28.31,27.52,28.3,1.1693345E7
1514937600,28.19,28.469,27.69,27.85,1.0788353E7
1515024000,28.02,28.06,26.54,26.98,1.2357598E7
1515110400,27.29,27.57,26.89,27.32,9629867.0
1515369600,27.38,28.12,27.32,27.97,1.2321652E7
1515456000,28.0,28.16,27.76,27.77,8186161.0
1515542400,27.45,28.05,26.88,27.99,7565465.0
1515628800,28.0,28.11,27.56,28.08,9372258.0
1515715200,28.15,28.7701,28.01,28.14,1.0081667E7
1516060800,28.35,28.47,28.0,28.25,8208783.0
1516147200,28.42,28.9,28.36,28.67,7571169.0
1516233600,28.76,29.36,28.7,29.06,1.0559584E7
1516320000,29.16,29.82,28.92,29.72,9521531.0
1516579200,29.65,29.7228,29.16,29.63,9716078.0
1516665600,29.62,29.63,29.015,29.31,1.0590188E7
1516752000,29.45,29.87,29.145,29.48,1.2846503E7
1516838400,30.35,30.46,29.71,30.26,1.6529239E7
1516924800,30.26,30.8851,30.05,30.88,1.1681035E7
1517184000,30.64,31.405,30.54,31.34,1.3224271E7
1517270400,31.0,31.4536,30.73,30.83,1.1303958E7
1517356800,30.84,31.09,30.21,30.36,1.1507775E7
1517443200,30.21,30.7,30.075,30.21,5466974.0
1517529600,30.01,30.125,29.31,29.34,7695934.0
1517788800,28.98,29.54,28.25,28.47,1.4262011E7
1517875200,27.92,29.22,27.18,29.07,1.2043266E7
1517961600,29.05,29.46,28.835,28.9,7550458.0
1518048000,28.8,28.9,27.52,27.57,1.2340264E7
1518134400,27.82,28.04,26.63,27.66,1.0524952E7
1518393600,27.87,27.88,27.02,27.2,1.0827057E7
1518480000,27.17,28.21,27.14,28.12,7825266.0
1518566400,27.85,28.67,27.77,28.4,8715571.0
1518652800,28.62,28.93,28.325,28.79,6133540.0
1518739200,28.64,29.075,28.57,28.69,5985803.0
1519084800,27.81,28.095,27.22,27.49,1.2438732E7
1519171200,27.67,28.025,27.28,27.41,9845906.0
1519257600,27.64,27.66,26.91,27.22,1.0635107E7
1519344000,27.36,27.53,27.18,27.42,5760276.0
1519603200,27.5,28.02,27.4,27.85,7044153.0
1519689600,27.9,28.1,27.27,27.27,6759743.0
1519776000,27.49,27.62,27.12,27.12,8335873.0
1519862400,27.29,27.85,27.1,27.46,8548048.0
1519948800,27.24,27.621,26.96,27.35,8605014.0
1520208000,27.29,28.01,27.27,27.99,9747286.0
1520294400,27.88,28.29,27.79,28.01,8669995.0
1520380800,27.67,27.6899,26.02,26.23,2.2122553E7
1520467200,24.5,24.82,22.85,22.98,6.1491717E7
1520553600,23.1,24.1,22.88,24.08,2.2793171E7
1520812800,23.78,24.16,23.4,23.99,1.8464742E7
1520899200,24.03,24.39,23.92,24.01,1.1049407E7
1520985600,23.99,23.99,23.41,23.44,1.3766066E7
1521072000,23.61,23.96,23.51,23.63,8447285.0
1521158400,23.68,23.94,23.45,23.69,1.3577973E7
1521417600,23.58,23.98,23.11,23.16,1.0450155E7
1521504000,23.3,23.52,23.14,23.41,6614119.0
1521590400,23.38,23.8,23.37,23.45,6083912.0
1521676800,23.3,23.535,23.05,23.39,1.1612066E7
1521763200,24.27,24.31,23.2441,23.28,1.7847433E7
1522022400,23.48,23.91,23.26,23.87,8625052.0
1522108800,23.95,24.135,23.425,23.47,6867328.0
1522195200,23.47,24.05,23.47,23.62,8651696.0
1522281600,23.79,24.035,23.73,23.94,6646487.0
1522627200,23.92,23.95,23.145,23.28,8243182.0
1522713600,23.39,23.79,23.26,23.59,7060391.0
1522800000,23.22,24.225,23.15,24.08,8734476.0
1522886400,24.17,24.26,23.76,23.81,7115437.0
1522972800,23.67,24.13,23.66,23.77,8797966.0
1523232000,23.83,23.895,23.54,23.54,8042392.0
1523318400,23.6,23.72,23.37,23.46,8762180.0
1523404800,23.35,23.74,23.2448,23.48,8517408.0
1523491200,23.56,23.83,23.465,23.6,7759887.0
1523577600,23.75,23.86,23.48,23.73,5331637.0
1523836800,23.93,24.42,23.8335,24.17,5973158.0
1523923200,24.29,24.47,24.175,24.23,5441847.0
1524009600,24.59,25.065,24.52,24.58,8430458.0
1524096000,24.35,24.535,24.12,24.18,7828953.0
1524182400,24.59,25.42,23.99,24.12,1.6221106E7
1524441600,24.26,24.87,24.03,24.79,1.1579394E7
1524528000,24.82,25.61,24.82,25.38,1.3809934E7
1524614400,25.25,25.72,25.18,25.63,8536658.0
1524700800,25.64,25.84,25.44,25.63,9699361.0
1524787200,25.51,25.76,25.46,25.52,7951632.0
1525046400,25.68,26.0353,25.13,25.19,1.2105221E7
1525132800,25.06,25.32,24.3,24.76,1.0728099E7
1525219200,24.31,24.8,23.61,24.55,1.0819259E7
1525305600,24.45,24.45,23.72,23.87,1.2001176E7
1525392000,23.8,24.3899,23.761,24.14,6291845.0
1525651200,24.17,24.4864,23.885,23.98,9364505.0
1525737600,24.06,24.255,23.88,24.09,6902188.0
1525824000,24.05,24.49,23.96,24.36,5766315.0
1525910400,24.5,24.8,24.35,24.36,4833810.0
1525996800,24.3,24.755,24.29,24.57,4480018.0
1526256000,24.75,24.76,24.47,24.73,6637979.0
1526342400,24.69,24.81,24.615,24.75,7364690.0
1526428800,24.83,25.06,24.7,24.94,8662325.0
1526515200,25.69,26.37,25.18,25.3,1.6018865E7
1526601600,25.29,25.39,24.67,24.89,1.8087596E7
1526860800,25.07,25.08,24.65,24.77,1.4442791E7
1526947200,24.82,25.04,24.69,24.7,1.5211981E7
1527033600,24.6,24.71,24.35,24.57,1.1654185E7
1527120000,24.58,24.67,24.25,24.56,1.1076957E7
1527206400,24.47,24.875,24.34,24.61,2.3188121E7
1527552000,24.52,24.61,24.35,24.5,9553631.0
1527638400,24.56,25.06,24.37,24.98,1.7992903E7
1527724800,24.98,25.12,24.32,24.33,1.7198775E7
1527811200,24.33,24.535,24.24,24.42,8364215.0
1528070400,24.5,24.84,24.445,24.75,1.2918898E7
1528156800,24.82,25.13,24.78,24.91,1.1807378E7
1528243200,24.92,24.95,24.62,24.68,1.0380633E7
1528329600,24.67,25.17,24.67,24.98,1.1063337E7
1528416000,24.92,25.495,24.85,25.36,9620876.0
1528675200,25.48,25.99,25.45,25.54,1.6035859E7
1528761600,25.63,25.88,25.5,25.69,1.4001242E7
1528848000,25.78,26.31,25.61,26.01,1.4093819E7
1528934400,26.28,26.48,26.16,26.16,9914978.0
1529020800,25.89,26.1385,25.78,25.88,1.5321777E7
1529280000,25.69,26.28,25.65,26.01,8484062.0
1529366400,25.79,26.13,25.4925,25.99,1.0292357E7
1529452800,26.22,26.39,25.835,26.18,1.2841832E7
1529539200,28.29,29.5,27.75,28.73,3.9946596E7
1529625600,28.83,30.0,28.81,29.69,3.7293085E7
1529884800,28.98,29.73,28.98,29.33,1.5978601E7
1529971200,29.36,29.37,28.75,29.0,1.352338E7
1530057600,29.0,29.49,28.86,29.01,9889249.0
1530144000,28.86,29.0,28.25,28.43,1.4987214E7
1530230400,28.85,28.89,28.44,28.45,7351862.0
1530489600,28.4,28.52,27.86,28.22,9545827.0
1530576000,28.31,28.935,28.31,28.7,4641322.0
1530748800,28.81,29.02,28.44,28.6,8165490.0
1530835200,28.58,29.23,28.58,29.12,7507702.0
1531094400,29.07,29.18,28.655,28.75,5523511.0
1531180800,28.9,29.04,28.45,28.77,5882056.0
1531267200,28.55,28.63,27.64,27.97,1.0538252E7
1531353600,28.05,28.185,27.76,27.95,7269273.0
1531440000,27.86,28.45,27.83,28.05,6277278.0
1531699200,27.87,28.01,27.7,27.99,7527693.0
1531785600,28.0,28.63,28.0,28.42,8201857.0
1531872000,28.46,28.68,28.01,28.14,8034554.0
1531958400,28.14,28.48,28.07,28.12,7362512.0
1532044800,28.11,28.225,27.94,28.14,6674267.0
1532304000,28.25,28.91,28.18,28.29,8075966.0
1532390400,28.45,28.62,27.9201,27.96,8851658.0
1532476800,28.04,28.32,27.76,28.28,1.025516E7
1532563200,28.63,28.938,28.55,28.64,7503636.0
1532649600,28.83,28.98,28.5586,28.7,5939063.0
1532908800,28.71,29.84,28.71,29.72,1.2226574E7
1532995200,29.7,29.72,28.89,29.0,9100576.0
1533081600,29.36,29.36,28.58,28.69,7644576.0
1533168000,28.62,29.785,28.62,29.74,9660478.0
1533254400,29.75,30.18,29.7,29.93,7332930.0
1533513600,29.94,30.2,29.855,29.91,5940406.0
1533600000,30.13,30.38,29.9,30.0,7375160.0
1533686400,29.97,30.66,29.9,30.61,6901532.0
1533772800,30.6,30.6,29.79,29.82,6707477.0
1533859200,29.7,30.3,29.61,30.14,6361199.0
1534118400,30.22,30.35,29.77,29.89,5072692.0
1534204800,29.96,30.87,29.9,30.45,1.0790889E7
1534291200,30.27,30.4,29.79,30.06,7588159.0
1534377600,30.26,30.615,29.91,30.53,1.0463814E7
1534464000,30.42,31.705,30.21,31.35,1.0983839E7
1534723200,31.49,31.6,31.3,31.4,5941227.0
1534809600,31.5,31.57,31.03,31.36,5111643.0
1534896000,31.45,31.99,31.35,31.74,1.3289077E7
1534982400,31.6,32.4,31.51,32.31,1.1686897E7
1535068800,32.28,32.3,31.19,31.2,8486137.0
1535328000,31.3,31.3927,30.905,31.19,6684050.0
1535414400,31.22,31.34,30.82,31.11,5749846.0
1535500800,31.15,31.36,30.6568,30.68,6886581.0
1535587200,30.76,31.69,30.73,31.04,6507917.0
1535673600,31.01,31.51,30.93,31.5,7356711.0
1536019200,31.54,31.94,31.53,31.9,8774466.0
1536105600,31.79,32.09,31.595,31.96,6880975.0
1536192000,32.07,32.74,32.05,32.56,8405011.0
1536278400,32.55,32.73,32.335,32.37,6488064.0
1536537600,32.12,32.15,31.63,31.75,1.0614104E7
1536624000,31.83,32.08,31.37,31.39,1.4371962E7
1536710400,31.5,31.83,31.09,31.73,1.1846044E7
1536796800,28.61,29.18,28.3,28.58,3.2474375E7
1536883200,28.6,28.61,27.7601,27.8,1.8729614E7
1537142400,27.75,28.98,27.54,28.84,1.674982E7
1537228800,28.95,29.43,28.82,29.29,1.0436974E7
1537315200,29.36,29.63,28.37,28.88,1.0168401E7
1537401600,28.98,29.22,28.55,29.18,9027581.0
1537488000,29.43,29.995,29.3,29.95,1.6765367E7
1537747200,29.79,30.34,29.45,29.61,1.0477495E7
1537833600,29.5,29.87,29.11,29.26,9837559.0
1537920000,29.36,29.65,29.35,29.39,6790176.0
1538006400,28.93,29.32,28.575,29.0,9543624.0
1538092800,29.0,29.27,28.955,29.11,7887914.0
1538352000,29.15,29.26,28.74,28.75,7692702.0
1538438400,28.9,29.14,28.64,29.08,8648398.0
1538524800,29.17,29.615,29.09,29.38,9948387.0
1538611200,29.31,29.39,28.66,28.78,8392462.0
1538697600,28.6,29.44,28.43,29.07,7899438.0
1538956800,29.12,29.425,29.095,29.35,4158483.0
1539043200,28.65,28.7,27.44,27.92,1.4954875E7
1539129600,27.92,28.42,27.67,27.73,1.0049513E7
1539216000,27.69,27.76,26.73,26.74,1.038605E7
1539302400,27.07,27.21,26.625,26.92,1.0772782E7
1539561600,26.75,27.66,26.75,27.5,6745512.0
1539648000,27.44,27.52,26.97,27.2,6548396.0
1539734400,27.19,27.58,26.92,27.29,7415018.0
1539820800,27.31,27.82,27.215,27.36,6445963.0
1539907200,27.58,27.62,27.26,27.56,6060726.0
1540166400,27.56,28.2,27.53,27.98,7857064.0
1540252800,27.71,28.49,27.51,28.43,8234462.0
1540339200,28.34,28.71,27.86,27.95,7699131.0
1540425600,28.01,28.29,27.74,28.0,5803226.0
1540512000,27.77,27.99,27.1815,27.58,8689809.0
1540771200,27.64,28.805,26.94,28.23,1.1926997E7
1540857600,28.36,30.195,28.22,30.09,1.8527231E7
1540944000,30.05,30.39,28.79,29.76,1.3348679E7
1541030400,30.04,30.05,29.05,29.33,9236251.0
1541116800,29.25,30.515,29.25,30.17,1.1641911E7
1541376000,30.01,30.69,29.95,30.61,7014632.0
1541462400,30.56,30.89,30.43,30.83,6082888.0
1541548800,31.0,31.745,30.94,31.32,7791465.0
1541635200,31.31,31.64,31.11,31.35,5644047.0
1541721600,31.29,31.74,30.975,31.39,6935376.0
1541980800,31.21,31.98,31.11,31.37,5927805.0
1542067200,31.28,31.64,31.145,31.38,6806053.0
1542153600,31.0,31.31,30.015,30.29,8510688.0
1542240000,30.13,30.32,29.75,30.03,5861616.0
1542326400,29.87,30.25,29.61,30.24,4530867.0
1542585600,30.24,30.75,30.22,30.56,5879200.0
1542672000,30.13,30.34,29.46,29.59,6564973.0
1542758400,29.73,29.98,29.46,29.53,4690315.0
1542931200,29.32,29.88,29.13,29.69,1786970.0
1543190400,29.97,30.235,29.465,29.57,5399227.0
1543276800,29.56,30.08,29.56,30.04,7007142.0
1543363200,30.2,30.45,30.015,30.25,5203136.0
1543449600,30.14,30.63,30.14,30.36,4565889.0
1543536000,30.26,30.58,29.53,29.66,1.003125E7
1543795200,29.48,29.85,29.04,29.76,9392074.0
1543881600,29.64,29.97,28.55,28.64,1.3875786E7
1544054400,28.6,29.66,27.77,29.56,1.6511884E7
1544140800,29.52,29.795,28.99,29.17,1.0834465E7
1544400000,29.25,29.27,28.15,28.79,7298330.0
1544486400,29.12,29.38,28.875,29.24,5495565.0
1544572800,29.53,30.0,29.46,29.75,8012149.0
1544659200,29.75,29.935,29.42,29.76,6421085.0
1544745600,29.59,30.4,29.43,29.55,7924518.0
1545004800,29.55,29.625,28.745,28.92,6228884.0
1545091200,28.98,29.35,28.28,28.55,7530805.0
1545177600,28.7,28.87,28.07,28.23,5751076.0
1545264000,28.07,28.21,27.25,27.68,1.1553399E7
1545350400,27.57,28.57,27.37,27.4,1.0979865E7
1545609600,27.39,27.48,26.59,26.6,3603892.0
1545782400,26.72,27.73,26.58,27.73,5446709.0
1545868800,27.51,27.51,26.43,27.38,7415664.0
1545955200,27.46,27.905,27.38,27.58,4054171.0
1546214400,27.71,27.78,27.1,27.5,5122790.0
1546387200,27.39,27.53,27.08,27.3,5512178.0
1546473600,27.13,27.845,27.13,27.35,8780681.0
1546560000,27.54,28.2074,27.53,27.66,1.0298986E7
1546819200,27.65,28.19,27.25,27.92,8238552.0
1546905600,28.15,28.485,27.93,28.46,6063046.0
1546992000,28.5,28.57,27.94,28.05,5669461.0
1547078400,28.19,28.49,27.89,28.48,6859855.0
1547164800,28.34,28.735,28.22,28.43,4447567.0
1547424000,28.37,28.695,28.24,28.3,8318234.0
1547510400,28.4,28.665,28.16,28.62,4592355.0
1547596800,28.49,28.74,28.16,28.7,5165397.0
1547683200,28.62,29.05,28.62,28.93,4386569.0
1547769600,29.0,29.55,29.0,29.43,5500062.0
1548115200,29.41,29.55,29.175,29.32,4577178.0
1548201600,29.39,29.61,28.97,29.24,5379575.0
1548288000,29.14,29.45,28.53,28.71,9579173.0
1548374400,28.84,28.9,28.055,28.12,7998176.0
1548633600,28.0,28.26,27.73,28.22,5721924.0
1548720000,28.12,28.14,27.89,28.08,4151492.0
1548806400,28.09,28.31,27.85,28.26,4684567.0
1548892800,28.23,28.33,27.93,28.33,6217860.0
1548979200,28.4,28.41,27.885,28.07,5164526.0
1549238400,28.07,28.12,27.85,28.12,4005250.0
1549324800,28.05,28.43,27.96,28.3,6587427.0
1549411200,28.33,28.455,28.0223,28.29,4837502.0
1549497600,28.21,28.24,28.0291,28.18,4115654.0
1549584000,28.13,28.24,27.62,27.83,4411798.0
1549843200,27.78,27.81,27.52,27.55,5061726.0
1549929600,27.87,28.8,27.81,28.58,8450913.0
1550016000,28.86,29.07,28.76,28.96,6533421.0
1550102400,28.73,29.45,28.69,28.96,7282456.0
1550188800,29.2,29.51,29.12,29.5,5059036.0
1550534400,29.59,29.72,29.5,29.55,3679181.0
1550620800,29.43,29.44,28.42,28.75,8916156.0
1550707200,28.75,29.01,28.48,28.58,4976900.0
1550793600,28.47,28.68,28.29,28.52,5496087.0
1551052800,28.66,29.03,28.57,28.85,5437030.0
1551139200,28.93,29.03,28.65,28.92,5244518.0
1551225600,28.95,29.81,28.87,29.8,1.0557755E7
1551312000,29.73,29.97,29.03,29.33,1.0246175E7
1551398400,29.45,29.9,27.44,28.02,1.9034864E7
1551657600,28.1,28.7511,28.07,28.64,7943219.0
1551744000,28.65,29.01,28.54,28.92,8544263.0
1551830400,28.9,29.0801,28.34,28.44,1.1784463E7
1551916800,24.95,26.12,24.45,25.61,4.5424695E7
1552003200,25.61,25.68,24.34,24.47,1.9717846E7
1552262400,24.55,24.69,24.24,24.67,1.571212E7
1552348800,24.77,24.81,23.975,24.48,1.5447214E7
1552435200,24.56,24.97,24.51,24.73,8167703.0
1552521600,24.8,24.98,24.65,24.75,8714126.0
1552608000,24.69,24.81,24.185,24.36,1.2911514E7
1552867200,24.28,24.61,24.21,24.55,7228209.0
1552953600,24.58,24.65,24.255,24.33,1.0318318E7
1553040000,24.26,24.28,23.91,23.99,7094670.0
1553126400,23.85,24.36,23.52,24.32,5857242.0
1553212800,24.37,24.66,24.15,24.34,6415118.0
1553472000,24.3,24.38,24.04,24.15,5714671.0
1553558400,24.23,24.49,24.19,24.47,4715676.0
1553644800,24.4,24.45,24.09,24.27,7728851.0
1553731200,24.32,24.57,24.23,24.44,6573851.0
1553817600,24.54,24.7,24.34,24.6,7093987.0
1554076800,24.73,24.88,24.28,24.48,1.0620095E7
1554163200,24.3,24.37,23.71,23.76,1.0286047E7
1554249600,23.83,23.95,23.62,23.8,1.0688738E7
1554336000,23.62,23.82,23.52,23.68,8213495.0
1554422400,23.72,24.16,23.62,23.9,5362056.0
1554681600,23.89,24.13,23.74,23.86,4725993.0
1554768000,23.79,24.03,23.72,23.94,5953297.0
1554854400,24.02,25.01,23.98,24.98,1.4217295E7
1554940800,25.08,25.865,25.05,25.74,1.8409862E7
1555027200,25.77,25.97,25.515,25.67,1.0419588E7
1555286400,25.62,25.68,25.39,25.47,4613865.0
1555372800,25.57,25.67,25.44,25.57,4428696.0
1555459200,25.75,25.95,25.415,25.54,6078311.0
1555545600,25.5,25.87,25.5,25.78,4811189.0
1555891200,25.68,25.75,25.21,25.5,5033222.0
1555977600,25.48,25.511,25.07,25.22,5748509.0
1556064000,25.37,25.67,25.22,25.57,5303835.0
1556150400,25.57,25.8754,25.53,25.77,5304766.0
1556236800,25.1,25.3,24.75,25.0,1.0233399E7
1556496000,25.12,25.65,25.1,25.57,6295659.0
1556582400,25.66,25.89,25.46,25.78,5241347.0
1556668800,25.78,26.0766,25.58,25.58,4792589.0
1556755200,25.64,26.1,25.32,25.78,5743217.0
1556841600,25.79,25.87,25.54,25.74,4367840.0
1557100800,25.56,25.73,25.42,25.71,8698397.0
1557187200,25.64,25.77,25.45,25.77,6127371.0
1557273600,25.69,25.71,25.17,25.28,6762236.0
1557360000,25.17,25.36,24.975,25.36,6131774.0
1557446400,25.33,25.865,25.16,25.83,7383506.0
1557705600,25.59,25.6,25.095,25.39,5238785.0
1557792000,25.31,25.46,25.145,25.25,5695163.0
1557878400,25.19,25.3,25.04,25.21,4235034.0
1557964800,25.44,25.68,24.53,24.66,9996657.0
1558051200,24.58,24.98,23.96,24.22,1.6177025E7
1558310400,24.31,24.37,23.88,24.07,9357235.0
1558396800,24.44,24.625,24.08,24.3,1.5445774E7
1558483200,24.3,24.38,23.91,24.0,6978260.0
1558569600,23.78,23.84,23.43,23.53,6702718.0
1558656000,23.59,23.79,23.45,23.72,5229239.0
1559001600,23.77,23.89,23.6,23.62,6715669.0
1559088000,23.37,23.45,22.93,23.03,9705923.0
1559174400,23.04,23.1835,22.75,22.78,7429997.0
1559260800,22.7,22.86,22.44,22.81,8250834.0
1559520000,22.73,23.08,22.6,22.96,7476763.0
1559606400,23.16,23.87,23.12,23.63,9040482.0
1559692800,23.82,23.895,23.36,23.37,4227259.0
1559779200,23.4,23.8199,23.1742,23.7,6564316.0
1559865600,23.73,24.045,23.565,23.93,6812442.0
1560124800,24.03,24.47,23.98,24.39,9762701.0
1560211200,24.41,24.82,24.27,24.66,1.1197867E7
1560297600,24.61,24.985,24.53,24.63,6805011.0
1560384000,24.66,24.808,24.49,24.62,8833008.0
1560470400,24.66,24.94,24.18,24.26,7835608.0
1560729600,24.31,24.86,24.3,24.36,1.4319057E7
1560816000,24.28,24.705,23.92,23.94,1.3111629E7
1560902400,23.75,23.8697,23.43,23.64,1.1300938E7
1560988800,22.48,23.71,22.43,23.13,2.8762877E7
1561075200,23.22,23.25,22.2,22.24,2.6306652E7
1561334400,22.17,22.41,22.05,22.08,9738738.0
1561420800,22.1,22.15,21.47,21.85,1.5139279E7
1561507200,21.79,21.96,21.3,21.43,1.5903431E7
1561593600,21.42,21.62,21.3,21.39,8460475.0
1561680000,21.45,21.86,21.39,21.71,1.0571763E7
1561939200,21.84,22.03,21.42,21.6,7965300.0
1562025600,21.56,21.61,21.17,21.44,1.043941E7
1562112000,21.42,21.63,21.36,21.55,5279591.0
1562284800,21.58,21.81,21.53,21.75,5802462.0
1562544000,21.76,21.9692,21.63,21.8,9034549.0
1562630400,21.75,21.83,21.59,21.71,5200802.0
1562716800,21.75,21.82,21.33,21.65,7953609.0
1562803200,21.74,21.83,21.575,21.76,6102392.0
1562889600,21.82,22.105,21.71,21.89,6051152.0
1563148800,21.83,22.145,21.83,22.08,7398934.0
1563235200,22.09,22.12,21.92,21.96,5659726.0
1563321600,21.98,22.025,21.59,21.64,7303765.0
1563408000,21.64,21.73,21.52,21.66,6487359.0
1563494400,21.71,21.93,21.67,21.69,7071096.0
1563753600,21.73,21.81,20.85,20.86,1.0972981E7
1563840000,20.93,21.0,20.7,20.82,9578124.0
1563926400,20.79,21.33,20.78,21.24,1.2400532E7
1564012800,21.26,21.41,21.1,21.14,1.0592888E7
1564099200,21.18,21.67,21.1192,21.48,9593255.0
1564358400,21.39,21.55,21.26,21.43,6599663.0
1564444800,21.4,21.46,21.24,21.43,8743191.0
1564531200,21.34,21.3525,20.905,21.16,1.07172E7
1564617600,21.15,21.71,21.1,21.52,1.2353611E7
1564704000,21.92,22.44,21.75,22.24,1.7253849E7
1564963200,21.99,22.0897,21.72,21.92,1.3792656E7
1565049600,22.02,22.4,21.7,22.28,1.2238936E7
1565136000,22.06,23.93,21.91,23.9,3.0946498E7
1565222400,23.8,23.95,23.07,23.35,1.5311169E7
1565308800,23.14,23.45,23.11,23.32,8259845.0
1565568000,23.34,23.39,22.99,23.07,7820765.0
1565654400,23.0,23.38,22.9,23.05,7492294.0
1565740800,22.72,22.72,22.11,22.11,9269430.0
1565827200,22.35,22.52,21.82,22.23,9670287.0
1565913600,22.23,22.78,22.1714,22.66,6025068.0
1566172800,22.84,23.06,22.66,22.99,7219066.0
1566259200,23.02,23.18,22.85,22.91,7963552.0
1566345600,23.08,23.39,23.03,23.34,6137738.0
1566432000,23.4,23.73,23.24,23.67,6468678.0
1566518400,23.59,23.69,23.22,23.29,7348846.0
1566777600,23.42,23.93,23.41,23.92,5627261.0
1566864000,24.0,24.09,23.1,23.12,1.0237359E7
1566950400,23.13,23.62,23.02,23.51,7036586.0
1567036800,23.74,23.98,23.59,23.67,5472462.0
1567123200,23.71,23.95,23.59,23.68,6171502.0
1567468800,23.49,24.13,23.3,24.01,8155173.0
1567555200,24.26,24.81,24.16,24.66,1.1940947E7
1567641600,24.93,25.11,24.61,24.83,1.1177609E7
1567728000,24.95,25.12,24.59,24.7,1.1326692E7
1567987200,24.76,25.22,24.72,25.19,1.0083789E7
1568073600,25.11,25.83,25.05,25.82,1.1613113E7
1568160000,25.74,25.79,25.21,25.57,1.4352476E7
1568246400,25.75,26.77,23.84,25.59,3.0230545E7
1568332800,25.49,26.27,25.47,26.23,1.2448878E7
1568592000,26.1,26.33,25.88,25.98,6994843.0
1568678400,25.85,26.0,25.61,25.65,8110536.0
1568764800,25.6,25.655,25.095,25.22,7458875.0
1568851200,25.29,26.04,25.115,25.82,1.0140117E7
1568937600,25.88,25.98,25.625,25.68,8823007.0
1569196800,25.59,25.94,25.54,25.72,5303711.0
1569283200,25.65,26.09,25.57,25.81,5103304.0
1569369600,25.82,26.13,25.76,25.77,8904298.0
1569456000,25.86,26.01,25.76,25.78,5150505.0
1569542400,25.85,25.91,25.56,25.74,4655461.0
1569801600,25.8,25.925,25.64,25.78,6150386.0
1569888000,25.85,25.97,25.38,25.59,7862767.0
1569974400,25.43,25.45,24.92,25.05,7838468.0
1570060800,24.92,25.15,24.41,24.59,1.1216251E7
1570147200,24.53,24.795,24.495,24.79,7840944.0
1570406400,24.85,25.05,24.81,24.84,8137416.0
1570492800,24.71,24.81,24.28,24.46,8710030.0
1570579200,24.54,24.73,24.48,24.53,4718169.0
1570665600,24.1,24.37,23.71,23.84,1.4047229E7
1570752000,24.06,24.42,24.01,24.25,8114254.0
1571011200,24.15,24.23,23.87,24.1,4471815.0
1571097600,24.2,24.35,24.05,24.31,7776871.0
1571184000,24.3,24.72,24.28,24.51,6102290.0
1571270400,24.51,24.63,24.33,24.43,4083182.0
1571356800,24.4,24.545,23.91,23.94,7250220.0
1571616000,24.0,24.335,23.99,24.11,4590509.0
1571702400,24.25,24.92,24.11,24.85,7378631.0
1571788800,24.91,25.18,24.81,24.98,7156381.0
1571875200,25.11,25.11,24.69,24.93,5155137.0
1571961600,24.89,25.38,24.89,25.28,6370584.0
1572220800,25.3,25.4,25.11,25.33,6191092.0
1572307200,24.86,24.91,24.09,24.63,1.1876175E7
1572393600,24.5,24.825,24.43,24.74,5037211.0
1572480000,24.86,25.025,24.51,24.64,7027185.0
1572566400,24.68,25.135,24.64,24.99,6107591.0
1572825600,25.15,25.47,24.88,24.99,9042079.0
1572912000,25.6,28.08,25.535,27.83,2.6559951E7
1572998400,28.0,28.01,26.89,27.0,1.4409208E7
1573084800,27.09,27.29,26.735,26.86,9614877.0
1573171200,26.87,27.13,26.78,27.02,6614611.0
1573430400,26.97,27.05,26.42,26.61,7003472.0
1573516800,26.83,27.06,26.68,27.0,7176970.0
1573603200,27.05,27.095,26.8,27.06,6440339.0
1573689600,27.02,27.21,26.81,26.91,4150022.0
1573776000,26.94,27.0,26.69,26.75,5678047.0
1574035200,26.68,27.07,26.65,27.01,8600381.0
1574121600,27.23,27.24,26.81,26.87,5536047.0
1574208000,26.83,26.84,26.48,26.59,4662861.0
1574294400,26.9,26.94,26.595,26.7,4281008.0
1574380800,26.71,27.13,26.59,27.05,5181668.0
1574640000,27.22,27.22,26.8465,27.0,4978586.0
1574726400,27.17,27.18,26.86,27.04,6779027.0
1574812800,27.18,27.41,27.08,27.23,3893101.0
1574985600,27.17,27.55,27.02,27.34,3703004.0
1575244800,27.42,27.74,27.295,27.74,9023196.0
1575331200,27.55,27.65,27.04,27.39,8488392.0
1575417600,27.34,27.75,27.34,27.64,1.0510687E7
1575504000,27.5,27.81,26.25,26.8,1.4336536E7
1575590400,26.9,27.57,26.86,27.49,9630968.0
1575849600,27.43,27.89,27.28,27.84,6756646.0
1575936000,27.59,28.0,27.55,27.87,7431732.0
1576022400,28.0,28.08,27.62,28.02,5260424.0
1576108800,28.27,28.581,28.14,28.2,6194018.0
1576195200,28.16,28.17,27.85,28.09,6696761.0
1576454400,28.15,28.37,27.955,28.31,6643835.0
1576540800,28.34,28.78,28.23,28.7,1.0595606E7
1576627200,28.69,28.83,28.31,28.33,8949521.0
1576713600,28.4,28.975,28.36,28.76,8431096.0
1576800000,28.98,29.11,28.7,29.0,9343564.0
1577059200,29.07,29.21,28.865,28.89,4323642.0
1577145600,28.76,29.12,28.76,29.1,1641100.0
1577318400,29.05,29.21,28.81,28.89,3872485.0
1577404800,28.92,29.01,28.75,28.76,3362058.0
1577664000,28.77,29.16,28.75,29.06,4604435.0
1577750400,29.0,29.11,28.89,28.99,3752494.0
1577923200,29.03,29.16,28.36,28.66,6224928.0
1578009600,28.48,28.82,28.4,28.7,5442013.0
1578268800,28.57,28.87,28.35,28.8,6929596.0
1578355200,28.72,28.8,28.42,28.59,5882994.0
1578441600,28.71,28.73,28.415,28.42,7341572.0
1578528000,28.5,28.66,28.19,28.44,5725302.0
1578614400,28.4,28.57,28.23,28.36,4549288.0
1578873600,28.34,28.71,28.25,28.42,3796307.0
1578960000,28.33,28.91,28.325,28.84,6134732.0
1579046400,28.76,28.86,28.22,28.29,5676423.0
1579132800,28.34,28.62,28.01,28.08,5537525.0
1579219200,28.04,28.345,28.02,28.15,5614546.0
1579564800,28.2,28.56,28.06,28.41,7318176.0
1579651200,28.33,28.63,28.33,28.37,4821759.0
1579737600,28.37,28.62,28.22,28.44,3959588.0
1579824000,28.48,28.51,28.14,28.19,4642165.0
1580083200,27.95,28.505,27.76,28.33,4241668.0
1580169600,28.35,28.47,28.17,28.33,3323286.0
1580256000,28.39,28.4,27.41,27.45,4454532.0
1580342400,27.3,27.56,27.2,27.55,3938623.0
1580428800,27.4,27.45,26.72,26.86,6094408.0
1580688000,27.01,27.28,26.87,26.98,5321666.0
1580774400,27.07,27.61,27.0304,27.39,5330313.0
1580860800,27.48,28.095,27.36,28.08,5244183.0
1580947200,28.23,28.3092,27.9,28.05,5524123.0
1581033600,28.05,28.2603,27.865,27.96,5952030.0
1581292800,28.0,28.335,27.95,28.14,4511172.0
1581379200,28.2,28.47,28.13,28.44,4096259.0
1581465600,28.5,28.835,28.43,28.69,4375741.0
1581552000,28.52,28.78,28.43,28.63,3682140.0
1581638400,28.5,28.71,28.08,28.23,4807850.0
1581984000,29.8,30.73,29.35,29.71,1.6001563E7
1582070400,29.97,30.2,29.38,29.54,7528095.0
1582156800,29.36,29.8,29.14,29.78,6187456.0
1582243200,29.8,30.515,29.78,30.31,9065337.0
1582502400,29.92,30.64,29.88,30.27,7668598.0
1582588800,30.37,30.42,29.59,29.67,7335175.0
1582675200,29.88,29.88,28.62,28.75,7565988.0
1582761600,28.55,29.295,28.33,28.36,8376577.0
1582848000,28.0,28.18,27.06,28.13,1.3514392E7
1583107200,28.44,29.69,28.28,29.68,1.1951134E7
1583193600,29.52,30.42,28.97,29.34,1.0566915E7
1583280000,29.68,30.97,29.65,30.96,9597759.0
1583366400,30.65,33.7,30.4305,33.47,2.5208114E7
1583452800,32.72,32.99,31.51,32.04,1.4613601E7
1583712000,30.68,31.7,30.0,31.25,1.3149889E7
1583798400,31.3,32.75,31.18,32.6,1.6506566E7
1583884800,31.81,32.26,30.07,30.59,1.2935307E7
1583971200,28.6,30.38,28.37,29.12,1.529403E7
1584057600,30.54,30.98,28.25,30.71,1.6518294E7
1584316800,29.33,33.21,29.0,31.1,2.4770336E7
1584403200,31.81,34.94,30.9065,33.0,2.5167921E7
1584489600,33.65,36.84,32.51,33.91,2.577935E7
1584576000,35.75,36.5,33.41,34.18,1.6699288E7
1584662400,34.25,34.25,31.03,31.77,2.197924E7
1584921600,31.78,32.72,30.77,31.08,1.3199886E7
1585008000,31.5,31.68,29.42,30.15,1.3695016E7
1585094400,29.99,30.19,27.82,27.94,2.0520977E7
1585180800,28.0,29.18,27.33,29.0,1.8245412E7
1585267200,29.29,29.9,28.55,29.13,1.4993045E7
1585526400,30.0,30.36,29.12,29.65,1.2973072E7
1585612800,29.58,30.26,29.1,30.12,1.7225249E7
1585699200,30.3,31.78,29.83,30.5,1.7162572E7
1585785600,30.23,31.99,29.85,31.6,1.8951464E7
1585872000,31.61,32.84,31.6,32.29,1.453892E7
1586131200,32.3,32.76,31.28,32.63,1.5549187E7
1586217600,31.46,32.5,30.57,31.86,1.6983054E7
1586304000,31.71,31.95,30.72,31.02,1.8720658E7
1586390400,30.33,31.295,30.01,31.06,1.7331683E7
1586736000,31.2,32.225,31.05,31.33,1.3509353E7
1586822400,32.05,32.37,31.57,32.09,1.3328057E7
1586908800,32.37,32.49,31.065,32.03,1.6203232E7
1586995200,32.05,32.635,31.84,31.95,1.4498738E7
1587081600,31.85,32.13,30.885,31.93,1.5774551E7
1587340800,32.1,32.62,31.74,31.93,1.1003147E7
1587427200,32.17,32.6,31.74,32.17,1.4815434E7
1587513600,32.33,32.61,32.075,32.31,9433382.0
1587600000,32.05,33.1,31.96,32.88,1.1731664E7
1587686400,33.02,33.11,32.47,32.96,9342441.0
1587945600,32.98,33.53,32.98,33.28,1.0093832E7
1588032000,33.07,33.42,32.25,32.36,1.3705593E7
1588118400,31.89,32.19,31.1,31.52,1.4016533E7
1588204800,31.7,32.05,31.27,31.61,1.2290164E7
1588291200,31.44,32.125,31.23,31.96,7736974.0
1588550400,32.58,32.75,31.83,32.53,9610070.0
1588636800,32.57,32.965,32.205,32.81,7269774.0
1588723200,32.99,33.28,32.715,32.78,7380075.0
1588809600,32.9,33.19,32.48,32.68,6263644.0
1588896000,32.7,33.52,32.55,33.34,7917201.0
1589155200,33.45,34.03,33.36,33.73,8767077.0
1589241600,33.83,34.23,33.5,33.55,6569583.0
1589328000,33.61,34.5,33.61,34.1,8875855.0
1589414400,33.88,34.23,32.37,32.78,1.1098421E7
1589500800,32.71,32.945,32.255,32.51,1.5070916E7
1589760000,32.43,32.53,31.5,32.26,1.2825044E7
1589846400,32.4,32.5,31.74,31.76,7383417.0
1589932800,32.02,32.375,31.605,32.3,7838083.0
1590019200,32.3,32.5,31.845,32.12,7096958.0
1590105600,32.23,32.58,32.07,32.37,6134463.0
1590451200,32.07,32.375,31.3,31.37,9838001.0
1590537600,31.47,33.29,31.29,33.28,1.4999696E7
1590624000,33.33,33.8,32.01,32.06,1.3329368E7
1590710400,32.17,32.71,31.62,32.62,1.6545626E7
1590969600,32.71,33.22,32.43,32.49,6933894.0
1591056000,32.39,33.0,32.31,33.0,6764127.0
1591142400,33.01,33.34,32.45,32.68,6579501.0
1591228800,32.58,33.13,32.57,33.11,8774791.0
1591315200,33.05,33.19,32.4,32.48,1.1374106E7
1591574400,32.17,33.01,32.08,33.01,9460403.0
1591660800,33.26,33.3483,32.415,32.92,7507512.0
1591747200,33.09,33.35,32.38,32.57,7871648.0
1591833600,32.61,33.76,32.5,32.7,1.2449237E7
1591920000,32.89,33.11,31.825,32.26,9668831.0
1592179200,32.39,32.66,31.52,32.08,1.1013729E7
1592265600,32.31,32.675,32.12,32.53,9299163.0
1592352000,33.01,33.19,32.18,32.81,1.6036638E7
1592438400,32.34,32.5,30.65,31.81,4.5334706E7
1592524800,31.99,32.3,31.23,32.24,2.897956E7
1592784000,31.95,32.66,31.9,32.07,1.438972E7
1592870400,32.25,32.35,31.765,32.1,1.2699902E7
1592956800,32.11,33.025,31.78,32.82,1.5060012E7
1593043200,32.75,33.43,32.64,32.78,1.4754296E7
1593129600,32.91,33.22,32.55,32.68,1.4473252E7
1593388800,32.87,34.215,32.86,34.13,1.220766E7
1593475200,34.36,34.43,33.81,33.85,1.4650993E7
1593561600,33.86,34.14,33.28,33.57,9122144.0
1593648000,33.57,33.975,33.385,33.5,8613028.0
1593993600,33.62,33.82,33.505,33.73,7075412.0
1594080000,33.65,34.11,33.46,33.68,1.1560637E7
1594166400,33.63,33.75,32.32,32.42,9703323.0
1594252800,32.38,33.075,32.36,32.76,7193829.0
1594339200,32.76,33.83,32.74,33.44,1.0514131E7
1594598400,33.44,33.595,32.96,33.28,8143580.0
1594684800,33.33,34.25,33.31,34.24,9866630.0
1594771200,33.69,34.01,33.32,33.77,8596917.0
1594857600,33.9,34.31,33.64,33.73,7005419.0
1594944000,33.85,34.18,33.78,33.85,6168652.0
1595203200,33.8,34.16,33.615,34.15,8063238.0
1595289600,34.36,35.58,34.335,34.79,1.1880783E7
1595376000,34.9,35.16,34.58,35.16,6465151.0
1595462400,35.24,35.39,34.9729,35.13,5534628.0
1595548800,35.0,35.37,34.56,34.71,5034416.0
1595808000,34.7,34.94,34.3,34.76,5249708.0
1595894400,34.88,35.42,34.815,35.23,5719375.0
1595980800,35.13,35.17,34.72,35.11,5557710.0
1596067200,34.86,34.93,34.335,34.41,5757391.0
1596153600,34.48,34.8,34.38,34.79,7289828.0
1596412800,34.9,35.17,34.47,35.1,5695826.0
1596499200,35.24,35.47,34.9427,35.39,5353064.0
1596585600,35.16,35.35,34.9,35.09,7170576.0
1596672000,35.2,35.45,34.98,35.03,4582406.0
1596758400,35.0,35.275,34.97,35.24,4449873.0
1597017600,35.28,35.36,34.955,35.03,4850462.0
1597104000,34.94,34.97,34.15,34.26,7306395.0
1597190400,34.38,34.79,34.22,34.61,5190827.0
1597276800,34.52,34.745,34.215,34.59,6207036.0
1597363200,34.61,36.0285,34.5368,35.39,1.0493634E7
1597622400,35.7,36.19,35.3159,36.0,6611122.0
1597708800,35.95,36.69,35.695,36.24,7774224.0
1597795200,36.33,36.885,36.115,36.22,5053004.0
1597881600,36.18,36.4,35.78,35.92,4265146.0
1597968000,35.92,36.24,35.72,35.91,4945660.0
1598227200,36.01,36.085,35.67,36.06,4576657.0
1598313600,36.09,36.16,35.74,36.08,3941673.0
1598400000,35.98,36.43,35.645,36.37,4732566.0
1598486400,36.42,36.705,36.145,36.16,6213510.0
1598572800,36.21,36.21,35.0,35.3,7028239.0
1598832000,35.34,35.6948,35.095,35.68,8123162.0
1598918400,35.5,35.68,34.925,35.4,8454925.0
1599004800,35.45,36.62,35.45,36.6,1.0797822E7
1599091200,36.31,37.22,35.79,36.11,9318975.0
1599177600,36.03,36.2,34.935,35.47,7584389.0
1599523200,35.64,35.74,34.6,34.62,9244524.0
1599609600,34.85,35.4875,34.72,35.18,1.037171E7
1599696000,35.2,35.38,34.69,34.74,1.1600264E7
1599782400,35.0,35.12,33.8,34.37,2.1628358E7
1600041600,33.68,33.84,32.755,32.84,1.6737592E7
1600128000,32.81,33.22,32.435,32.72,1.2842457E7
1600214400,32.74,32.98,31.9,32.02,2.19156E7
1600300800,32.07,32.935,32.0032,32.51,1.0615803E7
1600387200,32.47,33.4,32.41,33.21,1.8409972E7
1600646400,32.92,33.5,32.835,33.46,8611296.0
1600732800,33.4,33.96,33.31,33.74,6711310.0
1600819200,33.84,34.08,33.18,33.28,6180102.0
1600905600,33.22,33.67,32.85,33.43,5840884.0
1600992000,33.54,33.78,33.12,33.53,5060869.0
1601251200,33.5,33.725,33.33,33.7,5062439.0
1601337600,33.43,33.98,33.29,33.77,6598187.0
1601424000,33.7,34.53,33.445,33.91,1.2820438E7
1601510400,33.95,34.23,33.52,34.02,8658405.0
1601596800,33.75,34.335,33.7,34.07,5702925.0
1601856000,34.1,34.57,34.1,34.53,5274667.0
1601942400,34.61,34.97,33.835,33.95,7658320.0
1602028800,34.06,34.43,34.0,34.03,6114527.0
1602115200,34.22,34.685,34.15,34.29,4451654.0
1602201600,34.5,34.76,34.37,34.45,6388489.0
1602460800,34.57,34.95,34.49,34.63,5526708.0
1602547200,34.5,34.89,34.48,34.8,4784999.0
1602633600,34.42,34.641,33.16,33.84,1.2086816E7
1602720000,33.66,34.07,33.64,33.98,5598382.0
1602806400,34.09,34.33,33.95,34.07,4953706.0
1603065600,34.07,34.35,33.715,33.88,6491446.0
1603152000,34.04,34.04,33.29,33.33,6891862.0
1603238400,33.31,33.6,33.25,33.33,4694228.0
1603324800,33.05,33.1899,32.07,32.64,9890997.0
1603411200,32.4,32.828,32.31,32.76,6179113.0
1603670400,32.7,33.16,32.67,33.16,7771002.0
1603756800,32.66,33.11,32.28,32.34,8724364.0
1603843200,32.2,32.75,32.035,32.16,1.1676456E7
1603929600,32.07,32.6,31.62,32.26,7314105.0
1604016000,32.15,32.53,32.06,32.21,8448240.0
1604275200,32.49,32.53,31.74,32.06,7478482.0
1604361600,32.08,32.835,32.08,32.74,6431877.0
1604448000,32.63,32.74,32.03,32.09,9292985.0
1604534400,32.28,32.87,32.06,32.72,7239904.0
1604620800,32.77,33.35,32.6907,33.17,7473791.0
1604880000,31.98,32.07,30.47,31.01,2.065449E7
1604966400,31.0,31.955,30.92,31.92,1.0234417E7
1605052800,32.0,32.48,31.68,32.09,9264822.0
1605139200,32.22,32.22,31.57,32.03,9014191.0
1605225600,32.03,32.21,31.82,32.14,6621839.0
1605484800,31.94,32.66,31.61,32.3,1.0473783E7
1605571200,32.14,32.27,31.54,31.9,1.1181717E7
1605657600,32.1,32.47,31.965,32.04,7229185.0
1605744000,32.19,32.96,32.185,32.76,9113095.0
1605830400,32.77,33.055,32.345,32.44,7793662.0
1606089600,32.31,33.24,32.28,33.03,1.2661711E7
1606176000,33.18,33.28,32.65,32.69,1.1294914E7
1606262400,32.58,32.69,32.15,32.32,8672205.0
1606435200,32.51,32.8,32.39,32.43,5265774.0
1606694400,32.7,33.17,32.54,33.0,3.4108818E7
1606780800,32.82,33.35,32.66,33.01,1.0816088E7
1606867200,32.9,33.12,32.07,32.29,1.8396434E7
1606953600,30.89,31.2,30.3523,30.88,3.3237103E7
1607040000,30.82,30.91,30.43,30.58,1.8170139E7
1607299200,30.59,31.19,30.52,30.95,1.8498175E7
1607385600,30.89,31.305,30.88,31.3,1.2405585E7
1607472000,31.34,31.57,30.995,31.21,1.2967004E7
1607558400,31.15,31.32,30.95,31.21,9034843.0
1607644800,31.25,31.54,31.14,31.34,1.0604017E7
1607904000,31.32,31.59,31.245,31.3,1.0205731E7
1607990400,31.38,31.42,31.095,31.19,8931277.0
1608076800,31.17,31.32,30.82,30.97,1.2475045E7
1608163200,31.02,31.085,30.84,31.0,1.112696E7
1608249600,30.96,31.08,30.71,30.87,1.3345405E7
1608508800,30.65,30.8,30.35,30.8,1.2270039E7
1608595200,30.75,30.925,30.64,30.89,1.3981085E7
1608681600,30.88,31.6,30.875,31.39,9509487.0
1608768000,31.29,31.62,31.255,31.53,2918990.0
1609113600,31.6,31.68,31.255,31.39,7026312.0
1609200000,31.33,31.63,31.31,31.46,6465061.0
1609286400,31.53,31.76,31.5,31.55,6713318.0
1609372800,31.59,31.83,31.385,31.76,7089095.0
1609718400,31.77,32.26,31.705,32.13,1.1297052E7
1609804800,32.01,32.28,31.7299,31.9,9001497.0
1609891200,32.04,32.7,32.0,32.21,1.1872154E7
1609977600,31.75,32.41,31.7,31.82,9479315.0
1610064000,31.87,31.92,31.43,31.63,9175398.0
1610323200,31.59,32.03,31.59,31.76,8842613.0
1610409600,32.02,32.35,31.5,31.52,1.0568448E7
1610496000,31.58,32.12,31.44,31.99,8671751.0
1610582400,32.07,33.44,31.915,33.14,2.0648116E7
1610668800,33.15,34.22,32.86,33.7,1.4722567E7
1611014400,33.7,33.73,33.05,33.62,9645287.0
1611100800,32.94,33.17,32.53,33.07,1.087852E7
1611187200,33.01,33.45,32.89,33.21,8580459.0
1611273600,33.39,33.715,32.77,33.56,9458159.0
1611532800,33.5,37.03,33.35,34.57,3.2565353E7
1611619200,34.51,37.165,34.42,37.07,2.4964993E7
1611705600,37.07,42.99,37.02,38.75,4.0043244E7
1611792000,37.68,39.43,34.755,35.38,2.8535203E7
1611878400,35.66,36.58,34.45,34.5,1.7188857E7
1612137600,34.51,34.94,33.285,33.7,1.3036741E7
1612224000,33.59,33.6,32.84,33.1,1.113362E7
1612310400,33.36,33.99,32.86,33.96,1.0162952E7
1612396800,33.96,34.17,33.41,33.45,8426201.0
1612483200,33.34,33.755,33.09,33.15,8367644.0
1612742400,33.22,33.63,33.1,33.28,8826517.0
1612828800,33.33,33.798,33.3,33.59,1.0256134E7
1612915200,33.79,33.98,33.415,33.61,7172609.0
1613001600,33.49,33.66,33.34,33.4,6119892.0
1613088000,33.49,34.01,33.33,33.95,7025066.0
1613433600,34.04,34.18,33.505,33.66,8262787.0
1613520000,33.88,34.4,33.55,34.37,7081178.0
1613606400,33.8,34.26,33.5,33.84,7997620.0
1613692800,33.91,34.385,33.89,34.02,7545271.0
1613952000,34.05,34.1999,33.13,33.59,7199198.0
1614038400,32.63,33.275,32.3,33.03,9732258.0
1614124800,33.38,33.57,32.59,32.75,6993886.0
1614211200,32.95,33.38,32.365,32.41,8040196.0
1614297600,32.57,32.825,32.17,32.21,8254473.0
1614556800,32.07,33.125,32.0,32.89,9789857.0
1614643200,32.69,33.26,32.3046,32.56,1.1486863E7
1614729600,32.51,33.33,32.185,33.25,1.1354287E7
1614816000,34.0,34.64,33.14,34.09,1.6866685E7
1614902400,34.4,35.33,34.125,34.44,1.6962125E7
1615161600,34.64,35.25,34.51,34.74,1.1357678E7
1615248000,34.75,35.17,34.42,34.46,9017096.0
1615334400,34.47,35.51,34.21,35.24,9629844.0
1615420800,35.28,35.5,34.83,34.94,9214956.0
1615507200,34.95,35.6,34.93,35.46,1.0914034E7
1615766400,35.49,36.195,35.37,35.87,1.1783023E7
1615852800,35.64,35.955,35.59,35.82,7327028.0
1615939200,35.81,35.89,35.05,35.28,9266470.0
1616025600,34.75,35.22,34.52,34.69,9321270.0
1616112000,34.89,35.58,34.855,35.4,1.2271002E7
1616371200,35.35,36.21,35.2,36.19,8064450.0
1616457600,36.02,37.05,35.76,36.64,1.0462042E7
1616544000,36.53,36.71,35.63,35.71,1.1097924E7
1616630400,35.86,36.57,35.74,36.49,7091421.0
1616716800,36.75,37.39,36.44,37.23,9376300.0
1616976000,37.23,38.13,37.23,37.95,9505516.0
1617062400,37.85,38.31,37.71,38.08,1.0591433E7
1617148800,37.98,38.02,35.97,35.99,1.8974058E7
1617235200,35.96,36.345,35.54,35.95,1.1932676E7
1617580800,36.12,36.965,36.0,36.73,9525470.0
1617667200,36.64,37.15,36.45,36.89,1.2831115E7
1617753600,36.84,37.435,36.84,37.15,1.1805632E7
1617840000,37.19,37.375,36.95,37.23,9538840.0
1617926400,37.36,37.95,37.3,37.78,7618719.0
1618185600,37.95,38.17,37.58,37.97,7381637.0
1618272000,38.08,38.36,37.495,37.58,1.0907712E7
1618358400,37.66,37.69,36.82,37.24,6639665.0
1618444800,37.39,37.62,36.97,37.19,6425299.0
1618531200,37.39,37.39,37.09,37.11,6792460.0
1618790400,37.12,37.68,36.92,37.43,6593061.0
1618876800,37.55,38.31,37.43,37.76,7519947.0
1618963200,37.83,38.39,37.775,37.91,5509485.0
1619049600,37.91,38.005,37.365,37.43,6622834.0
1619136000,37.33,37.45,36.831,37.35,5835321.0
1619395200,37.4,37.4,36.131,36.54,9005815.0
1619481600,36.57,36.99,36.51,36.77,6323179.0
1619568000,36.88,37.05,36.625,36.65,5617153.0
1619654400,36.7,37.17,36.68,37.06,5355965.0
1619740800,37.15,37.22,36.48,36.54,9032409.0
1620000000,36.62,37.575,36.6,37.38,6919834.0
1620086400,36.3,36.79,35.6,35.89,1.063237E7
1620172800,35.94,36.53,36.1,36.47,4820234.0
1620259200,36.62,38.09,36.465,37.69,1.0428619E7
1620345600,37.54,37.88,37.29,37.73,8050144.0
1620604800,37.86,39.07,37.832,38.86,9773080.0
1620691200,38.8,39.26,38.23,38.42,1.4766833E7
1620777600,38.36,38.4,36.59,36.63,9749224.0
1620864000,36.45,37.2,36.41,36.81,6646257.0
1620950400,36.92,37.465,36.81,37.2,6692596.0
1621209600,37.36,38.135,37.27,37.39,5950192.0
1621296000,37.52,37.83,36.875,37.2,8218544.0
1621382400,36.92,37.07,36.21,36.4,7416486.0
1621468800,36.3,36.5,35.91,36.36,4508582.0
1621555200,36.28,36.87,36.25,36.59,8621531.0
1621814400,36.62,37.175,36.46,36.6,5077092.0
1621900800,36.6,36.7,36.33,36.46,4040668.0
1621987200,36.21,36.59,36.2,36.39,4949970.0
1622073600,36.64,37.09,36.17,36.29,1.633639E7
1622160000,36.51,37.24,36.45,36.98,1.1357086E7
1622505600,37.295,37.44,37.085,37.28,7065407.0
1622592000,37.28,37.96,37.01,37.95,7705661.0
1622678400,37.94,38.57,37.9,38.49,7938701.0
1622764800,38.48,38.765,38.05,38.61,7792344.0
1623024000,38.7,39.05,38.56,38.97,5715852.0
1623110400,39.0,39.56,38.835,38.89,6624723.0
1623196800,38.8,38.8,38.21,38.28,6905542.0
1623283200,38.48,39.2,38.235,38.79,6373736.0
1623369600,38.85,38.94,38.445,38.71,5034842.0
1623628800,38.87,38.87,38.04,38.4,5843354.0
1623715200,38.4,38.4,37.5857,37.87,1.0660029E7
1623801600,37.74,37.975,37.42,37.55,1.1134318E7
1623888000,37.57,39.62,36.77,39.18,2.2228369E7
1623974400,39.05,39.2,38.18,38.75,1.621076E7
1624233600,38.99,39.755,38.53,39.58,1.083939E7
1624320000,39.41,40.075,39.25,39.83,9237165.0
1624406400,39.81,39.83,39.18,39.19,5770493.0
1624492800,39.16,39.45,38.9,39.15,5050865.0
1624579200,39.15,39.43,39.05,39.21,5930014.0
1624838400,39.07,39.42,38.935,39.36,5939604.0
1624924800,39.35,39.715,38.78,38.85,5575737.0
1625011200,38.91,39.05,38.17,38.31,9055842.0
1625097600,38.21,38.53,37.95,38.13,5589660.0
1625184000,38.26,38.795,38.26,38.37,6049015.0
1625529600,38.15,38.15,37.36,37.41,9161469.0
1625616000,37.41,37.9799,37.26,37.64,4778140.0
1625702400,37.45,38.17,37.44,37.88,5706107.0
1625788800,38.05,38.45,37.85,38.27,5033415.0
1626048000,38.23,38.54,38.11,38.31,4392392.0
1626134400,38.3,38.6,37.85,38.07,4576686.0
1626220800,38.04,38.595,37.92,38.32,7317869.0
1626307200,38.39,39.02,38.39,38.84,1.1655128E7
1626393600,38.9,39.66,38.8,39.36,8131491.0
1626652800,39.32,41.19,39.25,41.07,1.3948058E7
1626739200,41.01,41.5,40.22,40.57,9975313.0
1626825600,40.66,40.72,40.02,40.11,5609919.0
1626912000,40.0,40.01,39.36,39.73,6523747.0
1626998400,39.74,39.905,39.43,39.89,4924760.0
1627257600,39.94,40.41,39.74,39.79,4875797.0
1627344000,39.69,40.1,39.475,40.03,4019536.0
1627430400,40.0,40.18,39.74,40.03,3897649.0
1627516800,40.28,41.015,40.05,40.72,4962434.0
1627603200,40.8,41.95,40.61,40.7,9505380.0
1627862400,40.75,41.135,40.23,41.01,5233769.0
1627948800,40.95,42.75,40.83,42.62,1.0301962E7
1628035200,42.5,42.74,41.785,41.92,5364089.0
1628121600,42.15,42.44,41.82,41.87,4245951.0
1628208000,41.94,42.1801,41.56,41.75,4237984.0
1628467200,41.85,42.4,41.73,42.28,4509884.0
1628553600,42.36,43.21,42.21,42.78,5590924.0
1628640000,42.71,43.17,42.57,43.0,5149565.0
1628726400,42.92,42.99,42.53,42.64,4293000.0
1628812800,42.69,42.98,42.51,42.81,3587241.0
1629072000,42.86,43.51,42.69,43.45,5459564.0
1629158400,43.75,45.58,43.67,45.44,1.4008636E7
1629244800,45.24,46.39,45.13,46.26,1.1777798E7
1629331200,46.09,46.835,45.66,45.93,1.188545E7
1629417600,45.96,47.01,45.71,46.94,6685883.0
1629676800,47.0,47.18,46.32,46.74,5802870.0
1629763200,46.76,46.925,45.63,45.75,6978393.0
1629849600,45.75,46.32,45.54,45.8,5368147.0
1629936000,45.76,45.8,45.05,45.17,7359121.0
1630022400,45.19,45.64,44.93,45.49,3701278.0
1630281600,45.52,46.6164,45.39,46.2,5840796.0
1630368000,46.29,46.445,45.63,46.03,8581641.0
1630454400,45.92,46.04,45.305,45.74,6872139.0
1630540800,45.99,47.99,45.86,47.31,1.2095943E7
1630627200,47.05,47.24,46.58,46.65,5460415.0
1630972800,46.75,46.79,45.925,45.99,7706810.0
1631059200,46.14,46.92,45.85,46.29,8348990.0
1631145600,46.05,46.365,45.21,46.13,9825816.0
1631232000,44.72,44.86,41.92,42.67,2.5247259E7
1631491200,42.8,43.58,42.64,42.88,9335828.0
1631577600,43.0,43.08,41.61,41.79,1.1345046E7
1631664000,41.74,42.235,41.07,41.1,1.0541267E7
1631750400,41.16,41.77,40.61,40.87,1.0108188E7
1631836800,40.75,41.4073,40.65,40.94,2.6090715E7
1632096000,40.5,41.17,40.16,40.41,7950943.0
1632182400,40.58,40.95,40.24,40.45,6492869.0
1632268800,40.68,40.7,40.015,40.1,6155922.0
1632355200,40.23,40.53,39.86,40.18,7241635.0
1632441600,40.24,40.96,39.95,39.98,7089883.0
1632700800,40.0,41.049,39.97,40.19,7591176.0
1632787200,40.3,41.005,40.22,40.51,7734622.0
1632873600,40.47,41.64,40.43,41.34,8553552.0
1632960000,41.4,41.59,40.38,40.43,7758148.0
1633046400,40.4,40.43,38.99,39.14,9587808.0
1633305600,39.1,39.72,39.07,39.63,8508716.0
1633392000,39.375,40.03,39.375,39.88,7347984.0
1633478400,39.95,40.2,38.99,39.55,6908731.0
1633564800,39.6,40.05,39.415,39.5,5630987.0
1633651200,39.39,39.81,39.3099,39.47,4012313.0
1633910400,39.43,40.03,39.275,39.58,4855140.0
1633996800,39.68,40.389,39.56,39.83,5249509.0
1634083200,40.17,40.29,39.335,39.47,4319450.0
1634169600,39.44,39.68,39.015,39.12,5873861.0
1634256000,39.175,39.46,38.47,38.59,6922859.0
1634515200,38.49,39.345,38.22,39.21,7190555.0
1634601600,39.21,39.329,38.28,39.07,5396263.0
1634688000,39.23,39.63,39.01,39.32,5366269.0
1634774400,39.57,39.81,39.15,39.3,3970502.0
1634860800,39.38,40.26,39.376,40.23,7945266.0
1635120000,40.32,40.7352,40.08,40.33,5515423.0
1635206400,40.35,40.37,39.74,39.96,4180845.0
1635292800,40.3,40.35,39.445,39.48,3954273.0
1635379200,39.42,39.725,39.18,39.69,3857021.0
1635465600,39.58,40.38,39.48,40.02,6012464.0
1635724800,40.14,40.5,39.79,40.45,5251820.0
1635811200,40.75,41.32,40.16,40.7,5786424.0
1635897600,41.28,42.96,41.21,42.95,1.0831899E7
1635984000,42.7,43.49,42.4,43.42,7479665.0
1636070400,43.46,43.57,41.98,42.32,6137307.0
1636329600,42.21,42.4499,41.38,41.7,4899804.0
1636416000,41.81,42.27,41.63,41.93,3441493.0
1636502400,41.9,42.5,41.63,42.47,3977887.0
1636588800,42.42,42.75,42.075,42.27,4817104.0
1636675200,42.1,42.72,41.9,42.43,3677917.0
1636934400,42.43,42.8983,42.21,42.66,4050784.0
1637020800,42.26,42.34,41.5,41.69,6231137.0
1637107200,41.63,41.67,40.59,40.65,1.0087197E7
1637193600,40.78,41.53,40.65,41.4,4353250.0
1637280000,41.51,41.89,40.75,40.89,7031502.0
1637539200,41.22,43.08,41.16,42.86,6712917.0
1637625600,42.78,43.38,42.41,43.06,5143153.0
1637712000,43.06,43.0722,42.3,42.54,4706884.0
1637884800,42.5,43.97,42.5,43.14,7507222.0
1638144000,42.81,43.38,42.32,42.35,5960008.0
1638230400,42.17,42.74,41.38,41.53,1.3104002E7
1638316800,41.53,41.78,40.18,40.21,8947858.0
1638403200,42.46,45.68,41.73,44.65,2.6027474E7
1638489600,45.0,45.12,42.935,43.43,1.2398492E7
1638748800,43.89,45.58,43.55,45.11,1.0308223E7
1638835200,45.08,45.645,44.895,45.07,6616178.0
1638921600,45.07,45.59,42.09,42.81,1.8433306E7
1639008000,42.91,43.83,42.89,43.68,8312862.0
1639094400,43.65,44.68,43.46,44.6,7090041.0
1639353600,44.39,45.965,44.21,45.63,8903614.0
1639440000,45.64,46.92,45.025,45.58,6991720.0
1639526400,45.77,46.465,45.64,46.22,9058294.0
1639612800,46.09,46.215,45.45,45.91,9585344.0
1639699200,45.86,47.04,44.77,44.79,1.3752019E7
1639958400,44.79,45.95,44.705,45.51,1.0285995E7
1640044800,45.23,45.69,43.6,43.87,1.0436576E7
1640131200,43.92,44.2192,43.02,43.52,6016210.0
1640217600,43.49,43.77,43.18,43.21,4115644.0
1640563200,43.31,43.795,43.04,43.74,3772481.0
1640649600,43.79,44.44,43.74,44.42,5237346.0
1640736000,44.5,44.8799,44.3,44.71,3985417.0
1640822400,45.27,45.63,44.67,45.14,4571896.0
1640908800,45.11,45.7,45.11,45.26,4752600.0
