1483401600,53.62,53.74,52.54,53.33,6503596.0
1483488000,53.7,55.0,53.52,54.98,5336739.0
1483574400,55.18,55.77,55.02,55.08,3978718.0
1483660800,54.85,55.63,54.58,55.47,3248929.0
1483920000,56.13,56.32,55.55,55.71,4362957.0
1484006400,56.0,57.46,55.64,56.61,5579161.0
1484092800,56.68,56.715,55.15,55.69,3669712.0
1484179200,55.74,55.98,54.86,55.46,2608142.0
1484265600,55.4,55.8,55.15,55.28,2033921.0
1484611200,55.09,56.74,55.07,55.99,4807941.0
1484697600,56.3,56.41,55.56,56.04,2761737.0
1484784000,56.1,56.42,55.69,55.84,2023704.0
1484870400,55.85,56.21,55.55,55.74,2193390.0
1485129600,55.82,56.4,55.31,55.47,3423031.0
1485216000,55.72,56.05,55.36,55.96,3941754.0
1485302400,56.44,56.75,56.05,56.65,5757194.0
1485388800,54.71,55.39,51.9,52.41,1.7091786E7
1485475200,52.75,53.78,52.7,53.32,8064253.0
1485734400,53.0,53.4999,52.6375,52.8,4023383.0
1485820800,52.72,53.03,52.27,52.58,3394444.0
1485907200,52.19,52.26,51.47,51.75,5836274.0
1485993600,51.76,51.95,51.55,51.69,3946031.0
1486080000,51.9,52.25,51.71,51.81,3640258.0
1486339200,52.17,52.45,51.825,51.98,2458467.0
1486425600,51.94,52.01,51.505,51.94,2848839.0
1486512000,51.81,52.365,51.63,52.14,2913050.0
1486598400,52.2,53.28,52.2,52.93,5184907.0
1486684800,53.27,53.31,52.65,52.74,2378363.0
1486944000,52.85,53.35,52.65,53.16,2892978.0
1487030400,53.8,54.2561,52.78,53.06,3362657.0
1487116800,53.1,53.24,52.73,53.0,2811212.0
1487203200,53.1,53.1,52.13,52.51,4684328.0
1487289600,52.15,52.42,51.85,52.03,3044982.0
1487635200,52.19,52.3,51.83,52.04,2277725.0
1487721600,52.04,52.205,51.69,51.97,2108607.0
1487808000,52.08,52.36,51.7,51.77,2412701.0
1487894400,51.51,52.2,51.35,52.17,2432316.0
1488153600,52.17,52.98,51.9,52.91,3463389.0
1488240000,52.91,53.4,52.8,52.95,3081901.0
1488326400,54.65,55.3299,54.4284,54.96,7705929.0
1488412800,54.9,54.9,53.31,53.66,5064372.0
1488499200,53.53,53.91,53.08,53.84,3176013.0
1488758400,53.71,54.52,53.68,54.31,2974516.0
1488844800,54.25,54.36,53.85,54.3,3265094.0
1488931200,54.27,54.62,53.95,53.98,2274403.0
1489017600,53.95,54.2,53.38,53.75,2444767.0
1489104000,53.97,54.45,53.95,54.21,2582441.0
1489363200,54.39,55.44,54.38,55.17,3961733.0
1489449600,55.16,56.0678,55.0,55.56,3706116.0
1489536000,55.7,56.28,55.31,56.1,3603271.0
1489622400,56.01,56.74,55.19,56.52,5761466.0
1489708800,56.66,57.5,56.42,57.17,5484102.0
1489968000,57.48,57.92,57.13,57.36,5675523.0
1490054400,56.645,57.5,55.8,55.92,4341338.0
1490140800,55.74,56.25,55.63,55.86,2998657.0
1490227200,55.8,56.11,55.5,55.59,2609792.0
1490313600,55.97,55.97,55.23,55.62,1999520.0
1490572800,55.03,56.95,54.71,56.63,3301554.0
1490659200,56.65,57.45,56.55,56.93,2985608.0
1490745600,56.72,57.34,56.7,57.25,2836418.0
1490832000,57.3,57.536,57.0,57.03,2469550.0
1490918400,56.76,57.22,56.59,57.07,1973788.0
1491177600,57.98,58.48,56.83,57.18,6519597.0
1491264000,56.97,57.0624,56.385,56.67,2889303.0
1491350400,56.96,57.33,56.1,56.17,3583459.0
1491436800,56.2,57.05,56.14,56.68,2761469.0
1491523200,56.56,56.9,56.04,56.2,3132126.0
1491782400,56.26,56.28,55.18,55.56,4896072.0
1491868800,55.7,56.29,55.42,56.15,2868201.0
1491955200,56.26,56.7325,56.12,56.51,2674760.0
1492041600,56.5,56.935,55.715,55.9,2513709.0
1492387200,55.94,56.765,55.7,56.44,3024796.0
1492473600,56.16,57.05,56.07,56.87,3170848.0
1492560000,56.83,56.88,56.32,56.69,2637518.0
1492646400,57.1,57.94,56.85,57.77,3622289.0
1492732800,57.77,57.77,56.96,57.38,2722726.0
1492992000,57.84,58.0,57.19,57.65,2941966.0
1493078400,57.89,58.82,57.83,58.47,3674029.0
1493164800,59.6,59.6,58.73,59.26,7849493.0
1493251200,57.74,59.85,57.31,59.2,7873273.0
1493337600,59.31,59.5,58.64,58.99,4141388.0
1493596800,59.28,59.85,58.86,59.39,3437079.0
1493683200,59.47,59.74,59.17,59.19,2684592.0
1493769600,59.22,59.36,58.78,59.31,2237264.0
1493856000,59.49,59.54,58.49,58.5,2609543.0
1493942400,58.39,58.9447,57.89,58.75,4270043.0
1494201600,57.91,57.97,56.81,57.2,4730238.0
1494288000,57.48,58.3,57.33,58.04,3084702.0
1494374400,57.99,58.53,57.83,58.33,2842655.0
1494460800,58.25,58.3,57.37,57.46,3400327.0
1494547200,58.1,59.14,58.09,58.65,4192032.0
1494806400,58.65,58.6981,58.13,58.3,2662280.0
1494892800,58.25,58.72,57.82,58.1,3220751.0
1494979200,57.63,57.66,56.75,56.84,4702932.0
1495065600,56.46,57.46,56.33,56.85,3643643.0
1495152000,57.01,57.715,56.54,56.77,3950082.0
1495411200,57.48,57.98,57.25,57.7,4428567.0
1495497600,57.9,58.56,57.371,57.53,2673675.0
1495584000,57.47,57.75,57.38,57.53,1751672.0
1495670400,57.5,58.1,57.31,57.95,2303214.0
1495756800,58.04,58.4897,57.82,58.02,1741642.0
1496102400,58.04,58.95,58.04,58.7,3143053.0
1496188800,58.91,59.47,58.205,59.13,4644529.0
1496275200,59.56,62.36,59.55,62.05,9716017.0
1496361600,62.0,62.76,61.625,62.55,4715620.0
1496620800,62.47,62.765,61.995,62.41,3044275.0
1496707200,62.31,64.16,62.0338,63.66,5598690.0
1496793600,63.66,63.9701,63.111,63.86,3272539.0
1496880000,63.8,64.71,63.5608,64.63,3905315.0
1496966400,64.55,64.885,62.51,63.69,4220717.0
1497225600,63.68,64.29,62.88,63.95,2793747.0
1497312000,64.36,65.3,64.36,64.87,3174603.0
1497398400,64.64,65.59,64.55,65.24,3874175.0
1497484800,64.6,64.97,64.33,64.77,2251634.0
1497571200,64.97,65.12,64.5299,64.99,3131899.0
1497830400,65.53,66.22,65.32,66.12,4092411.0
1497916800,65.09,65.2,64.32,64.62,2969434.0
1498003200,64.39,64.72,64.27,64.57,1832889.0
1498089600,64.59,64.69,64.16,64.34,1583913.0
1498176000,64.3,64.98,63.77,64.97,2253955.0
1498435200,64.98,65.3,64.24,64.49,2568684.0
1498521600,64.63,65.1,64.08,64.14,2054684.0
1498608000,64.48,65.1,64.19,64.95,1897306.0
1498694400,64.85,64.9,62.88,63.51,2751588.0
1498780800,63.6,64.34,63.33,63.89,2483523.0
1499040000,63.3,63.46,62.12,62.63,2667810.0
1499212800,62.66,63.06,62.26,62.77,2316197.0
1499299200,62.25,62.55,61.45,61.55,3215688.0
1499385600,61.76,61.99,61.291,61.77,5525924.0
1499644800,61.76,62.545,61.55,62.17,3038126.0
1499731200,62.26,62.5,61.57,61.89,2100258.0
1499817600,62.07,62.69,62.07,62.28,1733723.0
1499904000,62.66,62.66,61.58,62.17,2514886.0
1499990400,60.18,61.31,59.7,61.07,5870558.0
1500249600,61.0,61.27,60.38,61.14,2807909.0
1500336000,61.64,62.81,61.3,62.47,2907741.0
1500422400,62.62,62.67,61.52,61.92,2166833.0
1500508800,62.15,62.37,61.75,62.16,2067596.0
1500595200,62.25,62.7724,62.25,62.36,1761001.0
1500854400,62.57,63.42,62.465,62.71,2577260.0
1500940800,62.97,63.0,61.9,62.62,4178728.0
1501027200,62.0,62.74,61.65,61.65,5064445.0
1501113600,61.46,62.8965,60.9,62.27,4247287.0
1501200000,62.19,62.83,60.0,61.28,2928649.0
1501459200,61.65,62.64,61.61,61.61,4128279.0
1501545600,62.1,62.375,61.08,61.23,3092388.0
1501632000,61.44,61.59,60.01,60.54,3664806.0
1501718400,60.54,61.09,60.32,60.78,2124385.0
1501804800,60.74,61.59,60.37,60.97,1898359.0
1502064000,61.22,61.73,60.93,61.07,2437779.0
1502150400,61.19,61.75,60.76,61.0,3351451.0
1502236800,60.61,60.91,60.37,60.78,3295495.0
1502323200,60.61,61.19,60.1,60.16,4397628.0
1502409600,60.02,60.37,59.49,59.66,3053489.0
1502668800,60.13,60.9,60.02,60.79,3118775.0
1502755200,61.02,61.97,60.9,61.86,2895560.0
1502841600,62.02,62.25,61.29,61.54,2091788.0
1502928000,61.5,61.82,60.03,60.11,2876364.0
1503014400,59.95,60.41,59.16,60.01,2830601.0
1503273600,60.24,60.52,59.81,60.25,2077831.0
1503360000,60.4,61.18,60.39,60.57,2103168.0
1503446400,59.84,60.331,59.55,59.89,1894344.0
1503532800,59.94,60.31,59.72,60.24,1527822.0
1503619200,59.85,60.41,59.59,60.12,1542376.0
1503878400,60.45,60.52,59.85,60.28,2313141.0
1503964800,59.99,60.84,59.92,60.71,1548335.0
1504051200,60.9,60.98,60.37,60.56,1298214.0
1504137600,60.85,62.27,60.68,62.21,2837484.0
1504224000,63.0,63.203,62.33,62.87,2591357.0
1504569600,62.54,63.25,61.87,62.66,2200340.0
1504656000,62.86,63.58,62.77,63.26,2634937.0
1504742400,63.46,63.869,63.26,63.39,2250937.0
1504828800,63.48,63.567,62.9,63.12,1956506.0
1505088000,63.31,64.385,63.3,64.28,3002570.0
1505174400,64.25,64.67,63.67,64.48,2152606.0
1505260800,64.46,64.76,63.91,64.44,2236298.0
1505347200,64.32,64.38,63.79,64.09,3079335.0
1505433600,63.86,63.9,63.2,63.25,2957845.0
1505692800,63.48,64.0293,63.4,63.63,2339800.0
1505779200,63.97,64.91,63.85,64.53,2990639.0
1505865600,63.93,64.04,62.95,63.63,2742992.0
1505952000,63.63,63.95,63.24,63.62,2045568.0
1506038400,63.5,64.01,63.36,63.57,1345170.0
1506297600,63.12,63.46,62.29,62.31,2174888.0
1506384000,62.87,63.32,62.44,63.17,1378846.0
1506470400,63.47,64.31,63.29,64.16,2428496.0
1506556800,64.04,64.1,63.49,63.64,2645769.0
1506643200,64.15,64.64,63.85,64.16,2271072.0
1506902400,63.1,65.38,62.82,64.97,4541393.0
1506988800,65.0,65.45,64.47,64.89,2170919.0
1507075200,64.89,65.4,64.46,65.06,2359801.0
1507161600,65.05,65.89,64.8,65.04,2233044.0
1507248000,64.07,64.59,63.47,64.26,2792674.0
1507507200,63.76,63.94,63.01,63.66,2970405.0
1507593600,64.14,64.43,63.27,63.36,2743335.0
1507680000,63.43,63.83,63.21,63.32,1946835.0
1507766400,63.1,63.45,61.525,61.68,5107196.0
1507852800,61.79,62.44,60.92,62.01,4231548.0
1508112000,62.38,63.29,62.24,62.8,3144106.0
1508198400,62.6,62.719,62.065,62.31,1901409.0
1508284800,62.32,62.5256,61.86,61.89,2000351.0
1508371200,61.49,62.44,61.21,62.34,2308381.0
1508457600,62.69,62.81,62.28,62.69,2128958.0
1508716800,62.61,63.65,62.55,63.13,3119955.0
1508803200,63.35,63.48,62.81,63.15,2883193.0
1508889600,63.21,64.31,62.55,62.91,3776877.0
1508976000,64.0,64.2,60.88,62.58,5236097.0
1509062400,62.58,62.6,60.85,61.75,4076375.0
1509321600,61.64,61.86,60.88,61.46,2225923.0
1509408000,62.78,63.75,62.08,63.38,3876688.0
1509494400,65.0,65.0,64.165,64.37,4626378.0
1509580800,64.35,65.17,64.2,64.9,3066373.0
1509667200,64.59,65.93,64.41,65.88,3493340.0
1509926400,65.87,67.38,65.8,66.55,3201600.0
1510012800,67.67,68.41,67.27,67.34,3421963.0
1510099200,67.35,67.98,67.01,67.9,3387864.0
1510185600,67.37,67.95,66.85,67.42,2952568.0
1510272000,67.43,67.84,67.27,67.4,1877748.0
1510531200,67.2,67.72,66.89,67.25,3620524.0
1510617600,66.96,67.44,66.32,67.27,2364658.0
1510704000,66.72,66.75,64.5,66.25,2033516.0
1510790400,66.54,67.2,66.4919,66.68,2511401.0
1510876800,66.7,67.039,66.34,66.5,1573013.0
1511136000,66.85,67.4575,66.81,67.08,2066972.0
1511222400,67.16,67.87,67.16,67.79,2538418.0
1511308800,67.56,67.9,67.39,67.7,1886958.0
1511481600,67.69,67.94,67.47,67.65,749161.0
1511740800,67.56,67.92,67.45,67.76,1425065.0
1511827200,67.67,68.44,67.5,68.36,4138485.0
1511913600,68.49,68.5,67.02,67.56,2866659.0
1512000000,67.5,69.31,67.152,69.29,3992011.0
1512086400,69.69,70.4571,68.49,69.84,3352734.0
1512345600,70.18,70.32,69.46,69.78,2702930.0
1512432000,69.5,70.24,69.02,69.44,1894221.0
1512518400,69.19,69.31,68.22,68.75,2797276.0
1512604800,68.94,69.71,68.73,69.6,1829073.0
1512691200,69.98,70.84,69.92,70.36,2842090.0
1512950400,71.13,71.4199,70.55,71.07,3153253.0
1513036800,71.0,71.0,70.01,70.08,2105623.0
1513123200,70.76,70.94,70.2,70.83,3623258.0
1513209600,70.89,71.2,70.49,70.55,2265687.0
1513296000,70.66,70.8,70.1,70.5,2190589.0
1513555200,70.82,71.6,70.25,71.12,3475943.0
1513641600,71.43,72.2,71.38,71.97,3382232.0
1513728000,71.1,71.18,70.5,70.76,3555085.0
1513814400,70.84,70.97,70.2,70.3,3277957.0
1513900800,70.12,70.12,69.53,69.74,2196472.0
1514246400,69.61,70.32,69.5,70.13,945888.0
1514332800,70.19,70.97,70.1,70.84,1681306.0
1514419200,70.61,70.8524,69.91,69.98,1331480.0
1514505600,69.98,70.0,69.46,69.49,1863376.0
1514851200,69.0,69.855,68.5,69.1,2908188.0
1514937600,69.12,69.22,67.58,68.32,4645863.0
1515024000,68.67,68.8799,67.94,68.15,3495440.0
1515110400,68.71,68.96,67.5,67.92,4004850.0
1515369600,68.08,68.66,67.58,68.0,2875054.0
1515456000,69.0,69.74,68.7,69.52,2972393.0
1515542400,69.11,70.09,68.93,70.04,2933662.0
1515628800,70.25,70.7,69.63,70.63,2901771.0
1515715200,70.71,71.2405,70.49,71.02,2914785.0
1516060800,73.16,73.98,72.06,72.67,4980646.0
1516147200,72.99,74.16,72.88,73.51,4289084.0
1516233600,73.53,74.245,73.06,73.73,3654191.0
1516320000,73.82,75.0,73.78,74.51,3396030.0
1516579200,75.62,77.28,75.15,77.1,6841422.0
1516665600,77.4,78.57,77.16,77.66,4591763.0
1516752000,77.82,78.56,77.23,77.44,6287739.0
1516838400,77.09,77.5,74.7,75.36,7026809.0
1516924800,75.81,76.085,74.52,75.5,7810301.0
1517184000,75.27,79.84,75.13,79.03,8797297.0
1517270400,78.4,79.59,77.9,78.38,6925789.0
1517356800,78.96,79.22,77.14,77.52,4886055.0
1517443200,77.64,79.28,77.2,78.21,4567508.0
1517529600,76.71,77.02,75.1,75.18,3755135.0
1517788800,74.69,75.49,71.94,72.38,6098460.0
1517875200,71.1,74.4,70.55,74.11,5975922.0
1517961600,74.26,74.731,73.2,73.43,3779303.0
1518048000,74.1,74.2299,70.87,70.99,4681275.0
1518134400,71.4,71.62,68.13,71.0,6199937.0
1518393600,71.85,72.59,70.93,71.54,2813793.0
1518480000,71.6,73.25,71.6,73.15,4221656.0
1518566400,72.67,74.81,72.61,74.45,2756667.0
1518652800,75.29,75.71,74.38,74.84,2280738.0
1518739200,74.91,75.81,74.62,75.02,1840546.0
1519084800,74.32,75.2745,74.15,75.04,2336218.0
1519171200,75.22,76.17,75.01,75.06,1993356.0
1519257600,75.04,75.38,72.48,72.95,4257939.0
1519344000,73.42,74.33,73.35,74.33,1801826.0
1519603200,74.57,74.85,73.95,73.95,2100167.0
1519689600,74.2,74.3201,73.02,73.04,2631848.0
1519776000,73.29,73.76,72.81,72.81,2410044.0
1519862400,72.5,72.83,70.6,70.85,2900358.0
1519948800,70.0,71.63,69.26,71.51,3074699.0
1520208000,71.18,71.82,69.93,71.57,1873720.0
1520294400,72.03,72.93,71.88,72.64,2462573.0
1520380800,71.75,73.36,71.68,73.04,2308152.0
1520467200,74.6,77.15,74.28,76.62,5754518.0
1520553600,76.61,77.01,75.1,76.47,3062302.0
1520812800,76.6,77.0,75.45,75.63,3270176.0
1520899200,75.87,76.15,73.44,73.86,3147731.0
1520985600,74.0,74.55,73.24,73.9,3332253.0
1521072000,74.19,75.3141,73.92,74.77,1975732.0
1521158400,74.77,75.17,74.49,75.05,2079126.0
1521417600,74.75,75.28,74.45,75.05,2524112.0
1521504000,74.9,75.49,74.78,75.15,1753042.0
1521590400,74.03,74.71,72.73,73.32,2889449.0
1521676800,72.74,72.82,71.33,71.34,3250876.0
1521763200,71.35,71.6,69.31,69.32,3926175.0
1522022400,70.6,71.04,69.94,70.45,5961480.0
1522108800,71.53,73.15,71.0,71.66,4180928.0
1522195200,71.68,71.86,70.36,70.78,3150638.0
1522281600,71.26,72.24,70.84,71.9,6249654.0
1522627200,72.7,73.61,70.06,70.58,2704174.0
1522713600,71.2,71.2,70.06,70.95,1972588.0
1522800000,69.5,70.14,68.46,70.04,5175767.0
1522886400,70.71,71.895,70.36,71.11,4065456.0
1522972800,70.23,70.75,68.62,69.22,2292399.0
1523232000,69.71,70.83,69.46,69.88,2494800.0
1523318400,71.11,71.91,70.88,71.41,3295492.0
1523404800,70.88,71.81,70.76,70.85,1763487.0
1523491200,71.23,72.795,71.04,72.37,4233744.0
1523577600,73.25,73.25,71.53,71.82,2234013.0
1523836800,72.26,73.255,71.69,72.95,1934621.0
1523923200,73.71,74.29,73.34,73.5,2547257.0
1524009600,73.68,75.58,73.68,74.42,3372364.0
1524096000,75.0,75.0,73.83,73.84,3040618.0
1524182400,73.97,74.49,73.66,73.89,2758636.0
1524441600,73.9,74.98,73.68,74.44,2380731.0
1524528000,74.98,75.0,73.2949,73.79,2125880.0
1524614400,73.42,73.95,71.97,72.34,4083092.0
1524700800,73.4,74.5,72.55,73.11,4937428.0
1524787200,73.39,73.39,72.18,72.33,2282758.0
1525046400,72.95,73.845,72.84,73.33,2653800.0
1525132800,73.89,75.0129,73.61,74.86,3493465.0
1525219200,74.78,75.7,74.555,75.25,3853871.0
1525305600,75.0,75.68,73.98,75.36,2737572.0
1525392000,75.1,76.95,74.95,76.38,2435427.0
1525651200,76.75,77.27,76.165,76.88,2886343.0
1525737600,76.88,77.49,76.35,76.64,2907324.0
1525824000,76.78,77.955,76.66,77.89,2052360.0
1525910400,78.05,79.62,77.82,79.0,2682853.0
1525996800,78.83,78.83,77.92,78.14,2554429.0
1526256000,78.14,78.64,76.52,77.49,4299055.0
1526342400,77.45,78.1,76.66,77.88,2353780.0
1526428800,77.65,78.7,77.61,78.36,1819074.0
1526515200,78.5,79.23,77.39,78.06,2301231.0
1526601600,78.06,78.39,77.83,77.91,2433545.0
1526860800,78.97,79.76,78.88,79.26,2723065.0
1526947200,79.29,79.52,78.81,79.0,1724517.0
1527033600,78.54,79.3,78.08,79.3,1823557.0
1527120000,79.36,79.82,78.89,79.31,1549592.0
1527206400,79.11,79.6,79.02,79.35,1533196.0
1527552000,78.82,80.03,78.71,79.58,2057936.0
1527638400,80.09,80.57,79.72,80.26,2245947.0
1527724800,80.4,80.88,79.91,80.61,4598078.0
1527811200,79.49,80.47,78.91,80.47,4074103.0
1528070400,80.55,80.55,79.24,79.82,4313348.0
1528156800,79.5,80.26,78.6,78.7,5680399.0
1528243200,78.27,78.99,77.12,78.9,5893611.0
1528329600,79.03,79.17,77.21,77.68,3975381.0
1528416000,77.96,78.7,77.665,78.0,3659656.0
1528675200,78.33,79.43,78.26,79.13,4188910.0
1528761600,79.39,80.9,79.36,80.29,4659600.0
1528848000,80.02,80.48,79.27,80.32,3561199.0
1528934400,80.53,81.0,80.12,80.6,3424842.0
1529020800,80.04,80.48,79.45,80.37,4950148.0
1529280000,79.57,81.449,79.5,81.27,2593731.0
1529366400,79.22,80.44,79.05,79.34,6788630.0
1529452800,80.03,80.99,79.75,80.02,4141090.0
1529539200,80.0,80.05,79.15,79.4,4388009.0
1529625600,80.0,80.185,79.54,79.8,3669520.0
1529884800,79.28,79.32,75.57,75.86,5401376.0
1529971200,75.98,77.605,75.5931,77.23,4320179.0
1530057600,77.6,77.885,75.92,75.93,3044098.0
1530144000,75.95,76.34,75.365,75.62,3055101.0
1530230400,76.91,77.15,76.1,76.36,3899217.0
1530489600,72.8,73.15,70.07,71.27,9066145.0
1530576000,71.03,72.03,70.6,70.95,2532664.0
1530748800,71.4,72.39,70.81,72.22,3638756.0
1530835200,72.17,72.46,71.71,72.37,3287107.0
1531094400,73.75,74.09,72.54,73.32,4075066.0
1531180800,73.45,73.76,72.35,73.63,3487248.0
1531267200,72.22,73.05,71.62,72.3,4176632.0
1531353600,72.75,73.36,72.5,73.18,2948253.0
1531440000,73.24,73.78,72.81,73.73,2102130.0
1531699200,73.63,74.4509,73.36,74.08,3475425.0
1531785600,73.75,74.755,73.48,74.49,2680238.0
1531872000,74.42,74.84,73.71,74.67,2717765.0
1531958400,74.5,74.97,73.93,74.05,4403677.0
1532044800,74.25,74.27,73.57,73.85,3115272.0
1532304000,73.73,74.32,72.88,73.86,4004465.0
1532390400,74.71,76.1,73.92,74.5,3925136.0
1532476800,75.1,75.72,74.8,75.12,3653003.0
1532563200,72.5,72.99,70.24,71.3,7859189.0
1532649600,70.98,72.41,70.5,71.53,4285566.0
1532908800,71.49,71.5,70.1,70.26,3161825.0
1532995200,70.48,72.235,70.48,71.9,3767946.0
1533081600,71.82,72.1,68.63,69.01,5459442.0
1533168000,67.73,68.6537,67.28,68.44,7001298.0
1533254400,68.5,68.925,68.08,68.65,4341429.0
1533513600,68.65,69.425,68.27,69.2,3015913.0
1533600000,69.58,69.72,68.96,69.03,2621012.0
1533686400,69.15,69.63,68.5,68.66,2152862.0
1533772800,68.86,69.3599,68.47,68.52,2264951.0
1533859200,68.25,68.47,67.36,67.85,4133849.0
1534118400,67.67,68.0,67.035,67.09,3357118.0
1534204800,67.0,67.14,66.07,66.72,5588903.0
1534291200,66.12,66.12,64.02,64.46,5858529.0
1534377600,65.0,65.98,64.82,65.11,3369136.0
1534464000,65.12,65.95,64.84,65.86,2662635.0
1534723200,66.25,66.99,65.47,65.63,3151744.0
1534809600,65.79,66.4,65.53,66.26,4662076.0
1534896000,66.19,66.21,65.56,65.64,1971578.0
1534982400,65.68,66.09,65.32,65.51,2062205.0
1535068800,65.62,65.8799,65.48,65.54,1571255.0
1535328000,66.03,67.53,66.0,66.72,3265957.0
1535414400,67.0,67.0,65.95,66.2,2950014.0
1535500800,66.39,66.83,65.86,66.22,4214633.0
1535587200,66.25,66.36,65.6,65.71,4605088.0
1535673600,65.58,65.88,65.06,65.42,3416894.0
1536019200,65.31,65.42,64.3,64.5,3337702.0
1536105600,64.17,64.21,63.05,63.11,8559980.0
1536192000,62.76,62.83,60.57,61.08,1.0044931E7
1536278400,60.35,61.21,59.75,60.62,7472348.0
1536537600,60.76,61.445,60.7,61.2,5747664.0
1536624000,60.27,60.6,59.1098,60.5,6141941.0
1536710400,59.92,61.46,59.82,61.24,6287891.0
1536796800,61.74,62.35,61.07,61.25,3753520.0
1536883200,62.26,62.7,60.95,61.41,4549330.0
1537142400,61.33,61.79,61.09,61.23,3887540.0
1537228800,60.64,60.8,59.835,60.41,3881631.0
1537315200,60.74,61.15,60.58,60.95,5247618.0
1537401600,61.35,61.64,60.8669,60.97,5494264.0
1537488000,61.35,61.8,60.89,60.95,4294223.0
1537747200,60.45,60.61,59.84,60.46,3784199.0
1537833600,60.5,60.92,60.29,60.66,3237803.0
1537920000,60.6,60.9,59.743,59.82,3083001.0
1538006400,59.45,60.03,59.04,59.76,2676265.0
1538092800,59.62,59.91,59.0507,59.33,5001961.0
1538352000,59.02,60.1277,58.63,59.75,6229381.0
1538438400,59.42,59.98,59.12,59.2,3341603.0
1538524800,60.19,61.47,60.05,60.82,6531140.0
1538611200,60.53,61.07,59.15,59.35,3771791.0
1538697600,59.18,59.79,57.76,58.7,4778109.0
1538956800,57.96,59.07,57.61,58.31,3510747.0
1539043200,58.23,58.4325,57.76,58.28,4086909.0
1539129600,58.16,58.25,56.22,56.33,6780667.0
1539216000,55.98,56.62,55.05,55.49,7758525.0
1539302400,56.65,57.07,55.64,56.15,5193777.0
1539561600,55.77,56.29,55.58,55.82,4002814.0
1539648000,57.0,57.45,56.09,57.27,4428740.0
1539734400,57.19,58.09,56.74,57.36,2941392.0
1539820800,57.3,57.68,55.93,56.04,5580738.0
1539907200,55.79,56.55,55.3,55.66,7139240.0
1540166400,56.07,56.13,54.8,54.89,4811916.0
1540252800,53.55,53.99,52.61,53.37,5928599.0
1540339200,53.5,53.71,51.88,52.0,7276382.0
1540425600,52.15,54.54,52.1,54.26,9833238.0
1540512000,53.52,53.67,51.72,52.39,4746047.0
1540771200,52.91,52.955,50.01,50.73,7298913.0
1540857600,50.28,51.0198,49.28,50.89,6268849.0
1540944000,51.92,52.44,50.3832,51.03,5829723.0
1541030400,51.3,57.45,51.14,57.06,1.2596755E7
1541116800,57.57,57.89,55.49,56.25,7359974.0
1541376000,55.87,56.25,54.65,55.12,4870856.0
1541462400,54.92,55.5499,54.28,55.41,4832977.0
1541548800,55.9,56.88,55.27,56.57,5417942.0
1541635200,53.74,54.37,52.8,53.71,8911402.0
1541721600,53.55,53.82,51.86,52.09,4707973.0
1541980800,51.98,52.4697,50.82,51.0,4297890.0
1542067200,51.63,53.0,51.34,51.55,7316512.0
1542153600,52.04,53.01,51.93,52.48,5650134.0
1542240000,52.76,53.99,52.23,53.73,5811275.0
1542326400,53.22,54.23,52.81,53.81,5931349.0
1542585600,53.88,54.05,50.21,50.45,5102775.0
1542672000,49.4,50.71,48.64,50.33,6720368.0
1542758400,51.24,52.88,51.0238,51.96,3606858.0
1542931200,51.56,51.675,50.64,50.74,1502770.0
1543190400,51.97,54.665,51.925,54.44,6796154.0
1543276800,53.83,54.42,52.9,54.11,5064686.0
1543363200,54.85,55.365,53.3,55.15,4228216.0
1543449600,54.76,55.14,53.57,54.47,3813889.0
1543536000,54.21,55.13,53.78,54.94,4988762.0
1543795200,58.14,59.21,57.69,58.34,9973175.0
1543881600,57.8,57.95,55.15,55.57,5184066.0
1544054400,54.12,55.72,52.8,55.69,5472739.0
1544140800,55.14,56.2,53.12,53.34,6664481.0
1544400000,53.87,54.79,52.73,53.46,3868123.0
1544486400,54.88,56.48,54.06,54.24,4943711.0
1544572800,55.23,56.315,54.65,55.43,4707081.0
1544659200,56.2,56.49,54.59,55.1,4999452.0
1544745600,54.29,56.05,54.14,54.84,4810988.0
1545004800,53.64,54.33,51.9,52.61,4086917.0
1545091200,53.01,53.8,52.02,52.96,5689917.0
1545177600,53.25,53.43,50.635,51.22,8284174.0
1545264000,50.57,51.6406,49.39,50.34,5337601.0
1545350400,50.39,51.02,48.18,48.51,6817230.0
1545609600,47.89,49.35,47.39,48.44,2384562.0
1545782400,48.72,51.55,48.02,51.45,3844805.0
1545868800,50.6,51.23,49.09,51.14,3074385.0
1545955200,51.2,52.0,50.36,50.88,3072147.0
1546214400,51.33,52.185,50.98,52.05,4321951.0
1546387200,50.97,54.72,50.89,54.16,4282744.0
1546473600,53.52,53.8779,52.06,52.22,4240571.0
1546560000,53.65,55.35,53.5,55.17,4071993.0
1546819200,55.24,56.06,54.08,55.47,3223911.0
1546905600,56.04,56.73,55.37,56.58,3856657.0
1546992000,56.875,57.64,56.69,56.92,4145453.0
1547078400,56.46,57.5,56.01,56.73,3087166.0
1547164800,56.48,57.05,55.53,56.96,2288594.0
1547424000,56.1,56.1,55.08,55.81,2868603.0
1547510400,56.22,56.85,55.826,56.6,4092314.0
1547596800,56.82,57.89,56.61,56.78,2595222.0
1547683200,56.33,57.42,55.98,57.05,3944753.0
1547769600,57.6,58.21,56.47,57.7,8034122.0
1548115200,57.48,57.5,55.82,57.05,6412671.0
1548201600,57.35,57.66,56.78,57.29,6251312.0
1548288000,55.63,57.64,55.25,56.37,7920731.0
1548374400,56.9,57.5,56.36,56.95,4405943.0
1548633600,56.39,57.39,55.81,56.26,2881359.0
1548720000,56.3,56.8645,56.13,56.27,2070287.0
1548806400,56.98,59.14,56.64,59.01,5517268.0
1548892800,59.54,59.6499,58.09,58.36,5201727.0
1548979200,58.34,59.94,58.34,59.89,3816704.0
1549238400,59.8,59.96,58.83,59.1,1738338.0
1549324800,59.11,59.7,59.01,59.65,2307808.0
1549411200,59.75,61.21,59.75,60.86,3979133.0
1549497600,60.39,60.7,59.045,59.45,3765028.0
1549584000,59.04,59.79,58.42,59.01,2328556.0
1549843200,59.52,59.95,58.72,59.6,2631537.0
1549929600,60.0,61.09,59.85,60.13,2796471.0
1550016000,60.62,60.96,60.02,60.37,2177473.0
1550102400,59.43,59.795,57.46,59.37,5207290.0
1550188800,59.5,60.4,58.78,60.31,2742720.0
1550534400,60.57,61.84,60.57,61.15,4914810.0
1550620800,61.18,61.83,60.33,61.35,4959139.0
1550707200,61.31,61.82,60.77,61.51,2575201.0
1550793600,61.79,62.23,61.11,61.61,2137033.0
1551052800,62.05,62.15,61.04,61.07,3367814.0
1551139200,61.0,62.56,60.91,61.78,3733786.0
1551225600,61.78,62.0,60.965,61.43,3241979.0
1551312000,61.16,62.05,60.9,61.43,3968295.0
1551398400,61.98,61.98,60.23,60.4,3619684.0
1551657600,60.45,60.65,59.22,59.66,3908110.0
1551744000,59.9,60.1,59.52,59.61,2045510.0
1551830400,60.0,62.03,60.0,60.66,4859398.0
1551916800,60.38,60.44,59.22,59.99,3781317.0
1552003200,59.1,60.335,59.04,60.24,2459094.0
1552262400,60.35,60.61,59.89,60.15,2383725.0
1552348800,60.4,60.41,59.03,59.16,3350960.0
1552435200,59.46,59.86,59.11,59.34,2254621.0
1552521600,59.37,59.42,58.28,59.42,3396650.0
1552608000,59.94,60.64,59.465,59.76,2941251.0
1552867200,60.03,60.22,59.31,60.08,3511984.0
1552953600,59.69,59.93,59.01,59.3,4210059.0
1553040000,59.23,59.59,58.58,59.14,2548558.0
1553126400,59.2,61.25,58.9,61.2,3915347.0
1553212800,60.64,60.81,59.32,59.57,4109453.0
1553472000,59.43,59.9,58.56,59.28,3530961.0
1553558400,59.35,60.37,59.35,60.1,3041168.0
1553644800,60.1,60.24,58.89,59.03,2736642.0
1553731200,59.03,60.495,59.03,60.33,3817104.0
1553817600,60.49,61.12,59.93,60.96,4571750.0
1554076800,62.45,63.475,62.28,63.35,4116991.0
1554163200,63.43,64.98,63.08,64.85,5870466.0
1554249600,65.0,66.05,64.04,64.17,4425489.0
1554336000,64.33,65.68,64.01,65.61,4354043.0
1554422400,65.73,65.97,65.3957,65.92,2779635.0
1554681600,66.31,66.47,65.6,66.04,2183089.0
1554768000,65.52,65.64,65.07,65.53,2711715.0
1554854400,65.93,66.2,65.56,65.85,1773420.0
1554940800,66.01,66.205,65.64,66.08,2558373.0
1555027200,66.5,67.14,66.38,66.87,2631376.0
1555286400,67.19,67.33,66.01,66.53,2574201.0
1555372800,66.8,68.21,66.7,68.16,2776690.0
1555459200,68.22,68.24,67.52,67.91,6536912.0
1555545600,69.04,69.6,66.81,68.22,7743853.0
1555891200,67.76,67.98,66.52,66.83,4830089.0
1555977600,66.52,67.63,66.38,67.07,3575846.0
1556064000,66.88,67.2,66.47,67.04,3889803.0
1556150400,66.94,67.41,66.66,67.14,2778044.0
1556236800,67.51,68.4,67.05,67.86,2354893.0
1556496000,68.36,68.46,67.71,68.07,2574436.0
1556582400,67.37,67.64,66.8,67.05,3381615.0
1556668800,67.8,68.55,67.57,67.87,2402891.0
1556755200,67.52,68.22,66.76,67.43,1717374.0
1556841600,67.9,68.47,67.66,68.44,1801259.0
1557100800,66.7,67.03,65.72,66.57,4015458.0
1557187200,66.07,66.62,62.76,64.45,9768220.0
1557273600,64.66,65.96,64.06,65.32,3085088.0
1557360000,64.39,65.32,63.3,64.88,4101724.0
1557446400,64.23,65.76,63.65,65.47,2697259.0
1557705600,63.65,63.69,61.36,62.11,5494387.0
1557792000,62.51,63.43,61.93,62.72,2951664.0
1557878400,62.3,63.36,61.74,62.95,1863831.0
1557964800,63.53,63.835,63.02,63.4,2336600.0
1558051200,62.61,62.91,60.26,60.31,6115409.0
1558310400,59.65,59.79,57.41,59.22,1.0406675E7
1558396800,59.6,59.99,58.58,58.68,6494828.0
1558483200,58.46,59.15,58.12,58.59,4724307.0
1558569600,57.76,57.87,56.2,56.97,6210756.0
1558656000,57.39,58.1036,56.63,57.43,3831930.0
1559001600,57.63,58.36,56.64,56.84,5587066.0
1559088000,56.18,57.12,56.05,56.66,6488987.0
1559174400,56.76,57.05,55.24,55.54,4286542.0
1559260800,54.96,55.6,54.275,55.0,6388779.0
1559520000,54.5,54.55,52.525,52.94,6238654.0
1559606400,53.55,55.76,53.47,55.62,7773721.0
1559692800,55.72,55.72,53.2,55.07,7353711.0
1559779200,55.24,55.41,54.165,54.62,2432453.0
1559865600,55.11,56.88,55.05,56.08,4350755.0
1560124800,56.88,58.86,56.8,58.13,9808327.0
1560211200,58.8,59.51,58.4,58.69,3880185.0
1560297600,58.16,58.49,56.78,57.04,4447926.0
1560384000,57.55,57.91,57.1,57.32,5654619.0
1560470400,57.32,57.62,56.84,57.28,2058537.0
1560729600,57.53,57.79,56.78,57.06,2938892.0
1560816000,56.85,59.74,56.78,59.48,6488778.0
1560902400,59.5,59.5,58.3,58.98,3386551.0
1560988800,59.71,60.29,59.1,59.43,4085206.0
1561075200,59.03,59.68,58.61,59.23,3810858.0
1561334400,59.19,59.44,58.62,58.75,3580944.0
1561420800,58.78,58.785,57.23,57.4,3299255.0
1561507200,57.95,58.87,57.64,58.68,4219840.0
1561593600,58.76,58.99,58.25,58.78,3627912.0
1561680000,59.13,59.27,58.68,59.09,3969226.0
1561939200,62.21,62.755,61.59,61.97,6075365.0
1562025600,61.6,62.25,61.35,62.13,3682272.0
1562112000,62.32,62.44,61.59,62.22,1303826.0
1562284800,61.74,62.02,61.13,61.84,2300611.0
1562544000,61.4,62.14,61.23,62.02,1768600.0
1562630400,61.77,63.3,61.71,62.9,3757200.0
1562716800,63.18,63.24,61.67,62.25,3413350.0
1562803200,62.5,63.55,62.33,62.6,2573519.0
1562889600,62.66,63.28,62.56,63.23,2052077.0
1563148800,63.4,63.99,63.24,63.96,2459396.0
1563235200,64.15,64.905,63.93,64.73,3041267.0
1563321600,64.79,64.8,63.83,64.19,2005143.0
1563408000,63.95,64.5,63.325,64.33,4728500.0
1563494400,64.55,64.68,63.835,63.92,3545433.0
1563753600,64.24,64.39,63.7151,63.99,3062560.0
1563840000,64.39,65.37,63.96,65.22,4122577.0
1563926400,65.0,65.41,63.75,64.93,4054468.0
1564012800,63.3,63.95,61.69,62.65,8475009.0
1564099200,63.1,63.89,62.63,63.16,4191391.0
1564358400,63.0,63.21,61.95,62.36,4087831.0
1564444800,61.88,61.96,61.14,61.4,2749415.0
1564531200,61.19,61.21,59.67,60.44,4724337.0
1564617600,60.47,61.42,57.88,58.8,5115673.0
1564704000,58.08,58.67,56.47,56.88,5599030.0
1564963200,54.42,55.46,53.97,54.53,5657041.0
1565049600,55.22,55.63,53.98,54.49,3649205.0
1565136000,53.5,54.35,52.51,53.99,4138229.0
1565222400,54.63,55.64,54.5101,55.33,4331412.0
1565308800,54.83,55.0,53.41,53.97,2963442.0
1565568000,53.03,53.22,52.21,52.27,4726585.0
1565654400,52.29,55.11,52.1,53.62,6745119.0
1565740800,52.36,52.7225,51.68,51.79,3600472.0
1565827200,51.93,52.34,51.165,51.41,2400193.0
1565913600,51.9,52.69,51.63,52.4,2769885.0
1566172800,53.99,54.875,53.88,54.67,3972946.0
1566259200,53.94,55.535,53.9301,55.11,6162574.0
1566345600,55.53,55.65,54.6,55.13,2325250.0
1566432000,55.38,55.6,53.93,54.41,2661150.0
1566518400,53.87,54.26,52.51,53.11,4611093.0
1566777600,53.85,54.1,53.09,53.67,2343205.0
1566864000,54.15,54.755,53.89,54.29,4859655.0
1566950400,54.16,54.72,53.72,54.5,1971985.0
1567036800,55.15,55.73,55.065,55.14,2498095.0
1567123200,55.55,56.04,55.3,55.47,2216879.0
1567468800,54.43,54.58,53.33,54.28,4033825.0
1567555200,55.7,55.96,54.68,55.07,3980438.0
1567641600,55.74,56.58,55.43,56.13,7370629.0
1567728000,55.95,56.79,55.71,56.19,5781510.0
1567987200,57.3,58.23,56.95,58.08,3629733.0
1568073600,58.18,59.14,57.56,59.01,4292437.0
1568160000,59.44,59.72,58.07,59.3,3114916.0
1568246400,59.51,60.46,59.1,60.15,3687714.0
1568332800,60.45,60.87,59.31,59.34,2484776.0
1568592000,59.05,59.76,58.92,59.64,3266220.0
1568678400,58.07,59.155,57.23,59.11,5451189.0
1568764800,58.9,59.0,57.7,58.38,2644716.0
1568851200,58.6,58.94,57.35,57.58,3832854.0
1568937600,57.65,57.87,56.27,56.33,4846708.0
1569196800,55.85,56.71,55.65,56.19,4817672.0
1569283200,56.75,57.1,55.56,55.67,3674426.0
1569369600,55.52,57.16,54.95,57.08,3591085.0
1569456000,56.19,56.68,55.26,55.88,3272980.0
1569542400,58.55,59.25,56.8171,57.11,1.6671035E7
1569801600,57.34,58.09,57.25,57.76,5940415.0
1569888000,58.0,58.675,56.94,57.21,6705178.0
1569974400,56.92,57.39,56.35,56.5,6.7901248E7
1570060800,56.45,56.93,55.2,55.95,8069504.0
1570147200,55.89,56.05,55.01,56.0,4624858.0
1570406400,55.56,55.71,54.78,54.95,5351209.0
1570492800,54.3,54.71,53.38,53.47,5183920.0
1570579200,53.82,54.27,53.67,54.17,3586808.0
1570665600,54.14,55.57,54.04,54.79,5387429.0
1570752000,55.82,58.23,55.75,57.58,7496510.0
1571011200,57.18,57.48,56.92,57.01,2331913.0
1571097600,57.02,57.65,56.69,57.31,3530588.0
1571184000,57.22,58.0,57.18,57.41,2546304.0
1571270400,57.6,57.77,57.35,57.35,1553725.0
1571356800,57.16,57.75,57.03,57.46,2310229.0
1571616000,58.0,58.4,57.64,57.97,3712872.0
1571702400,58.31,59.02,58.05,58.62,4063541.0
1571788800,58.51,59.29,58.18,59.22,3687568.0
1571875200,59.66,61.84,59.5019,61.16,7346585.0
1571961600,60.64,61.62,60.51,61.22,3018978.0
1572220800,61.48,62.78,61.48,62.4,2994917.0
1572307200,62.17,62.265,61.39,62.0,2755244.0
1572393600,62.0,62.6,61.66,62.54,2252403.0
1572480000,62.27,62.54,61.44,61.84,2658893.0
1572566400,62.34,63.07,61.93,63.05,2949829.0
1572825600,63.73,64.2,63.39,64.05,3737075.0
1572912000,64.22,64.755,63.64,63.73,4362044.0
1572998400,63.73,63.77,62.71,63.15,2664806.0
1573084800,63.91,64.35,63.64,63.81,2370813.0
1573171200,63.75,64.08,63.266,64.08,2280646.0
1573430400,63.09,63.33,62.51,63.14,3393113.0
1573516800,63.13,63.33,62.21,62.48,2513662.0
1573603200,62.22,62.55,62.0,62.16,2532979.0
1573689600,62.19,62.45,61.95,62.39,1614025.0
1573776000,62.7,62.89,62.23,62.67,2398421.0
1574035200,62.6,62.6,61.66,62.14,3805841.0
1574121600,62.4,62.53,61.26,61.91,2384866.0
1574208000,61.45,61.93,60.54,60.69,3038300.0
1574294400,60.86,61.05,60.31,60.35,2984287.0
1574380800,60.6,61.45,60.54,61.3,2309377.0
1574640000,61.65,63.46,61.5,63.41,3059106.0
1574726400,63.54,63.66,62.67,62.98,2688297.0
1574812800,63.02,63.75,63.02,63.42,1539610.0
1574985600,62.96,63.1,62.57,62.75,1407411.0
1575244800,62.7,63.22,62.53,62.69,2103111.0
1575331200,61.59,62.02,61.14,61.93,3143401.0
1575417600,62.07,63.075,62.02,62.69,2285721.0
1575504000,62.92,63.49,62.47,63.27,2934474.0
1575590400,63.82,64.52,63.765,64.15,2998441.0
1575849600,64.1,64.5099,63.87,64.17,2874051.0
1575936000,64.05,64.64,63.65,64.15,2342660.0
1576022400,64.38,65.5801,64.15,65.44,3450173.0
1576108800,66.31,69.19,65.91,68.7,6772607.0
1576195200,68.5,69.74,68.5,69.04,5351287.0
1576454400,68.9,69.37,68.03,68.1,3394550.0
1576540800,68.42,68.5,67.79,68.21,4262949.0
1576627200,69.58,69.9,68.36,68.97,5833203.0
1576713600,68.97,69.5,68.7248,69.18,2779408.0
1576800000,69.68,69.68,68.43,68.53,4474291.0
1577059200,68.63,69.72,68.63,69.42,4064226.0
1577145600,69.39,69.59,69.01,69.29,630421.0
1577318400,69.52,69.96,69.31,69.94,1468994.0
1577404800,70.06,70.34,69.335,69.74,3002365.0
1577664000,69.88,69.98,69.15,69.3,1703487.0
1577750400,69.1,69.28,68.89,69.04,1846900.0
1577923200,69.88,70.94,69.79,70.8,5154845.0
1578009600,69.62,70.15,69.39,69.72,2822522.0
1578268800,69.18,70.12,69.04,70.09,2923450.0
1578355200,69.55,70.2,69.495,70.16,2264186.0
1578441600,70.0,71.3,69.89,70.8,3455338.0
1578528000,71.51,71.72,71.03,71.52,3011411.0
1578614400,71.72,71.94,70.76,70.91,2217136.0
1578873600,71.24,72.4,71.05,72.16,2563577.0
1578960000,72.41,73.49,72.231,73.36,3693139.0
1579046400,73.5,73.53,72.4,72.77,2602598.0
1579132800,73.11,73.41,72.81,73.4,3605317.0
1579219200,73.51,74.29,73.51,74.06,3296175.0
1579564800,69.52,71.34,68.85,70.06,1.0307126E7
1579651200,70.6,70.73,69.1932,69.45,4340014.0
1579737600,67.68,69.65,67.47,69.45,7292572.0
1579824000,69.26,69.26,66.97,67.85,5362677.0
1580083200,62.72,64.33,61.08,63.27,1.2594292E7
1580169600,64.17,64.59,63.13,64.41,4731466.0
1580256000,65.0,65.37,63.9,64.7,5876475.0
1580342400,63.57,66.34,63.51,66.2,8015268.0
1580428800,65.6,65.61,64.48,65.31,6778757.0
1580688000,66.11,67.56,65.93,66.56,6055171.0
1580774400,67.05,69.08,66.86,67.84,5983545.0
1580860800,69.06,69.37,67.485,67.89,5040700.0
1580947200,68.4,69.6,68.33,69.47,5556840.0
1581033600,67.7,68.0,66.51,66.8,6581936.0
1581292800,66.09,68.25,66.09,68.16,3569693.0
1581379200,68.63,69.537,67.91,68.85,3078882.0
1581465600,69.91,71.38,69.66,71.13,5839043.0
1581552000,70.41,70.55,69.17,69.31,3572233.0
1581638400,69.0,69.2,67.98,68.07,3813682.0
1581984000,68.24,68.85,67.16,68.16,3798325.0
1582070400,68.44,69.93,68.26,69.1,3183596.0
1582156800,68.48,68.53,66.71,67.44,4068439.0
1582243200,66.8,66.98,65.555,65.6,5224069.0
1582502400,62.44,63.44,62.18,62.21,5799343.0
1582588800,63.04,63.27,59.51,60.16,6769977.0
1582675200,60.56,61.26,58.44,59.16,7137859.0
1582761600,57.72,61.01,56.28,58.43,8874513.0
1582848000,56.82,58.8,56.62,58.31,6558307.0
1583107200,58.9,58.9,56.6,58.26,6246567.0
1583193600,58.6,59.52,55.48,55.9,6564350.0
1583280000,56.77,57.84,55.47,57.25,6957884.0
1583366400,55.6,56.705,54.57,54.94,7765245.0
1583452800,53.0,56.09,52.54,54.86,1.0002682E7
1583712000,51.01,52.84,49.0,49.66,6998200.0
1583798400,51.82,53.51,49.58,53.38,6690546.0
1583884800,51.78,51.78,48.22,48.63,9938518.0
1583971200,42.4,46.59,39.06,44.15,1.3388187E7
1584057600,48.02,49.1,42.87,49.01,1.2515919E7
1584316800,40.52,45.1,39.2,40.39,1.2380049E7
1584403200,40.76,43.29,35.9169,40.86,1.2774685E7
1584489600,36.74,40.1,33.3,37.68,1.4302375E7
1584576000,36.75,44.67,33.8601,40.36,1.139898E7
1584662400,42.15,47.0,41.7876,43.31,1.2859281E7
1584921600,43.51,45.33,41.61,43.45,8152148.0
1585008000,46.45,47.82,44.25,44.84,8884131.0
1585094400,46.85,51.67,44.77,47.35,1.0707226E7
1585180800,48.58,52.93,46.51,48.36,1.0423783E7
1585267200,45.55,46.2,42.0,42.1,1.1598494E7
1585526400,41.75,44.73,41.25,43.49,7414969.0
1585612800,43.44,43.925,41.8,42.47,5233144.0
1585699200,40.32,41.2,39.67,40.3,7348867.0
1585785600,39.9,41.31,39.63,40.27,6400478.0
1585872000,40.25,40.49,36.8,37.92,8805471.0
1586131200,40.56,41.42,39.73,40.7,7713797.0
1586217600,43.64,44.75,42.18,42.7,8790006.0
1586304000,43.74,47.52,43.18,46.55,7634840.0
1586390400,48.41,49.89,46.15,47.86,7266014.0
1586736000,47.59,47.625,45.51,46.49,4790697.0
1586822400,47.59,48.25,46.09,48.13,5201959.0
1586908800,46.01,48.0,45.6504,47.1,6095164.0
1586995200,47.17,47.58,44.55,45.9,7540908.0
1587081600,47.5,48.19,46.21,47.01,1.0000056E7
1587340800,45.95,46.1,43.07,43.13,1.1410331E7
1587427200,43.12,43.12,40.42,40.69,1.5101334E7
1587513600,41.64,41.87,40.31,41.03,1.9895615E7
1587600000,45.17,46.49,43.86,45.96,1.9525739E7
1587686400,46.05,46.37,43.29,43.78,1.5676554E7
1587945600,44.68,48.47,44.06,46.38,1.6024228E7
1588032000,48.55,49.99,44.58,46.58,1.7592915E7
1588118400,48.63,49.817,47.66,48.89,1.3085751E7
1588204800,47.45,49.34,46.86,48.02,8066849.0
1588291200,46.09,46.54,45.0,45.61,5476306.0
1588550400,44.0,45.73,43.5,45.45,4861666.0
1588636800,46.63,46.75,45.23,46.39,5096141.0
1588723200,46.97,47.44,46.235,46.44,5232301.0
1588809600,47.13,48.3455,46.66,47.37,5667772.0
1588896000,48.69,51.06,48.05,50.94,7311209.0
1589155200,50.36,50.49,48.405,48.5,5408978.0
1589241600,48.71,48.79,45.92,45.96,6917968.0
1589328000,46.0,46.19,43.98,44.42,6694505.0
1589414400,43.08,46.05,42.43,45.68,8124291.0
1589500800,45.07,45.86,44.73,44.76,5007848.0
1589760000,48.11,48.66,47.29,48.39,7808904.0
1589846400,48.5,49.7,47.32,48.25,5936000.0
1589932800,49.7,50.36,48.785,50.17,6946213.0
1590019200,50.38,50.48,48.32,48.57,6378489.0
1590105600,47.66,48.0,46.5,46.9,6455687.0
1590451200,49.97,50.3325,48.85,49.93,6800867.0
1590537600,51.91,52.2,49.25,50.93,6734877.0
1590624000,51.0,51.0784,48.33,48.55,5416900.0
1590710400,47.68,48.68,46.78,47.94,7963893.0
1590969600,48.52,49.76,47.62,49.03,6804177.0
1591056000,49.11,49.26,47.3,47.79,9112070.0
1591142400,48.77,52.17,48.69,51.79,1.1830525E7
1591228800,53.86,53.92,49.06,52.35,1.8911751E7
1591315200,56.0,56.02,52.445,52.97,1.1569331E7
1591574400,54.75,55.73,53.63,55.64,7497619.0
1591660800,54.78,54.79,53.04,53.66,4806948.0
1591747200,53.01,53.63,51.68,51.77,5501010.0
1591833600,48.48,50.36,48.17,49.09,8932712.0
1591920000,51.35,51.36,48.6,49.87,5830765.0
1592179200,47.9,49.67,47.75,49.06,5160682.0
1592265600,51.28,51.38,47.75,49.4,8029904.0
1592352000,49.19,49.56,48.26,48.9,4128471.0
1592438400,48.39,49.2,47.96,48.2,5573377.0
1592524800,49.09,49.15,47.05,47.19,8858174.0
1592784000,46.78,46.89,45.11,46.29,9069481.0
1592870400,47.0,47.005,46.35,46.88,5939701.0
1592956800,46.39,46.67,44.25,44.94,7658114.0
1593043200,44.0,45.15,43.03,44.99,1.0547731E7
1593129600,44.72,44.84,43.01,43.33,8054984.0
1593388800,43.52,44.94,42.88,44.65,7519301.0
1593475200,43.78,45.72,43.64,45.54,5571305.0
1593561600,45.65,46.64,44.83,45.04,3948767.0
1593648000,46.08,46.9664,45.56,46.34,4753277.0
1593993600,47.6,48.37,45.64,47.07,7295049.0
1594080000,46.19,46.35,44.98,45.03,5096449.0
1594166400,45.01,45.92,44.18,45.61,3999627.0
1594252800,45.56,45.63,43.71,44.68,3836207.0
1594339200,44.5,45.78,44.2535,45.72,3594684.0
1594598400,46.57,50.095,45.22,48.53,1.1272958E7
1594684800,47.85,47.9,46.54,47.39,6821311.0
1594771200,49.03,50.45,48.65,50.25,6613834.0
1594857600,49.43,49.96,48.91,49.71,4029971.0
1594944000,49.87,49.87,48.28,48.69,3258800.0
1595203200,48.0,48.57,46.55,47.28,4612210.0
1595289600,47.93,48.98,47.58,48.0,4818676.0
1595376000,47.64,48.08,46.6,46.84,7445959.0
1595462400,45.49,45.98,44.25,44.88,1.0920807E7
1595548800,44.25,44.95,43.81,44.36,5408190.0
1595808000,43.86,44.205,42.69,43.48,6681008.0
1595894400,43.19,44.795,43.15,44.22,7858844.0
1595980800,44.15,45.13,43.365,44.32,4649374.0
1596067200,44.41,45.75,44.24,45.5,6033046.0
1596153600,45.14,45.17,43.14,43.64,4675582.0
1596412800,43.18,44.53,42.58,44.0,4364250.0
1596499200,44.03,44.265,43.33,43.73,4017947.0
1596585600,44.24,44.86,42.95,43.34,5467258.0
1596672000,43.12,45.62,42.68,45.22,9063175.0
1596758400,44.75,44.96,43.5,44.2,5886267.0
1597017600,46.45,48.255,46.33,47.52,1.0497059E7
1597104000,49.55,51.41,49.39,51.0,1.8750362E7
1597190400,51.39,51.515,48.585,49.07,5334499.0
1597276800,48.49,49.11,47.98,48.62,4557633.0
1597363200,48.09,48.73,47.8,48.37,5896962.0
1597622400,48.2,48.39,47.51,47.72,4360990.0
1597708800,47.63,48.105,47.21,47.69,3495055.0
1597795200,48.15,48.48,47.22,47.47,3587336.0
1597881600,46.91,47.79,46.62,47.46,2930159.0
1597968000,48.15,49.37,47.86,48.52,6626343.0
1598227200,48.72,49.9,47.72,49.81,5074144.0
1598313600,50.18,50.8,49.6314,49.96,3833061.0
1598400000,50.0,50.195,49.1,49.86,3755820.0
1598486400,49.9,51.285,49.81,50.53,4932226.0
1598572800,51.14,52.96,50.67,52.16,6978248.0
1598832000,52.06,52.1,50.71,50.71,5732322.0
1598918400,50.73,51.32,49.58,49.65,7728638.0
1599004800,49.7,51.64,49.6,51.33,6872539.0
1599091200,51.51,52.27,49.92,50.63,5820525.0
1599177600,51.4,52.45,50.96,51.96,7735085.0
1599523200,51.03,52.45,50.6,51.67,8702165.0
1599609600,51.67,51.81,50.51,50.84,4342008.0
1599696000,51.35,53.1,50.91,52.32,5980617.0
1599782400,52.95,53.14,51.26,51.91,5678084.0
1600041600,52.16,53.19,52.1101,53.1,4281808.0
1600128000,53.25,53.51,51.81,51.85,5173718.0
1600214400,51.54,51.77,47.2306,49.67,1.2559646E7
1600300800,48.84,49.32,48.57,49.08,5451924.0
1600387200,49.07,49.76,48.73,49.0,7615628.0
1600646400,46.88,47.21,45.18,46.44,6518366.0
1600732800,46.51,47.38,45.88,46.25,4131750.0
1600819200,46.56,47.49,44.96,45.04,4477672.0
1600905600,44.86,45.97,44.06,45.91,6974670.0
1600992000,45.74,47.205,45.41,46.96,4663797.0
1601251200,47.57,48.129,47.2,47.62,2843030.0
1601337600,47.57,47.69,46.33,46.72,2504797.0
1601424000,47.11,47.67,46.31,46.66,3064144.0
1601510400,46.46,46.93,45.92,46.22,3379792.0
1601596800,45.19,46.6048,44.77,46.15,4278728.0
1601856000,46.15,46.28,44.95,46.22,7117067.0
1601942400,46.64,48.05,46.29,46.42,4915557.0
1602028800,46.96,47.1,46.11,46.18,3655378.0
1602115200,46.4,46.66,45.93,46.11,4378636.0
1602201600,46.18,46.3719,45.1,45.72,7820370.0
1602460800,45.65,46.49,45.61,46.17,4964700.0
1602547200,45.52,45.88,44.08,44.81,5338012.0
1602633600,44.92,45.6,44.84,44.98,4072696.0
1602720000,44.5,45.78,44.36,45.74,6625193.0
1602806400,45.81,46.24,45.0,45.37,3108199.0
1603065600,45.25,46.28,44.85,44.96,8732284.0
1603152000,45.03,46.48,44.86,46.2,4661855.0
1603238400,45.88,46.47,45.66,45.94,4001627.0
1603324800,49.19,50.25,48.22,49.81,1.34208E7
1603411200,49.8,50.98,49.59,50.68,6652265.0
1603670400,49.95,50.33,48.79,49.13,5168855.0
1603756800,49.81,50.45,47.97,48.29,6498536.0
1603843200,46.98,47.86,46.44,46.86,5942786.0
1603929600,46.75,48.275,46.65,47.84,4205485.0
1604016000,47.19,48.4,46.96,48.06,5209325.0
1604275200,48.71,49.65,48.18,49.17,5287042.0
1604361600,49.64,50.14,48.835,49.02,4207487.0
1604448000,48.9,51.11,48.45,49.91,4409848.0
1604534400,50.02,52.8,49.94,52.6,8837115.0
1604620800,52.24,53.25,51.42,52.98,5059674.0
1604880000,59.97,60.88,55.83,57.87,1.6292109E7
1604966400,58.35,59.4,57.07,58.57,8732631.0
1605052800,58.91,58.91,56.61,56.95,6309096.0
1605139200,55.64,56.96,55.11,55.56,5684493.0
1605225600,55.77,58.35,55.28,58.28,5945855.0
1605484800,59.98,60.2,58.14,58.38,7886583.0
1605571200,57.63,58.28,56.8,57.5,3541835.0
1605657600,57.37,58.39,56.8,57.33,2884977.0
1605744000,57.35,58.78,56.8,58.56,3631857.0
1605830400,58.03,58.35,55.85,55.9,7511521.0
1606089600,56.07,57.0,54.87,56.69,5988433.0
1606176000,57.92,58.86,57.35,58.08,5015717.0
1606262400,57.9,58.2,56.36,56.54,6092285.0
1606435200,56.59,57.17,56.45,56.59,1816947.0
1606694400,56.25,56.37,54.895,55.71,4883657.0
1606780800,56.59,57.34,56.09,56.62,3580787.0
1606867200,56.47,58.17,56.2,57.61,4799410.0
1606953600,58.58,59.75,58.1,58.66,5297941.0
1607040000,59.16,60.12,58.85,60.11,4913462.0
1607299200,59.87,59.9,58.545,58.94,3949493.0
1607385600,58.25,59.5,58.21,58.58,2739350.0
1607472000,58.73,58.9,57.36,57.99,3633050.0
1607558400,57.05,58.27,57.05,57.3,3231294.0
1607644800,57.35,57.8,56.31,56.75,3393102.0
1607904000,57.54,57.54,56.285,56.53,4622237.0
1607990400,57.27,58.17,56.26,57.87,3838302.0
1608076800,57.85,57.85,57.01,57.64,2801152.0
1608163200,58.34,58.41,56.76,57.34,3471885.0
1608249600,57.3,57.77,56.45,57.43,5737935.0
1608508800,55.68,57.45,55.215,56.88,3325949.0
1608595200,56.66,56.83,55.875,56.25,2708843.0
1608681600,56.29,57.7,56.29,57.19,2071169.0
1608768000,57.22,57.49,56.71,57.01,898101.0
1609113600,58.05,59.05,57.36,58.98,3956362.0
1609200000,59.35,59.63,58.07,58.11,3076791.0
1609286400,58.4,59.39,58.13,58.74,2179378.0
1609372800,58.86,59.8999,58.32,59.6,3255542.0
1609718400,59.8,60.29,57.32,57.95,1.0089641E7
1609804800,57.79,59.69,57.72,59.44,2879428.0
1609891200,59.05,60.25,57.98,58.54,4055074.0
1609977600,58.5,58.93,57.63,58.15,4685695.0
1610064000,58.28,59.79,57.01,57.92,6859943.0
1610323200,56.88,57.0,56.0611,56.41,5149779.0
1610409600,56.9,57.25,55.75,56.62,5035070.0
1610496000,56.33,56.55,54.08,55.3,8334657.0
1610582400,55.8,56.17,54.12,55.68,7756647.0
1610668800,55.37,55.73,53.33,53.44,9520110.0
1611014400,53.9,54.71,52.325,54.45,8101354.0
1611100800,54.62,55.36,54.09,54.43,5891420.0
1611187200,54.25,55.88,54.13,55.38,5027671.0
1611273600,54.49,54.75,53.52,54.18,4991395.0
1611532800,53.52,53.52,51.62,52.98,9109106.0
1611619200,52.98,53.59,52.39,52.42,6812661.0
1611705600,51.59,51.99,47.5,49.04,1.492209E7
1611792000,49.18,50.65,47.81,49.08,1.4898246E7
1611878400,49.01,49.34,47.4425,48.09,1.110528E7
1612137600,49.0,49.99,48.5,49.07,8370886.0
1612224000,49.75,52.69,49.42,52.16,1.0098217E7
1612310400,52.27,54.34,52.03,53.8,1.3358756E7
1612396800,54.07,54.3,52.36,52.95,6613257.0
1612483200,55.2,56.62,54.72,55.57,1.3006666E7
1612742400,55.45,55.58,54.0332,55.3,8163573.0
1612828800,55.25,55.25,54.11,54.4,7426791.0
1612915200,54.6,56.28,54.535,55.51,6111870.0
1613001600,55.45,55.82,54.55,55.0,4049901.0
1613088000,54.45,56.28,54.22,56.02,4995015.0
1613433600,56.66,57.6858,55.865,57.46,7314817.0
1613520000,57.13,59.0,56.65,57.99,5954226.0
1613606400,57.69,58.59,56.79,58.24,6579769.0
1613692800,58.46,60.58,58.41,60.18,8656031.0
1613952000,61.18,63.56,60.87,61.74,1.1614687E7
1614038400,64.25,64.94,60.86,64.38,1.5069429E7
1614124800,64.5,64.99,63.39,64.81,7553013.0
1614211200,64.73,65.15,62.1605,62.55,6352682.0
1614297600,62.51,63.5,61.53,62.6,5717514.0
1614556800,64.49,64.49,62.74,63.05,4360859.0
1614643200,63.09,65.1992,63.05,64.95,6506604.0
1614729600,66.29,66.765,64.64,65.82,1.0040627E7
1614816000,65.75,66.14,61.2,62.35,1.0263511E7
1614902400,62.76,63.18,59.1331,62.44,1.043887E7
1615161600,63.02,64.39,62.27,63.26,5308283.0
1615248000,63.57,63.59,61.91,62.12,6268021.0
1615334400,62.19,62.84,61.52,62.02,4994792.0
1615420800,62.46,64.29,61.8801,63.16,4634352.0
1615507200,62.92,63.61,62.34,62.45,3901299.0
1615766400,64.1,66.225,63.8,66.2,7522742.0
1615852800,66.26,66.62,64.49,64.97,4153869.0
1615939200,64.35,66.0,64.35,65.93,3344824.0
1616025600,65.9,66.21,64.5751,64.77,3274231.0
1616112000,64.58,65.02,63.7,63.74,6630846.0
1616371200,63.58,63.87,62.53,62.87,4208792.0
1616457600,61.8,62.49,59.05,59.35,8803442.0
1616544000,59.72,61.18,59.11,59.16,4988594.0
1616630400,58.47,60.8,57.77,60.72,4241098.0
1616716800,61.0,61.17,59.35,61.0,3665008.0
1616976000,60.62,61.085,59.25,59.72,3393074.0
1617062400,59.95,61.72,59.782,61.22,3613673.0
1617148800,61.24,61.395,60.275,60.76,4271580.0
1617235200,61.29,62.23,60.91,61.85,3918374.0
1617580800,62.78,63.48,62.52,62.6,3094711.0
1617667200,62.82,64.33,62.65,63.61,4249610.0
1617753600,63.6,63.77,61.735,62.13,3937321.0
1617840000,62.26,62.76,61.76,62.6,2298050.0
1617926400,62.03,62.3042,61.28,61.94,3232182.0
1618185600,61.73,61.88,61.17,61.61,2716226.0
1618272000,60.7,61.41,59.7283,61.0,3954798.0
1618358400,61.04,62.12,60.835,61.31,3587101.0
1618444800,61.46,61.91,60.95,61.29,2550754.0
1618531200,61.7,62.17,60.815,61.0,4704606.0
1618790400,61.27,61.43,60.314,60.62,3050288.0
1618876800,60.35,60.35,58.15,59.04,5960029.0
1618963200,59.61,61.19,58.79,60.76,5542259.0
1619049600,58.27,60.06,57.75,58.33,1.2097925E7
1619136000,58.7,59.95,58.41,59.76,5583522.0
1619395200,60.14,60.7,59.14,59.3,3317395.0
1619481600,59.3,61.15,58.93,60.73,8873342.0
1619568000,61.0,61.91,60.34,61.74,3628624.0
1619654400,62.4,62.85,60.35,61.19,4214242.0
1619740800,61.0,61.33,60.135,61.26,3792611.0
1620000000,61.32,61.81,60.715,61.06,3194197.0
1620086400,60.6,60.84,58.655,59.34,3994817.0
1620172800,59.99,60.34,59.42,59.46,4057159.0
1620259200,59.08,59.13,56.5536,57.27,7508237.0
1620345600,57.43,58.37,57.25,57.7,4328174.0
1620604800,58.04,58.75,57.1,57.14,5430102.0
1620691200,56.94,57.1799,55.8,56.24,6114578.0
1620777600,55.73,56.82,54.85,54.94,7048309.0
1620864000,55.17,56.2498,54.65,55.76,1.0967618E7
1620950400,56.01,58.32,55.52,57.9,7256767.0
1621209600,56.93,57.2,55.5446,56.76,5001763.0
1621296000,57.09,58.045,56.67,56.71,4224367.0
1621382400,55.49,56.2,55.29,56.13,4466276.0
1621468800,56.21,57.82,56.15,57.76,8089356.0
1621555200,58.3,58.67,57.68,57.72,5027655.0
1621814400,58.02,58.14,57.15,57.74,5311093.0
1621900800,58.085,58.245,57.13,57.67,4459390.0
1621987200,58.0,59.84,57.87,59.01,6644294.0
1622073600,59.17,59.35,58.365,58.56,4679987.0
1622160000,58.39,58.615,57.48,57.75,5644537.0
1622505600,58.59,59.28,58.01,59.2,5923406.0
1622592000,59.59,59.59,58.39,58.92,5142442.0
1622678400,58.37,58.63,56.74,56.76,6163131.0
1622764800,57.21,57.3,55.99,56.52,5762267.0
1623024000,56.27,56.53,55.99,56.52,3869079.0
1623110400,56.86,56.89,55.45,55.92,6738395.0
1623196800,56.01,56.25,54.94,55.09,6659422.0
1623283200,54.99,55.595,54.58,55.39,6563508.0
1623369600,55.39,55.65,54.8401,55.63,2849405.0
1623628800,55.63,55.795,54.1,54.15,5826360.0
1623715200,54.15,54.56,53.72,54.29,7104312.0
1623801600,54.5,55.05,53.88,54.37,4043043.0
1623888000,54.72,55.6,54.12,54.14,6224638.0
1623974400,53.43,53.7,52.92,53.0,7739417.0
1624233600,53.46,54.67,52.8,54.57,4590659.0
1624320000,54.0,54.07,53.45,53.6,6349403.0
1624406400,53.56,53.87,52.92,53.37,7196839.0
1624492800,53.83,53.83,51.35,51.92,1.7191568E7
1624579200,52.0,53.05,51.83,52.68,1.2448799E7
1624838400,52.25,52.39,51.005,51.37,6763499.0
1624924800,51.52,51.96,51.07,51.18,4348182.0
1625011200,51.94,53.0,51.84,52.69,9403569.0
1625097600,52.85,53.565,52.7842,53.13,5309326.0
1625184000,53.18,53.25,52.54,53.07,4181241.0
1625529600,53.01,53.13,51.42,51.53,4222044.0
1625616000,52.0,52.0,50.29,50.85,5005052.0
1625702400,50.0,50.97,49.5,50.25,6516652.0
1625788800,50.79,51.67,50.52,51.33,4396367.0
1626048000,50.65,51.2497,50.42,51.02,3537747.0
1626134400,50.63,50.95,50.17,50.49,4049174.0
1626220800,50.67,51.07,49.95,50.12,3634227.0
1626307200,49.67,49.93,49.02,49.44,4632266.0
1626393600,49.78,49.84,47.73,47.82,6461084.0
1626652800,46.2,47.95,46.1545,47.34,7003295.0
1626739200,47.17,48.2,46.7866,47.78,6829685.0
1626825600,48.21,49.63,48.06,49.42,7526455.0
1626912000,47.96,48.04,46.77,47.22,1.3374957E7
1626998400,47.06,47.53,45.7,45.77,1.1692497E7
1627257600,45.34,45.42,44.19,45.35,1.3267176E7
1627344000,44.59,45.06,43.14,43.62,1.1810227E7
1627430400,44.26,45.17,43.63,44.51,1.3116224E7
1627516800,44.59,44.76,42.9,42.99,1.6281588E7
1627603200,42.6,43.64,42.2,42.35,7717718.0
1627862400,42.89,43.16,41.45,41.51,1.0970883E7
1627948800,41.37,41.47,39.54,40.13,1.6185562E7
1628035200,39.82,40.4,38.74,38.86,1.172156E7
1628121600,39.12,41.12,39.07,40.77,1.1698274E7
1628208000,40.98,41.52,40.63,40.87,6931342.0
1628467200,40.84,40.85,39.5,40.64,8156955.0
1628553600,40.73,41.269,40.485,40.97,6456812.0
1628640000,40.9,41.16,40.39,40.99,6991163.0
1628726400,41.15,41.2,40.43,40.79,5931956.0
1628812800,40.74,40.8,39.82,39.96,5531524.0
1629072000,39.64,39.81,39.065,39.35,6974778.0
1629158400,38.9,39.04,38.1801,38.64,8165872.0
1629244800,38.71,39.05,38.125,38.32,6940890.0
1629331200,38.0,38.07,36.4199,36.77,1.9821168E7
1629417600,36.72,37.795,36.6,37.55,8893193.0
1629676800,38.54,39.77,38.16,39.73,1.3004044E7
1629763200,40.89,42.835,40.79,42.72,2.4200436E7
1629849600,42.87,43.37,42.09,43.24,1.1615129E7
1629936000,43.11,44.12,42.65,43.02,8170372.0
1630022400,43.04,44.05,42.99,43.91,7361345.0
1630281600,44.07,44.29,43.2901,43.44,5464748.0
1630368000,43.65,44.81,43.47,44.61,9639565.0
1630454400,45.13,45.36,44.08,44.12,7339273.0
1630540800,44.2,44.75,43.795,44.01,5238472.0
1630627200,43.78,44.01,42.85,43.13,5755177.0
1630972800,43.45,45.18,42.97,44.93,7481855.0
1631059200,44.84,45.5199,43.47,43.94,6849477.0
1631145600,43.89,44.515,43.51,43.67,4540158.0
1631232000,43.85,44.0,41.84,41.84,7063239.0
1631491200,42.02,43.1175,41.73,42.89,6256946.0
1631577600,39.3,39.81,36.93,38.71,5.1816142E7
1631664000,36.55,38.28,36.15,38.05,3.0369478E7
1631750400,37.09,37.79,36.45,37.52,2.2184389E7
1631836800,37.44,38.27,37.44,38.17,1.7758283E7
1632096000,36.9,38.26,36.71,37.69,1.4699568E7
1632182400,37.92,38.34,35.59,35.59,1.5596555E7
1632268800,35.87,36.8768,35.86,36.12,1.2403523E7
1632355200,36.58,37.73,36.32,37.28,1.0392439E7
1632441600,37.3,38.14,36.6,36.9,1.2205216E7
1632700800,36.9,38.58,36.86,37.9,1.0832701E7
1632787200,37.9,38.52,37.21,37.3,6471098.0
1632873600,37.4,37.565,36.385,36.4,8328172.0
1632960000,36.5,37.06,36.22,36.6,6684247.0
1633046400,37.28,38.405,37.07,38.18,8118994.0
1633305600,38.09,38.35,36.71,36.91,7120871.0
1633392000,37.105,38.0014,36.7,37.47,7631353.0
1633478400,37.11,37.43,36.52,36.75,1.1977627E7
1633564800,37.14,37.69,36.66,37.12,1.2755819E7
1633651200,37.3,38.32,37.05,38.22,8133152.0
1633910400,38.23,39.99,38.2,39.09,1.0367944E7
1633996800,39.28,40.5789,39.09,40.23,1.044668E7
1634083200,40.05,40.15,39.31,40.05,5516739.0
1634169600,40.57,40.88,39.96,40.37,5941450.0
1634256000,40.66,41.02,40.03,40.1,5368007.0
1634515200,40.11,40.58,39.57,40.04,5244315.0
1634601600,40.21,40.35,39.71,40.3,5414792.0
1634688000,40.55,40.9,39.252,39.52,1.0680666E7
1634774400,38.72,39.48,38.34,38.77,1.3877392E7
1634860800,38.65,38.79,37.81,38.0,6509861.0
1635120000,38.29,38.6,37.71,37.99,7050724.0
1635206400,38.66,39.74,38.5901,39.03,6876639.0
1635292800,39.1,40.99,38.81,40.3,1.0587555E7
1635379200,40.19,40.21,39.19,39.74,6825136.0
1635465600,39.75,40.5,38.68,38.81,8833691.0
1635724800,38.88,41.05,38.325,41.02,6788905.0
1635811200,40.59,40.74,39.94,40.7,5127821.0
1635897600,40.9,41.49,40.32,41.08,6084808.0
1635984000,41.27,41.33,39.72,39.74,5901768.0
1636070400,41.74,42.95,41.37,42.64,1.459148E7
1636329600,43.095,43.23,41.455,41.57,8229791.0
1636416000,41.58,41.835,40.65,41.08,5635678.0
1636502400,40.83,41.585,39.815,40.04,7939568.0
1636588800,39.92,40.36,39.45,39.5,6335722.0
1636675200,39.54,39.83,39.1,39.7,6667840.0
1636934400,39.94,41.535,39.94,41.34,7207696.0
1637020800,41.54,41.55,39.88,40.64,6907161.0
1637107200,40.24,40.71,39.01,39.29,5943273.0
1637193600,39.33,39.4,38.13,38.55,6435179.0
1637280000,38.02,38.785,37.82,38.26,9716329.0
1637539200,39.0,40.993,38.67,40.63,9261048.0
1637625600,40.99,41.18,39.61,39.81,6026333.0
1637712000,39.5,40.56,39.36,40.01,4957437.0
1637884800,37.33,37.98,36.61,37.87,1.531479E7
1638144000,37.96,38.495,37.2,37.26,1.0209948E7
1638230400,36.5,37.13,35.24,35.62,1.5398677E7
1638316800,36.3,37.45,33.945,33.98,1.0914351E7
1638403200,34.3,35.64,33.75,35.59,1.0494818E7
1638489600,35.52,35.55,33.87,34.28,7151378.0
1638748800,34.81,37.96,34.72,36.74,1.0168699E7
1638835200,37.45,38.03,36.92,37.07,7425307.0
1638921600,37.43,39.21,37.1,38.71,8871726.0
1639008000,38.19,38.885,38.04,38.11,5732007.0
1639094400,38.31,38.44,37.39,37.66,5972330.0
1639353600,36.9,37.33,36.22,36.93,7841409.0
1639440000,36.41,37.29,36.18,36.37,9286947.0
1639526400,36.2,36.35,35.145,36.01,9878897.0
1639612800,36.32,36.87,34.91,35.11,7956824.0
1639699200,34.94,35.78,34.04,35.44,1.2025075E7
1639958400,34.27,35.15,33.825,34.15,8641137.0
1640044800,34.535,37.21,34.535,37.02,9792673.0
1640131200,36.78,37.385,36.22,37.03,6241950.0
1640217600,39.02,39.38,37.53,38.59,1.2964041E7
1640563200,38.02,38.165,37.3081,37.87,7093662.0
1640649600,37.5,38.45,37.2,37.65,5100272.0
1640736000,37.38,37.715,36.95,37.19,4364879.0
1640822400,37.04,38.345,36.93,37.68,5882347.0
1640908800,37.55,38.21,37.4,37.64,4776400.0
