1483401600,46.88,46.9,46.52,46.795,1027752.0
1483488000,46.93,46.98,46.63,46.66,1335726.0
1483574400,46.62,46.6625,45.715,45.745,2789800.0
1483660800,45.775,45.935,45.52,45.7,2560436.0
1483920000,45.705,45.815,44.98,45.07,1672188.0
1484006400,44.92,45.085,44.875,44.895,1868742.0
1484092800,44.905,45.285,44.825,45.115,1001624.0
1484179200,45.005,45.385,44.92075,45.35,1415902.0
1484265600,45.27,45.845,45.27,45.685,2049202.0
1484611200,45.67,46.34,45.505,46.34,1474174.0
1484697600,46.41,46.555,46.325,46.53,930590.0
1484784000,46.47,46.555,46.375,46.505,1559852.0
1484870400,46.72,46.9,46.42,46.655,1173068.0
1485129600,46.65,46.655,46.4,46.585,923252.0
1485216000,46.61,47.245,46.605,47.025,2446186.0
1485302400,46.915,48.11,46.835,47.895,2777752.0
1485388800,47.88,48.07,47.675,47.8,1909780.0
1485475200,48.025,48.06,47.605,47.94,1793932.0
1485734400,47.92,47.975,47.42,47.74,1645906.0
1485820800,47.77,47.9,47.485,47.775,2460566.0
1485907200,47.635,47.825,47.125,47.275,1805698.0
1485993600,47.39,47.7925,47.3025,47.54,1532974.0
1486080000,47.86,48.23,47.639,47.93,1168610.0
1486339200,47.89,47.89,47.245,47.255,1494116.0
1486425600,47.305,47.91,47.305,47.78,1478138.0
1486512000,47.725,48.395,47.725,48.25,1884756.0
1486598400,48.07,48.775,48.07,48.525,1382934.0
1486684800,48.485,48.93,48.205,48.625,1277888.0
1486944000,48.625,48.76,48.38,48.64,1440052.0
1487030400,48.535,48.64,48.125,48.425,1121550.0
1487116800,48.335,48.535,47.54,48.52,1830976.0
1487203200,48.365,48.75,47.94,48.22,1777386.0
1487289600,47.935,48.89495,47.835,48.795,2576240.0
1487635200,48.915,49.365,48.77,49.26,2110340.0
1487721600,49.065,49.185,48.87,49.005,1339608.0
1487808000,49.085,49.705,48.94,49.455,2630416.0
1487894400,49.45,49.73,49.225,49.665,1542402.0
1488153600,49.615,49.83,48.68,48.75,1769720.0
1488240000,48.795,49.415,48.795,49.21,1618228.0
1488326400,49.17,49.67,48.76,49.53,1380890.0
1488412800,49.48,49.84,49.325,49.68,1130302.0
1488499200,49.66,49.73,49.42,49.715,1033716.0
1488758400,49.51,49.73,49.35,49.62,1031290.0
1488844800,49.62,49.84,49.47,49.5,1094014.0
1488931200,49.355,49.655,49.275,49.475,1191240.0
1489017600,49.59,50.06,49.5375,49.995,1316296.0
1489104000,50.24,50.4,49.955,50.16,1186178.0
1489363200,50.025,50.195,49.9405,50.19,1240478.0
1489449600,50.08,50.39,50.07,50.33,988158.0
1489536000,50.4,51.04,50.305,50.935,1484020.0
1489622400,50.955,51.03995,50.61555,50.74,1135252.0
1489708800,50.845,51.135,50.65,51.0,1728282.0
1489968000,50.99,51.11,50.815,51.01,1132494.0
1490054400,50.92,51.2075,50.755,50.835,1418618.0
1490140800,50.815,51.02,50.3875,50.68,1186176.0
1490227200,50.635,50.945,50.535,50.61,1008622.0
1490313600,50.715,50.845,50.455,50.505,1054268.0
1490572800,50.295,50.76,50.245,50.68,1742350.0
1490659200,50.0,50.46,49.12,49.215,3054984.0
1490745600,49.005,49.34,48.83,49.025,2915130.0
1490832000,48.875,48.99,48.55,48.765,1728250.0
1490918400,48.685,48.955,48.625,48.775,1729448.0
1491177600,49.1,49.46,48.805,49.075,1965926.0
1491264000,49.135,49.235,48.67,49.21,1719902.0
1491350400,49.605,50.44,49.53,50.32,2793122.0
1491436800,50.26,50.26,49.855,50.04,1770974.0
1491523200,50.14,50.14,49.78,49.795,1777250.0
1491782400,49.83,50.055,49.65,49.885,1226324.0
1491868800,49.72,49.97,49.49,49.835,1765354.0
1491955200,49.85,50.2825,49.665,49.92,2549032.0
1492041600,49.87,50.085,49.555,49.595,932754.0
1492387200,49.71,50.065,49.525,50.055,1380698.0
1492473600,50.08,50.675,50.08,50.345,1243954.0
1492560000,50.335,50.485,50.065,50.26,979316.0
1492646400,50.255,50.395,50.135,50.22,1058778.0
1492732800,50.18,50.29,50.13,50.2,945012.0
1492992000,50.385,50.5575,50.19,50.54,1589986.0
1493078400,50.545,50.6,50.0925,50.34,1136454.0
1493164800,50.365,50.45,49.855,49.86,1208756.0
1493251200,49.96,50.23,49.805,50.01,661540.0
1493337600,50.0,50.02,49.76,49.95,1320920.0
1493596800,50.015,50.115,49.595,49.595,611574.0
1493683200,49.62,49.82,49.45,49.68,1029654.0
1493769600,49.725,49.88,49.53,49.685,820444.0
1493856000,49.78,51.015,49.78,50.165,1466916.0
1493942400,50.25,50.525,49.91,50.08,987876.0
1494201600,50.06,50.385,49.895,50.21,854032.0
1494288000,50.195,50.27,49.79,49.86,742564.0
1494374400,49.855,49.995,49.765,49.985,804346.0
1494460800,49.795,50.045,49.7,50.02,825842.0
1494547200,49.955,50.025,49.655,49.7,765900.0
1494806400,49.69,50.205,49.66,50.155,1291082.0
1494892800,50.21,50.24,49.725,49.745,825436.0
1494979200,49.76,50.445,49.605,50.175,1189222.0
1495065600,50.205,50.235,49.81,50.055,1056574.0
1495152000,50.055,50.545,49.835,50.495,1025200.0
1495411200,50.5,51.195,50.315,51.135,747830.0
1495497600,51.185,51.595,51.0,51.265,854102.0
1495584000,51.37,51.77,51.22,51.755,695890.0
1495670400,51.8,52.24,51.66,52.09,761440.0
1495756800,52.135,52.41,52.0,52.24,669590.0
1496102400,52.17,52.17,51.645,51.86,612156.0
1496188800,51.94,52.27,51.895,52.075,938682.0
1496275200,52.265,52.735,52.03,52.735,1021058.0
1496361600,52.785,52.925,52.27,52.71,925984.0
1496620800,52.64,52.78,52.34,52.7,656236.0
1496707200,52.7,52.87,52.50505,52.64,670650.0
1496793600,52.78,53.115,52.59,52.96,883670.0
1496880000,52.99,52.99,52.07,52.255,875920.0
1496966400,52.105,52.36,52.005,52.2,773620.0
1497225600,52.15,52.45,51.865,52.27,760938.0
1497312000,52.25,52.65995,51.8125,52.49,632806.0
1497398400,52.615,53.25,52.445,52.705,869424.0
1497484800,52.645,52.905,52.385,52.765,925210.0
1497571200,52.405,52.44375,50.415,50.915,2611562.0
1497830400,51.105,51.25,50.385,51.08,1184854.0
1497916800,51.08,51.13,50.485,50.55,1154394.0
1498003200,50.765,50.905,49.96,50.01,1242266.0
1498089600,50.01,50.1,49.65,49.855,1280150.0
1498176000,49.995,50.33,49.8725,50.115,1215388.0
1498435200,50.33,50.545,50.14,50.205,997720.0
1498521600,49.725,50.135,49.26,49.265,1281136.0
1498608000,49.545,49.89,49.075,49.475,2154480.0
1498694400,49.035,49.22,47.55,47.68,3630432.0
1498780800,48.13,49.115,47.95,48.755,2569816.0
1499040000,48.935,49.0,48.555,48.65,1051510.0
1499212800,48.715,49.13,48.375,48.375,2002372.0
1499299200,47.97,48.125,47.765,47.87,1417330.0
1499385600,48.015,48.375,47.85,47.875,1244054.0
1499644800,48.06,48.06,47.475,47.485,1011672.0
1499731200,47.45,48.19,47.27,48.125,2514402.0
1499817600,48.45,48.825,48.35005,48.6,2648422.0
1499904000,48.69,48.69,48.205,48.47,2043502.0
1499990400,48.615,48.935,48.59,48.835,1474682.0
1500249600,48.805,48.805,48.52,48.64,1266898.0
1500336000,48.685,48.79,48.505,48.57,1830996.0
1500422400,45.25,46.405,45.125,46.035,9790040.0
1500508800,46.15,46.67,46.105,46.24,3731806.0
1500595200,46.21,46.84,46.21,46.835,3504546.0
1500854400,46.83,47.225,46.665,46.975,2155714.0
1500940800,47.095,47.425,46.915,47.405,2093644.0
1501027200,47.405,47.765,47.18,47.35,2232448.0
1501113600,47.455,47.625,47.065,47.625,1495428.0
1501200000,48.28,48.3,47.255,47.76,2025840.0
1501459200,47.775,47.95,47.525,47.65,2098126.0
1501545600,47.65,47.9242,47.275,47.625,1240412.0
1501632000,47.585,47.975,47.16,47.815,1915116.0
1501718400,47.825,48.09,47.52,47.59,1136306.0
1501804800,47.675,47.675,47.085,47.255,941654.0
1502064000,47.275,47.63,47.2615,47.525,857974.0
1502150400,46.975,47.435,46.465,46.505,3259278.0
1502236800,46.775,48.7195,46.775,47.88,1.1453038E7
1502323200,47.685,48.07,47.39,47.6,2850608.0
1502409600,47.77,48.8625,47.615,48.515,3925172.0
1502668800,48.715,49.86,48.67,49.015,2302128.0
1502755200,49.07,49.12,48.205,48.375,2574216.0
1502841600,48.375,49.225,48.3375,48.985,2051534.0
1502928000,48.81,49.1325,48.28,48.315,1763954.0
1503014400,48.26,48.395,47.845,48.045,1377008.0
1503273600,48.19,48.25,47.85,48.115,1913810.0
1503360000,48.2,48.745,48.06,48.65,1600012.0
1503446400,48.55,48.69835,48.375,48.53,874386.0
1503532800,48.48,48.635,47.385,47.39,2054322.0
1503619200,47.55,47.625,47.2205,47.455,1624214.0
1503878400,47.61,47.61,47.25,47.325,1463612.0
1503964800,47.32,47.775,47.25,47.68,1368704.0
1504051200,47.595,47.94,47.46,47.79,1146016.0
1504137600,47.555,47.805,47.395,47.565,1612262.0
1504224000,47.81,48.135,47.6,48.07,1560370.0
1504569600,48.0,48.435,47.79,48.135,1474292.0
1504656000,48.29,48.78,48.045,48.77,1611918.0
1504742400,48.855,49.095,47.9275,48.315,2199714.0
1504828800,48.17,48.835,48.025,48.8,2059950.0
1505088000,48.935,49.31,48.82,49.02,1928726.0
1505174400,48.97,49.375,48.57,49.335,2303950.0
1505260800,49.295,49.625,49.11,49.18,1265620.0
1505347200,49.11,49.375,48.845,49.235,1815414.0
1505433600,49.23,49.685,49.195,49.47,4597652.0
1505692800,49.74,49.77,49.265,49.465,1741150.0
1505779200,49.495,49.5,49.0,49.325,1599970.0
1505865600,49.075,49.21,48.66,48.86,1807046.0
1505952000,48.845,49.085,48.34,48.425,1397648.0
1506038400,48.555,48.77,48.01,48.03,1382136.0
1506297600,48.05,48.39,47.8,48.39,2214020.0
1506384000,48.47,48.825,48.28,48.64,2123228.0
1506470400,48.68,48.68,47.735,48.225,2743302.0
1506556800,49.54,51.33,49.535,50.825,5198012.0
1506643200,51.13,51.785,51.025,51.32,6363276.0
1506902400,51.32,51.38,49.73,49.885,3230692.0
1506988800,49.87,49.885,48.885,49.04,3540224.0
1507075200,49.26,50.07,48.955,49.885,4527854.0
1507161600,49.865,50.075,49.11,49.16,3427316.0
1507248000,48.895,49.125,48.75,49.09,3119296.0
1507507200,49.175,49.305,48.405,48.415,2456252.0
1507593600,48.605,48.875,48.44,48.725,1839380.0
1507680000,48.77,49.245,48.77,49.145,1388380.0
1507766400,49.215,49.62,49.145,49.51,1283222.0
1507852800,49.565,49.5875,49.19,49.255,1444570.0
1508112000,49.275,49.695,49.25,49.565,1041142.0
1508198400,49.52,49.6925,49.18,49.585,1338922.0
1508284800,49.645,49.765,49.39,49.57,1310260.0
1508371200,49.505,49.8,49.2,49.685,1819468.0
1508457600,49.86,49.885,49.395,49.63,1897406.0
1508716800,49.575,49.64,49.265,49.61,1668568.0
1508803200,49.585,49.735,49.33,49.58,1494476.0
1508889600,49.38,49.4775,49.01,49.435,1492578.0
1508976000,49.72,49.72,49.325,49.52,1252070.0
1509062400,49.455,49.715,49.23,49.68,1338340.0
1509321600,49.75,49.785,48.98,48.99,1826360.0
1509408000,49.335,50.085,49.17,49.765,1969764.0
1509494400,49.97,50.17,49.5575,49.925,2596432.0
1509580800,49.865,49.945,48.84,49.025,1769272.0
1509667200,49.005,49.175,48.37,48.45,2217370.0
1509926400,48.45,48.5,46.965,46.995,2701256.0
1510012800,46.915,47.695,46.85,47.59,2983586.0
1510099200,47.66,48.285,47.66,48.215,1714588.0
1510185600,48.22,48.42,47.69,47.755,1663856.0
1510272000,47.74,48.5386,47.715,48.46,1679454.0
1510531200,48.49,48.89,48.445,48.48,1564212.0
1510617600,48.405,49.305,48.275,49.29,2472994.0
1510704000,49.17,49.23,48.2,48.245,1598266.0
1510790400,48.575,49.98,48.495,49.775,2719874.0
1510876800,49.53,50.285,49.53,49.665,4644822.0
1511136000,49.685,50.64,49.685,50.04,2035856.0
1511222400,50.035,50.785,49.905,50.03,1739606.0
1511308800,49.945,50.07,49.35,49.505,1357850.0
1511481600,49.66,49.875,49.53,49.565,428566.0
1511740800,49.72,50.13,49.56,50.06,1446272.0
1511827200,50.13,50.485,49.96,50.405,1892242.0
1511913600,50.53,51.685,50.24,51.06,2312798.0
1512000000,51.28,51.97,50.86,51.09,3103792.0
1512086400,51.115,51.495,50.4,51.425,1849488.0
1512345600,51.645,52.37,51.45,52.24,1947996.0
1512432000,52.335,52.38,51.345,51.48,2024960.0
1512518400,51.475,51.8,51.39,51.5,1392888.0
1512604800,51.565,51.58,50.975,51.07,2133050.0
1512691200,51.015,51.175,50.445,50.58,2075476.0
1512950400,50.455,50.585,49.70525,50.26,2414564.0
1513036800,50.5,50.825,50.125,50.535,1951558.0
1513123200,50.735,50.735,50.175,50.48,1367782.0
1513209600,50.51,50.51,50.115,50.12,1174478.0
1513296000,50.295,50.905,50.25,50.715,2674294.0
1513555200,50.875,51.425,50.805,50.845,1555070.0
1513641600,51.025,51.43,50.785,50.785,1346614.0
1513728000,50.985,50.985,50.125,50.7,1511350.0
1513814400,50.815,50.885,50.495,50.575,1251706.0
1513900800,50.825,51.17,50.4875,50.96,956548.0
1514246400,50.99,51.35,50.95,51.005,695008.0
1514332800,51.205,51.3875,50.905,51.065,871698.0
1514419200,50.945,51.16,50.87,51.12,1761480.0
1514505600,51.235,51.53,50.92,50.955,1454664.0
1514851200,51.005,51.16,50.265,50.615,1736854.0
1514937600,50.54,50.775,50.185,50.735,1643272.0
1515024000,50.665,51.42,50.47,51.055,1523626.0
1515110400,51.255,51.65,50.8675,51.555,1822148.0
1515369600,51.41,51.795,51.34,51.61,1465648.0
1515456000,51.65,51.91,51.54,51.56,1139022.0
1515542400,51.215,51.4,50.62,50.79,1097316.0
1515628800,50.76,50.925,50.4075,50.5,1529410.0
1515715200,50.64,50.99,50.31,50.505,1145448.0
1516060800,50.525,50.99,50.47,50.645,1868774.0
1516147200,50.88,51.5475,50.715,51.325,1384716.0
1516233600,51.395,51.63,51.05,51.455,1981010.0
1516320000,50.945,50.95,49.285,49.595,5783032.0
1516579200,49.67,50.0,49.21,49.565,2562002.0
1516665600,49.455,49.7,49.17,49.445,2847066.0
1516752000,49.665,50.495,49.495,50.045,3562198.0
1516838400,51.85,53.095,51.5,52.545,5561110.0
1516924800,52.375,53.78,52.13,53.725,3120792.0
1517184000,53.68,54.485,53.275,53.89,2908174.0
1517270400,53.905,54.31,53.715,53.985,2478634.0
1517356800,54.065,54.835,53.88,54.385,3799364.0
1517443200,54.355,54.535,53.705,53.76,2453110.0
1517529600,53.495,53.495,51.755,51.78,2492922.0
1517788800,51.695,52.125,50.765,50.765,3203288.0
1517875200,50.26,51.47385,49.745,51.23,3207698.0
1517961600,51.02,52.185,51.015,51.33,2069460.0
1518048000,51.465,52.245,50.665,50.68,2191230.0
1518134400,51.075,51.275,49.935,50.92,2126052.0
1518393600,51.095,51.565,51.01,51.15,1394278.0
1518480000,50.955,51.61,50.635,51.355,1188914.0
1518566400,51.1,51.945,50.74,51.88,1253226.0
1518652800,52.0,52.45,51.095,52.405,1184700.0
1518739200,52.195,52.935,51.88,52.75,1175976.0
1519084800,52.745,52.83,52.03,52.3,1800622.0
1519171200,52.25,52.93,52.0,52.03,1642226.0
1519257600,52.16,52.925,52.025,52.53,1896868.0
1519344000,52.545,53.3125,52.0775,53.11,1777244.0
1519603200,53.105,53.865,52.865,53.71,2212492.0
1519689600,53.865,54.225,53.295,53.295,2137578.0
1519776000,53.56,54.07,53.29,53.39,2484026.0
1519862400,53.16,54.11,53.09,53.37,2567118.0
1519948800,53.145,54.215,53.105,54.145,1297592.0
1520208000,53.98,55.075,53.98,54.87,2473572.0
1520294400,54.835,55.135,54.335,55.03,1840610.0
1520380800,54.6,54.96,54.38,54.595,1595718.0
1520467200,54.59,54.815,54.35,54.81,1205254.0
1520553600,55.0,55.285,54.69,55.27,2540432.0
1520812800,55.355,55.73,55.15,55.345,1111186.0
1520899200,55.645,55.645,55.255,55.37,1311332.0
1520985600,55.51,55.69,55.1374,55.28,1554096.0
1521072000,55.31,55.47,54.3,54.485,1295234.0
1521158400,54.405,54.7735,53.85,53.905,2558936.0
1521417600,53.82,54.45,53.645,53.935,1400876.0
1521504000,54.035,54.285,53.625,53.875,1355574.0
1521590400,53.5,53.84,52.46,53.52,2303892.0
1521676800,53.425,54.11,53.265,53.28,2141400.0
1521763200,53.415,54.06,52.825,52.86,2212920.0
1522022400,53.265,53.63,52.815,53.485,3519398.0
1522108800,55.02,55.535,53.095,53.675,4693334.0
1522195200,54.795,54.795,52.76,52.975,5050780.0
1522281600,53.075,53.64,53.035,53.195,2432620.0
1522627200,53.215,53.275,51.615,51.915,2637114.0
1522713600,52.055,52.295,51.645,52.015,3244920.0
1522800000,51.685,52.94,51.685,52.52,2347148.0
1522886400,52.79,52.88,52.135,52.65,1617684.0
1522972800,52.3,53.095,51.8425,52.1,1857612.0
1523232000,52.25,53.15,52.045,52.71,1886262.0
1523318400,52.85,53.045,52.51,52.86,1967640.0
1523404800,52.72,53.415,52.72,53.295,1651234.0
1523491200,53.365,53.4825,52.495,52.54,1828780.0
1523577600,52.725,53.0646,52.315,52.9,1414604.0
1523836800,53.22,53.865,52.735,53.63,1218448.0
1523923200,53.825,54.465,53.57,54.225,1738374.0
1524009600,54.205,54.44,53.88,54.065,1024244.0
1524096000,53.825,53.92,53.02,53.225,1616560.0
1524182400,53.275,53.5,51.5075,51.62,3138268.0
1524441600,51.65,51.935,51.37,51.885,1443526.0
1524528000,52.075,52.2325,51.435,51.83,1441730.0
1524614400,51.82,52.75,51.715,52.595,2089586.0
1524700800,53.075,53.475,52.345,53.425,2003904.0
1524787200,53.51,53.615,53.185,53.345,1509368.0
1525046400,53.48,53.69,52.665,52.705,2785998.0
1525132800,52.405,52.52,51.905,52.35,1611986.0
1525219200,52.24,52.32,50.69,50.81,2550108.0
1525305600,50.87,51.12,50.41,50.515,2178176.0
1525392000,50.46,51.855,50.455,51.6,1369810.0
1525651200,51.605,52.29,51.605,52.025,1070448.0
1525737600,51.905,52.3069,51.905,52.195,1608666.0
1525824000,52.345,53.005,52.1875,52.68,1081220.0
1525910400,53.14,53.8,52.8575,53.7,1624736.0
1525996800,53.7,54.035,53.35,53.51,1629916.0
1526256000,53.565,53.6475,53.225,53.465,1133442.0
1526342400,53.125,53.345,52.6475,52.985,1514566.0
1526428800,52.945,53.315,52.7,53.31,1234810.0
1526515200,53.215,53.315,52.32,52.575,2069006.0
1526601600,52.0,52.323,50.3875,51.475,3669632.0
1526860800,51.665,51.805,51.05,51.46,1694686.0
1526947200,51.595,52.12,51.065,51.16,1784662.0
1527033600,51.175,51.66,51.1336,51.495,1572122.0
1527120000,51.565,51.61,50.985,51.595,1193162.0
1527206400,51.57,52.49,51.48,51.72,1337530.0
1527552000,51.43,51.8075,51.255,51.475,1360760.0
1527638400,51.59,52.18,51.15,52.01,1635300.0
1527724800,52.045,52.045,50.12,50.5,2797828.0
1527811200,50.635,50.635,50.085,50.255,2263064.0
1528070400,50.44,51.055,50.275,50.615,1544328.0
1528156800,50.68,50.68,50.01,50.42,1764744.0
1528243200,50.485,50.64,50.02,50.6,2147002.0
1528329600,50.34,51.31,49.765,50.525,1990878.0
1528416000,50.67,51.785,50.6,51.74,2171274.0
1528675200,51.935,52.92,51.935,52.585,2592000.0
1528761600,52.575,52.75,51.915,52.59,1384884.0
1528848000,52.665,52.89,52.17,52.36,1437624.0
1528934400,52.44,52.995,52.11,52.93,1658902.0
1529020800,52.97,53.32,52.765,53.2,2676622.0
1529280000,53.04,53.29,52.44,52.775,1459352.0
1529366400,52.655,53.135,52.485,52.875,1823628.0
1529452800,52.875,53.11,52.595,52.905,1700764.0
1529539200,52.95,53.075,52.415,52.535,1427090.0
1529625600,52.265,53.24,52.265,53.045,4701996.0
1529884800,53.025,53.535,52.67,53.43,1973780.0
1529971200,53.45,53.93,52.8,53.27,2120772.0
1530057600,53.32,54.14,52.83,52.965,2415020.0
1530144000,54.625,58.91,54.1,57.415,8311688.0
1530230400,57.545,58.565,56.945,58.045,4227284.0
1530489600,58.085,58.79,57.405,57.84,3173788.0
1530576000,58.07,58.305,57.485,57.655,1892004.0
1530748800,58.0,59.085,57.7959,59.06,3281686.0
1530835200,59.14,59.93,58.72,59.69,2583492.0
1531094400,59.935,60.115,59.59,59.84,2304768.0
1531180800,59.76,60.0,58.72,58.96,2063776.0
1531267200,58.93,59.31,58.54,59.155,1668282.0
1531353600,59.565,59.8,58.79,59.02,1224868.0
1531440000,58.81,59.635,58.795,59.57,1086486.0
1531699200,59.575,59.665,59.06,59.235,1434400.0
1531785600,59.065,59.745,59.065,59.71,1243140.0
1531872000,59.65,59.65,58.605,58.76,1251258.0
1531958400,58.635,59.45,58.585,59.06,1332224.0
1532044800,59.21,59.21,58.6,58.915,1223046.0
1532304000,58.925,59.025,58.22,58.6,1104490.0
1532390400,58.62,58.815,57.975,58.585,1716102.0
1532476800,58.49,58.92,58.175,58.84,1587540.0
1532563200,59.225,59.785,58.845,59.39,1550352.0
1532649600,59.535,59.57,58.82,58.87,1160698.0
1532908800,58.595,58.615,57.9975,58.34,1865342.0
1532995200,58.56,58.955,58.18,58.77,1947636.0
1533081600,58.845,59.1975,58.325,58.73,1364738.0
1533168000,58.74,59.97,58.7275,59.815,1430762.0
1533254400,60.02,61.29,59.945,60.76,1691778.0
1533513600,60.96,61.15,60.705,60.93,978250.0
1533600000,60.9,60.93,60.23,60.485,2723424.0
1533686400,60.49,60.89,60.13675,60.67,1210170.0
1533772800,60.655,60.865,60.13,60.41,1110074.0
1533859200,60.15,60.72,59.82,60.5,928186.0
1534118400,60.59,60.765,60.18,60.54,799990.0
1534204800,60.53,61.105,60.44,61.035,1156840.0
1534291200,61.045,62.085,61.03,62.065,1563544.0
1534377600,62.25,62.925,62.25,62.695,2529184.0
1534464000,62.645,63.27,62.5075,63.2,1259340.0
1534723200,63.28,63.435,62.98,63.265,1606606.0
1534809600,63.245,63.42,61.5,61.93,1491594.0
1534896000,61.75,61.915,61.1625,61.785,929200.0
1534982400,61.575,61.98,61.49,61.97,893094.0
1535068800,61.95,62.255,61.62,62.13,625576.0
1535328000,62.355,62.455,61.455,61.87,894716.0
1535414400,61.68,61.9225,61.275,61.565,814882.0
1535500800,61.86,62.17,61.54,62.115,910888.0
1535587200,61.855,62.2225,61.63,61.83,832054.0
1535673600,62.03,62.5,61.86,62.44,1092970.0
1536019200,62.265,63.41,62.265,63.12,1198652.0
1536105600,63.11,63.93,62.965,63.865,1178900.0
1536192000,63.75,64.88,63.395,64.78,2016340.0
1536278400,64.575,65.43,64.25,65.3,1981888.0
1536537600,65.415,65.905,65.31,65.755,1162308.0
1536624000,65.73,65.9375,65.0,65.1,1852830.0
1536710400,65.245,65.695,64.86,65.585,1618462.0
1536796800,65.76,65.76,64.97,65.64,1572290.0
1536883200,65.635,66.175,65.405,66.145,1081150.0
1537142400,66.105,66.41685,65.705,66.335,1183108.0
1537228800,66.145,66.145,64.7425,65.62,1138284.0
1537315200,65.55,65.855,64.81,64.945,1215072.0
1537401600,65.0,65.11625,64.382,65.05,1458024.0
1537488000,65.075,65.465,64.895,65.11,2203140.0
1537747200,65.0,65.41,64.685,64.81,1120118.0
1537833600,64.895,65.335,64.585,64.635,1516738.0
1537920000,64.66,65.32,64.55,64.945,2526842.0
1538006400,62.25,64.785,61.0,64.145,3519176.0
1538092800,64.255,65.99,64.095,65.875,2262380.0
1538352000,66.0,66.56,65.4,66.31,1656852.0
1538438400,66.365,67.86,66.095,66.7,3472616.0
1538524800,66.92,67.415,66.405,67.01,2540600.0
1538611200,66.68,67.89,66.4025,67.855,2310386.0
1538697600,67.49,68.12,67.49,67.875,1647192.0
1538956800,67.815,68.205,67.59,68.035,1690708.0
1539043200,68.21,68.565,67.64,67.91,1367728.0
1539129600,68.07,68.665,67.065,67.15,2075376.0
1539216000,67.33,67.445,65.695,65.835,2164858.0
1539302400,66.175,66.635,65.46,66.41,2492038.0
1539561600,66.4,67.65,66.275,67.135,1211954.0
1539648000,67.43,68.715,67.195,68.52,1497580.0
1539734400,68.465,68.905,67.59,68.845,1915914.0
1539820800,69.02,69.41,68.31,68.735,1237730.0
1539907200,69.255,70.54,69.215,70.325,2645728.0
1540166400,70.34,71.015,69.75,70.705,1962974.0
1540252800,69.985,70.815,69.39,70.515,2067932.0
1540339200,70.66,71.81,70.24945,70.645,2365340.0
1540425600,70.245,70.345,69.325,69.835,3044542.0
1540512000,69.43,69.57,68.3225,69.195,2443590.0
1540771200,69.685,70.81,69.52,70.215,1594992.0
1540857600,70.215,72.52,70.1,72.375,3325862.0
1540944000,71.75,72.47,70.75,72.0,3974156.0
1541030400,72.145,73.285,71.685,72.6,2551640.0
1541116800,72.72,72.98,71.0425,71.73,2704288.0
1541376000,72.035,73.6,71.9975,73.425,1946958.0
1541462400,73.435,74.29,73.08,74.25,1816720.0
1541548800,74.635,75.295,74.33,75.005,2170596.0
1541635200,75.0,75.71,74.4,75.67,2089770.0
1541721600,75.475,75.655,74.5775,75.2,2343462.0
1541980800,75.215,75.67,74.185,74.615,2529412.0
1542067200,74.505,74.77,73.46,74.105,3250028.0
1542153600,74.145,74.57,73.425,73.845,2702062.0
1542240000,73.835,75.21,73.33,74.32,2781242.0
1542326400,74.24,75.355,73.955,75.0,3743568.0
1542585600,74.965,75.68,74.375,74.575,1870660.0
1542672000,74.55,74.765,73.25,73.335,2669972.0
1542758400,73.315,73.8075,72.05,72.22,2735742.0
1542931200,72.005,72.95,71.695,72.59,1839014.0
1543190400,72.865,73.03775,71.925,72.37,2979036.0
1543276800,72.79,73.7,72.235,73.56,2293200.0
1543363200,73.645,73.98,73.03,73.98,1825052.0
1543449600,73.96,75.195,73.88,74.525,1761992.0
1543536000,74.485,75.1,74.29,75.0,2676118.0
1543795200,75.325,75.865,74.78,75.75,2298132.0
1543881600,75.81,77.16,75.6,75.78,2106248.0
1544054400,75.85,76.24,74.08,75.815,2571618.0
1544140800,75.88,76.045,74.725,75.195,1566558.0
1544400000,75.405,75.655,73.8025,75.625,2306500.0
1544486400,76.095,77.35,75.74,76.455,1848748.0
1544572800,77.215,77.895,76.895,77.445,2281244.0
1544659200,77.33,78.0,76.88,77.915,1733358.0
1544745600,77.645,77.755,75.655,75.785,2120160.0
1545004800,75.45,75.8,72.6,73.065,3624344.0
1545091200,73.28,74.11,72.3625,72.84,3057942.0
1545177600,73.53,74.305,70.845,70.975,5363530.0
1545264000,70.695,71.55,68.775,69.525,4507866.0
1545350400,69.495,71.93,68.885,69.07,4311970.0
1545609600,69.02,69.09,67.025,67.025,1425582.0
1545782400,67.29,69.17,67.01,69.17,1690406.0
1545868800,68.665,70.05,67.595,70.02,2011560.0
1545955200,70.06,70.29,68.72,69.505,2586222.0
1546214400,69.72,69.92,68.9,69.62,1316534.0
1546387200,68.89,69.075,67.2425,67.81,3677156.0
1546473600,67.835,69.05,67.7625,68.13,2306238.0
1546560000,68.34,69.335,68.045,68.335,2890660.0
1546819200,68.35,70.075,68.145,68.92,2660846.0
1546905600,68.96,70.19,68.6407,70.15,2451738.0
1546992000,70.035,70.795,69.78,70.145,2091692.0
1547078400,69.985,70.485,69.16,70.44,2475168.0
1547164800,70.54,70.67,69.5,70.06,1898072.0
1547424000,69.39,69.97,69.1897,69.695,1932854.0
1547510400,69.955,70.88,69.535,70.395,1525940.0
1547596800,70.37,70.62,69.52,69.785,2424276.0
1547683200,69.77,70.24845,69.305,70.24,1846320.0
1547769600,70.745,70.98,69.275,69.72,3208950.0
1548115200,69.765,69.955,68.295,69.4,3455706.0
1548201600,69.73,69.73,68.805,69.5,2354618.0
1548288000,60.095,62.9395,59.5,62.175,1.5280932E7
1548374400,62.515,62.615,60.5,60.68,6080684.0
1548633600,60.055,60.925,59.86,60.925,4483076.0
1548720000,60.94,61.305,60.03,60.595,3248142.0
1548806400,60.89,62.025,60.865,61.31,3182914.0
1548892800,61.095,62.65,61.095,61.82,4295216.0
1548979200,61.855,61.9345,61.265,61.53,2822484.0
1549238400,61.72,61.96,60.2425,60.89,4371750.0
1549324800,61.03,62.5,61.01,62.395,3987130.0
1549411200,62.185,62.33,61.425,61.58,1977762.0
1549497600,60.93,62.495,60.85,62.425,2200460.0
1549584000,62.08,63.375,62.055,63.345,2737350.0
1549843200,63.34,63.78,62.955,63.745,2507636.0
1549929600,63.885,64.855,63.47,64.375,2610768.0
1550016000,64.42,64.75,63.925,64.295,1935348.0
1550102400,63.975,64.19995,63.48,63.7,1859440.0
1550188800,64.215,64.62,64.06,64.235,3832108.0
1550534400,64.345,65.3575,64.2,64.845,2660392.0
1550620800,64.755,65.565,64.6157,65.21,2031072.0
1550707200,65.335,66.97,65.295,66.88,3491704.0
1550793600,66.065,67.92,65.585,67.87,3914542.0
1551052800,67.915,67.975,66.3425,66.715,2688178.0
1551139200,67.175,67.185,66.385,66.52,1486308.0
1551225600,66.235,67.425,66.105,67.375,1524138.0
1551312000,67.385,68.1075,67.32,67.99,1639974.0
1551398400,68.08,68.66,67.8,68.355,1488724.0
1551657600,68.65,68.675,66.685,67.735,1526070.0
1551744000,67.65,68.16,67.48,67.915,2349714.0
1551830400,67.95,68.345,67.71,68.235,1102356.0
1551916800,68.325,68.68,67.735,67.815,1854726.0
1552003200,67.98,68.6,67.88,68.525,1463490.0
1552262400,68.415,69.575,68.305,69.54,1721680.0
1552348800,69.55,69.775,68.8225,69.2,2182846.0
1552435200,69.43,69.84,69.23,69.6,2063776.0
1552521600,69.77,69.935,69.405,69.73,1263078.0
1552608000,69.655,70.005,69.255,69.995,2824712.0
1552867200,69.82,70.58,69.81,70.355,1401278.0
1552953600,70.375,70.72,69.755,70.15,1897770.0
1553040000,70.305,70.31,69.47,69.695,2290550.0
1553126400,69.84,71.74625,69.38945,71.64,1691216.0
1553212800,71.625,72.095,70.98,71.185,2691198.0
1553472000,71.3,72.175,70.97,71.965,3276024.0
1553558400,72.46,73.734,71.975,72.68,3047264.0
1553644800,73.16,74.13,72.835,73.695,2058782.0
1553731200,73.835,74.405,73.525,74.35,5767438.0
1553817600,74.43,75.445,74.245,75.315,2500626.0
1554076800,75.28,75.41,74.305,75.175,2445540.0
1554163200,75.235,75.52,74.615,75.505,2096926.0
1554249600,75.395,75.825,74.78,75.605,2645304.0
1554336000,75.67,76.135,75.355,76.0,3507444.0
1554422400,75.72,76.325,75.27,75.945,2179128.0
1554681600,75.705,76.645,74.395,76.64,3392876.0
1554768000,76.4,76.815,76.1675,76.65,2108256.0
1554854400,76.79,77.43,76.59,77.285,2327844.0
1554940800,77.15,77.5,76.67,77.02,1250636.0
1555027200,76.62,77.495,76.53,76.93,989386.0
1555286400,76.91,77.5,76.84,77.49,1269826.0
1555372800,77.45,77.55,76.345,76.6,2168946.0
1555459200,76.88,77.06,75.935,76.23,1154474.0
1555545600,76.56,77.425,75.565,77.19,1359024.0
1555891200,77.165,77.295,75.84,76.335,2227486.0
1555977600,76.455,76.53,75.48,75.64,1579400.0
1556064000,75.885,76.17,75.215,75.665,1360920.0
1556150400,75.125,75.75,74.77,75.485,1299048.0
1556236800,75.58,76.435,75.3335,76.42,1025616.0
1556496000,76.14,76.89,76.14,76.685,1146878.0
1556582400,76.685,77.345,76.535,76.985,2814922.0
1556668800,76.915,77.12,76.18,76.245,1213982.0
1556755200,76.005,76.77,75.34,76.415,1327476.0
1556841600,76.56,76.64,75.9758,76.08,899444.0
1557100800,75.83,76.895,75.51,76.565,1798052.0
1557187200,76.335,76.735,75.86,76.545,1745196.0
1557273600,76.5,77.5,76.29115,77.125,1234106.0
1557360000,76.99,77.84,76.575,77.465,2126048.0
1557446400,77.38,78.5,76.79,78.335,1141446.0
1557705600,77.475,77.5,76.0,77.005,2596230.0
1557792000,77.24,77.955,77.015,77.265,1674222.0
1557878400,76.95,77.89,76.855,77.505,1219284.0
1557964800,77.64,78.435,77.13,77.92,1308862.0
1558051200,77.54,78.44,77.235,77.53,1219982.0
1558310400,77.27,77.915,77.14,77.46,1113694.0
1558396800,77.775,77.77945,76.745,76.865,1190342.0
1558483200,76.92,77.86,76.4,77.8,1385232.0
1558569600,77.465,78.355,77.17,78.135,1279550.0
1558656000,78.13,78.365,77.3,77.595,972738.0
1559001600,77.555,78.05,76.395,76.44,4604622.0
1559088000,76.255,76.715,76.05,76.505,1467558.0
1559174400,76.635,77.665,76.625,77.625,1027274.0
1559260800,77.43,78.165,76.755,78.02,1147122.0
1559520000,78.215,78.7,77.71,78.55,1606230.0
1559606400,78.865,79.095,76.355,76.56,1957040.0
1559692800,77.345,78.27,76.74,78.205,1980234.0
1559779200,78.28,79.165,77.795,78.86,1324176.0
1559865600,79.0,79.785,78.65,78.9,1374256.0
1560124800,78.875,79.04,78.09505,78.47,875656.0
1560211200,78.45,79.05,78.035,78.39,1243868.0
1560297600,78.805,79.125,78.155,78.555,1142230.0
1560384000,78.555,78.995,77.405,78.425,1220202.0
1560470400,78.33,78.74,78.1,78.3,829924.0
1560729600,78.41,78.59,76.705,77.74,1227438.0
1560816000,78.01,78.18,76.5852,76.82,1955842.0
1560902400,76.815,78.18,76.6125,77.875,1373964.0
1560988800,78.09,78.605,77.11,77.985,1418786.0
1561075200,77.99,77.99,77.13,77.205,2121598.0
1561334400,77.335,77.41,76.62,77.075,1329826.0
1561420800,77.42,77.73,76.345,76.545,2434322.0
1561507200,76.1,76.1,74.3275,75.315,2948140.0
1561593600,73.0,78.095,73.0,77.935,4103644.0
1561680000,77.245,77.895,75.205,77.505,6430832.0
1561939200,77.52,78.24,77.17,77.85,1821236.0
1562025600,77.85,79.035,77.63,79.0,2027044.0
1562112000,79.285,81.315,78.995,81.18,1788204.0
1562284800,80.605,81.24,79.785,80.72,1514404.0
1562544000,80.69,80.975,79.685,79.85,1410932.0
1562630400,79.88,79.92,78.862,79.035,1560934.0
1562716800,79.215,79.3506,78.605,78.725,1757926.0
1562803200,78.735,79.055,77.975,78.5,1326910.0
1562889600,78.75,79.34,78.245,79.255,963904.0
1563148800,79.455,80.3,79.28,79.94,2077778.0
1563235200,80.0,80.36,79.4325,79.86,894760.0
1563321600,79.97,80.35,79.675,80.03,905172.0
1563408000,80.245,80.8,79.81805,80.09,1378330.0
1563494400,80.075,80.4,79.36,79.375,850850.0
1563753600,79.54,79.865,79.145,79.43,934910.0
1563840000,79.725,79.88,79.085,79.265,892670.0
1563926400,79.08,79.42,78.375,79.415,1099282.0
1564012800,79.15,80.63,78.885,80.295,1173840.0
1564099200,80.565,81.505,80.015,81.285,1428670.0
1564358400,81.455,81.455,80.43,81.24,1050840.0
1564444800,81.25,81.85,80.37,80.675,1003652.0
1564531200,80.465,80.725,78.51,79.27,1345452.0
1564617600,79.63,79.72,78.64,78.725,1533364.0
1564704000,79.11,80.2325,78.835,79.59,1527340.0
1564963200,79.655,80.095,76.965,77.37,4073880.0
1565049600,77.505,78.58,77.09,77.755,2848474.0
1565136000,77.55,80.03,76.895,79.83,2387710.0
1565222400,79.99,81.205,79.52,81.11,1424588.0
1565308800,81.155,82.355,80.945,81.75,1155448.0
1565568000,81.6,82.76,81.595,82.55,1442604.0
1565654400,82.5,83.865,82.47315,83.565,2367284.0
1565740800,83.345,84.8675,82.9745,83.325,2536562.0
1565827200,83.395,85.045,83.315,84.5,1801064.0
1565913600,84.885,85.305,84.13,84.97,4237262.0
1566172800,85.355,85.54995,82.43005,84.28,1864848.0
1566259200,82.84,82.94,80.275,80.615,2714242.0
1566345600,80.53,81.025,79.75,80.505,1231184.0
1566432000,80.505,81.4,80.26,81.19,1579666.0
1566518400,81.34,81.3775,80.03,80.4,1141176.0
1566777600,80.875,81.225,80.34995,80.795,1060112.0
1566864000,80.645,81.775,80.47,81.515,1738782.0
1566950400,81.375,82.31,81.13,81.93,989956.0
1567036800,82.365,82.375,81.37,81.565,1375032.0
1567123200,81.96,82.185,81.34635,81.435,1184002.0
1567468800,81.35,82.14,81.1,82.055,1690752.0
1567555200,82.33,82.695,81.585,82.585,897836.0
1567641600,82.855,82.895,81.54,81.875,1149902.0
1567728000,82.24,82.54,81.755,82.49,1134118.0
1567987200,82.475,82.475,80.275,80.6,1359868.0
1568073600,80.175,80.28,77.05,78.0,3555716.0
1568160000,77.625,79.435,77.47,78.715,1477324.0
1568246400,79.505,80.535,78.79,78.905,1128872.0
1568332800,78.435,79.445,77.915,78.56,967294.0
1568592000,78.225,79.4875,78.125,79.14,799810.0
1568678400,79.37,80.54,79.295,79.49,1284682.0
1568764800,79.845,80.09,78.715,79.625,1237824.0
1568851200,79.835,80.495,79.595,80.015,1168362.0
1568937600,80.335,80.635,80.045,80.07,1832324.0
1569196800,80.52,81.415,79.855,79.905,908234.0
1569283200,80.39,80.99,79.435,79.92,1377744.0
1569369600,80.09,80.63,79.68,80.275,1036476.0
1569456000,80.935,80.985,80.135,80.3,1108622.0
1569542400,80.535,80.62,77.965,78.4,1681650.0
1569801600,78.41,78.82,78.005,78.15,2042212.0
1569888000,79.37,84.43,79.325,83.475,6271212.0
1569974400,82.83,83.22,81.255,82.37,2519686.0
1570060800,82.505,83.99,82.45,83.675,2152690.0
1570147200,83.675,84.5,83.395,84.48,1158410.0
1570406400,84.115,84.565,83.38,84.11,1185442.0
1570492800,84.16,84.22,83.32,83.32,1129840.0
1570579200,83.39,83.5525,82.18,83.2,1133826.0
1570665600,82.545,83.61,82.175,82.845,1216414.0
1570752000,82.975,82.975,82.025,82.38,1240468.0
1571011200,82.5,82.965,81.38,81.505,923370.0
1571097600,81.825,81.83,80.41,80.5,1109118.0
1571184000,80.73,80.73,79.8743,80.215,1144376.0
1571270400,80.44,81.59,80.23,81.05,1046628.0
1571356800,80.92,81.13495,80.765,80.795,1148532.0
1571616000,80.695,81.44,80.587,81.19,1089106.0
1571702400,81.44,81.71,80.23,80.25,1304194.0
1571788800,80.325,80.57495,79.6,80.23,969136.0
1571875200,80.205,80.26,79.47,80.0,888474.0
1571961600,80.105,80.175,79.095,79.69,1112272.0
1572220800,79.955,80.205,79.505,80.11,1085008.0
1572307200,80.17,81.555,80.01,81.21,916188.0
1572393600,81.365,81.955,80.725,81.53,993414.0
1572480000,81.43,81.53,80.0,80.345,1224336.0
1572566400,80.41,81.01,80.11,80.315,814548.0
1572825600,80.25,80.6525,78.805,79.23,1897420.0
1572912000,79.04,79.805,78.93,79.51,1629688.0
1572998400,79.63,80.315,79.36,79.66,1145402.0
1573084800,79.5,80.295,78.945,80.215,1041106.0
1573171200,80.035,80.24,79.245,79.845,1203122.0
1573430400,79.755,80.375,79.67505,80.22,1106686.0
1573516800,80.215,80.605,79.8,80.56,1025468.0
1573603200,80.615,81.91,80.38,81.83,1111718.0
1573689600,81.98,82.06,81.335,81.555,937366.0
1573776000,81.495,81.495,80.35,81.19,3128636.0
1574035200,81.235,82.79,80.465,82.735,1830160.0
1574121600,82.725,83.2025,82.305,82.98,777968.0
1574208000,83.075,84.08,82.72,83.975,1220732.0
1574294400,83.755,83.955,83.0,83.215,1290738.0
1574380800,83.37,83.725,82.2475,83.455,906076.0
1574640000,83.715,83.75,82.875,83.31,950834.0
1574726400,83.485,84.49,83.075,84.465,1814796.0
1574812800,84.465,85.2,83.8725,84.715,938254.0
1574985600,84.765,84.99,84.445,84.625,1008842.0
1575244800,84.425,84.755,83.965,84.605,1043028.0
1575331200,84.525,85.485,84.09,85.42,1178072.0
1575417600,84.785,85.915,84.67,85.685,963770.0
1575504000,85.58,86.12,85.225,86.09,854562.0
1575590400,86.2,86.655,85.78,85.995,743336.0
1575849600,86.105,86.475,85.795,86.37,758444.0
1575936000,84.495,85.98,84.005,85.68,1175248.0
1576022400,85.665,85.8067,84.55,85.325,901206.0
1576108800,84.905,85.405,83.165,83.23,1194066.0
1576195200,82.985,83.93,82.8347,83.75,1103678.0
1576454400,83.91,84.12,83.54,83.81,1537642.0
1576540800,83.8,84.305,83.355,83.515,908406.0
1576627200,83.855,84.065,83.24,83.735,1170682.0
1576713600,83.615,84.565,83.6,84.155,1061894.0
1576800000,84.595,85.105,84.105,84.125,3253762.0
1577059200,84.545,84.87,83.575,83.625,833750.0
1577145600,83.68,84.305,83.61,84.125,435204.0
1577318400,84.145,84.85,83.935,84.81,1426130.0
1577404800,84.99,86.075,84.91,85.925,1085516.0
1577664000,85.42,85.4625,84.475,85.19,1566542.0
1577750400,85.19,85.495,84.835,84.865,1795146.0
1577923200,84.685,85.285,83.685,83.765,1519182.0
1578009600,83.835,85.465,83.565,85.1,1469872.0
1578268800,85.13,85.86,84.8075,85.61,1326680.0
1578355200,85.365,85.5675,84.08,84.14,1431928.0
1578441600,84.635,84.77,83.65,83.69,1014302.0
1578528000,82.355,82.86,80.555,81.12,2770986.0
1578614400,80.86,82.48675,80.86,82.115,1100052.0
1578873600,82.15,83.01,82.15,82.65,1232178.0
1578960000,82.755,83.51,82.755,83.445,1900522.0
1579046400,83.585,84.62,83.585,83.805,1453002.0
1579132800,83.965,84.078,83.06,83.575,1698152.0
1579219200,83.665,84.38,83.49,84.34,1084260.0
1579564800,84.425,85.675,84.365,85.575,1982554.0
1579651200,85.81,86.76,85.7,86.265,1690454.0
1579737600,85.37,86.575,85.355,86.385,1590674.0
1579824000,87.135,87.2923,86.01,86.335,1396258.0
1580083200,86.165,86.885,85.975,86.355,1698410.0
1580169600,82.15,84.975,81.80205,83.03,4551342.0
1580256000,82.5,84.285,81.595,83.705,1872764.0
1580342400,83.87,84.285,82.25,82.755,1848744.0
1580428800,82.89,83.79,81.62,81.685,2006768.0
1580688000,82.075,82.395,81.245,81.58,1793744.0
1580774400,81.7,82.109,80.225,80.35,1756504.0
1580860800,80.825,81.28,80.37,81.005,1353988.0
1580947200,81.005,81.93905,80.9,81.06,1164856.0
1581033600,81.245,81.855,81.055,81.555,1080584.0
1581292800,82.07,82.295,81.48,81.805,891520.0
1581379200,81.805,82.37375,81.51,81.625,879234.0
1581465600,81.605,82.68,81.211,82.52,1113622.0
1581552000,82.43,83.78,82.135,83.54,916048.0
1581638400,83.81,84.435,83.305,83.42,924774.0
1581984000,83.115,83.32,82.175,82.455,1286664.0
1582070400,82.455,82.81,81.845,82.015,962470.0
1582156800,82.075,82.1725,81.085,81.915,1135448.0
1582243200,81.64,81.99,81.025,81.1,936848.0
1582502400,80.45,81.16,79.71,80.495,1442398.0
1582588800,80.35,80.77,79.03,79.185,2959624.0
1582675200,79.0,79.645,76.47,76.555,2354714.0
1582761600,76.435,77.165,75.01,75.13,2253528.0
1582848000,74.175,74.44,71.1925,73.095,3579980.0
1583107200,73.405,76.29,72.91,76.235,2245428.0
1583193600,76.25,77.27,74.385,74.95,1972880.0
1583280000,76.045,76.965,75.24,76.94,2873394.0
1583366400,76.03,77.645,75.765,76.77,2189682.0
1583452800,74.8,75.65,73.475,75.32,2346426.0
1583712000,72.5,73.915,71.44,72.015,2872666.0
1583798400,73.31,75.89,72.295,75.765,2818018.0
1583884800,74.17,74.565,72.735,73.305,3014912.0
1583971200,69.41,70.6,65.545,65.59,4330016.0
1584057600,67.815,68.76,64.075,67.5,3300308.0
1584316800,61.755,64.25355,59.6003,60.185,4148400.0
1584403200,61.25,69.775,60.225,69.35,4872636.0
1584489600,65.72,74.6525,65.185,70.515,4908266.0
1584576000,67.74,69.4125,62.0,62.815,3857904.0
1584662400,62.515,68.51,61.56,62.27,3332072.0
1584921600,62.355,62.98,56.1125,56.915,3428840.0
1585008000,58.585,62.765,58.45,62.465,2856292.0
1585094400,61.755,63.19,59.5925,62.095,2829934.0
1585180800,62.02,66.39,61.975,65.82,2022722.0
1585267200,64.545,67.32,64.0,66.145,1992484.0
1585526400,67.5,72.2,67.0,71.575,3329698.0
1585612800,69.93,71.5,69.6775,70.605,2926220.0
1585699200,68.585,71.76,68.275,69.31,2426460.0
1585785600,69.175,73.12,69.175,72.605,2932416.0
1585872000,71.825,73.875,71.635,73.44,1489384.0
1586131200,74.45,76.595,71.3,76.005,1945154.0
1586217600,76.29,76.5,73.4675,75.15,1759824.0
1586304000,74.84,75.42,73.28,74.55,1623596.0
1586390400,74.265,77.475,74.265,77.15,1558620.0
1586736000,76.48,76.48,72.7865,74.345,1777888.0
1586822400,76.33,76.985,75.68255,76.595,1725084.0
1586908800,76.0,76.57,75.275,76.28,1061386.0
1586995200,76.875,78.45,75.645,77.71,1449290.0
1587081600,78.84,78.875,77.025,78.445,1627368.0
1587340800,78.105,79.61,77.465,78.06,1113906.0
1587427200,77.8,78.03,74.725,75.59,1328544.0
1587513600,75.95,77.27,75.015,76.685,1005602.0
1587600000,75.935,76.72,75.135,75.81,1109554.0
1587686400,75.995,77.345,75.485,77.13,775834.0
1587945600,77.505,78.625,77.055,78.435,985926.0
1588032000,78.375,79.245,77.73,78.35,1292618.0
1588118400,78.26,79.25,77.27295,78.23,1613896.0
1588204800,77.96,78.755,77.17605,78.42,2047688.0
1588291200,77.695,78.565,76.73,77.21,1038562.0
1588550400,77.125,78.9975,76.42,78.695,1351766.0
1588636800,78.745,80.77,78.745,80.105,1463342.0
1588723200,80.32,81.265,79.965,80.11,1718906.0
1588809600,80.63,81.06,79.775,80.43,1235770.0
1588896000,81.25,82.295,80.565,82.015,1067370.0
1589155200,82.33,83.335,81.66,82.425,1346832.0
1589241600,83.065,84.56,82.88,84.31,2098748.0
1589328000,84.31,85.32,83.53,84.26,1904062.0
1589414400,86.64,88.29405,85.71005,87.76,2356550.0
1589500800,87.36,90.0875,87.07,88.99,3712242.0
1589760000,89.835,90.19,88.095,88.165,1825102.0
1589846400,87.815,88.535,86.21,86.26,1400696.0
1589932800,87.035,87.1,85.845,86.795,1765228.0
1590019200,87.015,87.015,84.6125,85.28,1498474.0
1590105600,85.185,86.04,85.075,85.935,737486.0
1590451200,86.605,87.495,85.25,85.515,1217394.0
1590537600,85.395,86.12,84.935,86.0,1141566.0
1590624000,86.845,87.06,85.695,86.255,1233444.0
1590710400,86.2,88.115,85.6975,87.58,2863418.0
1590969600,88.0,88.96,87.52,88.285,1087990.0
1591056000,88.17,88.6425,87.255,87.71,1408352.0
1591142400,87.655,87.995,86.765,87.15,1108902.0
1591228800,86.92,87.1325,84.88,85.385,1148706.0
1591315200,85.385,85.685,83.935,85.415,1798866.0
1591574400,84.65,86.795,84.51,86.385,1371336.0
1591660800,86.465,86.465,85.17,85.55,954108.0
1591747200,86.165,87.19,85.575,86.205,1348056.0
1591833600,86.0,86.51,83.595,83.92,1152530.0
1591920000,84.93,84.93,82.84,83.27,1045188.0
1592179200,82.64,85.245,82.525,85.2,1071808.0
1592265600,85.815,86.875,84.7875,86.485,1353304.0
1592352000,86.595,87.685,86.4439,87.07,1023178.0
1592438400,87.065,87.385,86.44,86.94,793068.0
1592524800,87.77,88.045,86.045,86.1,1741332.0
1592784000,86.79,87.395,86.03,86.35,1261980.0
1592870400,87.5,87.68,86.0825,86.205,1268864.0
1592956800,86.0,86.7825,84.575,86.135,2024588.0
1593043200,87.17,90.46635,86.78175,89.27,2907764.0
1593129600,90.25,91.46,87.64,88.125,2895812.0
1593388800,88.66,91.1481,88.305,89.69,1720098.0
1593475200,89.915,90.485,88.715,89.705,1619836.0
1593561600,89.655,90.39,89.225,89.75,1292302.0
1593648000,90.605,92.24,90.315,90.805,1325786.0
1593993600,91.21,91.815,90.28,90.785,1003560.0
1594080000,90.41,92.0,90.41,91.57,927518.0
1594166400,91.285,91.875,90.875,91.82,920244.0
1594252800,91.24,92.31,91.17,91.925,737068.0
1594339200,91.935,93.05,91.265,92.955,817050.0
1594598400,93.245,94.145,91.29,91.455,969164.0
1594684800,91.24,94.915,91.24,94.71,1263998.0
1594771200,95.1,95.7,94.31025,94.6,911930.0
1594857600,94.52,95.425,94.39,94.86,659006.0
1594944000,95.375,96.165,94.92,95.445,870528.0
1595203200,95.205,95.855,94.8725,95.78,771428.0
1595289600,97.0,98.26,96.525,96.79,1111882.0
1595376000,97.455,97.455,95.79,96.91,1314732.0
1595462400,97.1,98.385,97.1,97.945,736788.0
1595548800,97.76,98.2535,96.31,96.76,1058390.0
1595808000,96.905,98.04,96.5925,98.01,780854.0
1595894400,95.75,97.625,95.235,96.495,1164752.0
1595980800,96.96,97.78,96.68,97.17,747058.0
1596067200,96.68,97.045,95.75,96.92,799054.0
1596153600,96.6,97.45,95.465,97.45,1286488.0
1596412800,97.845,98.59,97.235,98.145,881734.0
1596499200,98.005,99.4125,97.965,99.13,736454.0
1596585600,99.35,99.3825,97.82,98.625,987414.0
1596672000,98.27,99.68,98.1339,99.525,694344.0
1596758400,99.065,100.92,99.065,100.775,1243472.0
1597017600,100.745,101.275,100.01,100.91,877982.0
1597104000,101.0,101.0,98.565,98.885,785576.0
1597190400,99.255,101.57,99.24505,100.83,860264.0
1597276800,100.735,101.49,99.3725,101.02,999614.0
1597363200,101.0,101.755,100.42,100.775,837492.0
1597622400,100.245,101.7025,100.035,101.15,915956.0
1597708800,101.165,102.0,100.46,101.245,603544.0
1597795200,101.7,101.7,100.62,101.26,611742.0
1597881600,100.395,102.07,100.235,101.445,734514.0
1597968000,101.57,101.99,101.25,101.575,714176.0
1598227200,101.795,102.08,100.895,101.42,660766.0
1598313600,102.13,102.13,100.815,101.39,583740.0
1598400000,101.21,103.29,100.435,102.75,828396.0
1598486400,102.975,103.62,102.675,102.725,525426.0
1598572800,102.56,102.81,101.375,102.295,573526.0
1598832000,102.225,103.435,102.1675,103.1,759276.0
1598918400,102.685,103.095,101.695,102.965,650474.0
1599004800,103.5,105.215,103.165,104.89,847736.0
1599091200,104.45,105.535,101.205,102.005,891504.0
1599177600,102.2,102.685,99.4,100.925,1151068.0
1599523200,100.885,100.925,98.58,98.76,1175530.0
1599609600,99.51,102.92,99.51,101.345,1246806.0
1599696000,100.925,101.355,98.4375,99.095,792898.0
1599782400,99.355,99.685,98.42,99.32,746496.0
1600041600,100.0,101.41,99.4925,100.05,1044670.0
1600128000,100.365,101.58,99.82,100.175,1067270.0
1600214400,100.68,101.2975,99.25,99.34,1057770.0
1600300800,97.985,98.365,95.555,96.365,1771382.0
1600387200,96.21,97.295,94.2,94.98,1790600.0
1600646400,94.265,95.4625,93.715,95.2,1185574.0
1600732800,95.025,96.47,94.855,96.195,1355468.0
1600819200,96.685,96.8,92.545,92.745,1410510.0
1600905600,93.03,96.195,92.9025,94.425,1240196.0
1600992000,94.5,96.085,94.155,95.785,1080678.0
1601251200,97.37,98.28,96.89,97.59,2829758.0
1601337600,96.4,96.58,91.61,94.945,4812466.0
1601424000,95.69,98.085,95.5,97.05,1861898.0
1601510400,97.37,97.7275,95.565,96.6,1524482.0
1601596800,95.385,96.955,95.075,96.42,1005976.0
1601856000,96.665,97.67,96.405,97.54,816566.0
1601942400,97.885,97.885,95.62,95.82,1087104.0
1602028800,96.33,97.52,96.06,97.09,977014.0
1602115200,97.46,97.625,96.835,97.165,695124.0
1602201600,97.895,98.515,97.635,98.055,732748.0
1602460800,98.055,100.605,97.995,100.45,1039688.0
1602547200,100.265,101.665,99.305,100.115,1297590.0
1602633600,99.87,100.77,98.87,99.005,635056.0
1602720000,98.36,100.0525,98.135,99.575,699150.0
1602806400,100.065,100.99,99.69,99.695,808984.0
1603065600,99.975,100.71,98.5634,98.765,681024.0
1603152000,98.9,99.37,97.85,97.97,532976.0
1603238400,97.945,98.675,97.545,97.67,398852.0
1603324800,97.5,97.815,96.8625,97.315,554514.0
1603411200,97.765,98.46,97.315,98.23,553902.0
1603670400,97.415,97.97,96.365,97.03,535550.0
1603756800,97.25,97.64,96.02,96.105,1094734.0
1603843200,94.86,95.53,92.7,92.835,907878.0
1603929600,92.795,93.495,91.925,91.95,862904.0
1604016000,91.55,92.15265,89.255,90.255,1375632.0
1604275200,91.69,93.285,91.57,92.585,1005124.0
1604361600,93.59,94.7075,93.01,93.84,698578.0
1604448000,94.415,96.275,94.18,94.49,786968.0
1604534400,95.895,95.965,93.825,94.27,826432.0
1604620800,94.38,95.94,93.5,94.33,718556.0
1604880000,95.875,97.0,88.92,89.16,2137454.0
1604966400,89.5,91.93,89.08,90.97,1152706.0
1605052800,91.825,93.54,91.705,93.445,1026988.0
1605139200,94.08,94.365,91.44,92.49,623006.0
1605225600,92.44,92.98,91.15,92.31,596158.0
1605484800,92.595,92.915,90.765,92.09,1145368.0
1605571200,91.615,92.365,90.905,91.33,1334304.0
1605657600,91.48,92.42,90.875,91.095,1097084.0
1605744000,90.91,91.8075,90.095,91.62,864450.0
1605830400,92.025,92.655,91.435,91.835,957652.0
1606089600,92.115,92.51,90.915,91.5,1054290.0
1606176000,92.5,94.04,92.065,93.27,1804422.0
1606262400,93.34,94.435,92.61,92.795,731834.0
1606435200,93.5,94.1,92.125,93.24,575162.0
1606694400,92.905,93.61,91.135,93.49,1792388.0
1606780800,95.02,95.02,92.34,93.64,1425651.0
1606867200,93.49,94.4,91.16,91.42,980953.0
1606953600,91.4,92.91,91.26,92.65,837621.0
1607040000,92.51,93.95,92.005,93.95,838950.0
1607299200,93.89,94.31,92.17,92.64,816239.0
1607385600,92.17,93.85,92.05,93.44,710844.0
1607472000,93.33,93.405,91.76,93.12,827009.0
1607558400,93.22,93.64,92.45,93.05,655855.0
1607644800,92.9,93.72,92.8,93.42,828752.0
1607904000,93.84,94.98,93.24,93.28,671578.0
1607990400,93.3,93.81,91.58,91.77,1273265.0
1608076800,91.98,93.17,91.81,92.71,982553.0
1608163200,93.14,95.335,92.93,94.6,1182807.0
1608249600,94.49,95.05,92.28,93.37,2191385.0
1608508800,92.26,94.12,91.89,93.69,1221177.0
1608595200,93.61,93.82,92.36,92.96,808724.0
1608681600,93.3,93.59,92.58,92.98,650512.0
1608768000,92.98,93.59,92.46,93.47,217637.0
1609113600,93.68,94.03,92.9,93.42,459993.0
1609200000,93.42,95.69,93.28,94.82,1205581.0
1609286400,95.42,95.49,94.235,94.56,1157844.0
1609372800,94.56,95.76,94.0,95.6,1190934.0
1609718400,95.78,95.96,93.18,93.99,987551.0
1609804800,93.8,94.49,92.33,94.23,825166.0
1609891200,93.76,95.25,93.34,93.93,1199526.0
1609977600,93.96,94.885,92.65,94.79,1090448.0
1610064000,95.02,95.4,94.05,95.21,842415.0
1610323200,95.54,95.86,93.08,93.63,764981.0
1610409600,93.68,93.945,91.96,92.45,1118615.0
1610496000,92.84,93.75,92.35,93.26,953700.0
1610582400,93.04,93.04,90.92,91.62,2018709.0
1610668800,91.86,93.955,91.48,93.43,1893255.0
1611014400,93.81,94.18,91.92,93.01,1442342.0
1611100800,92.8,93.05,91.22,91.75,1143052.0
1611187200,91.75,91.84,90.56,91.46,878938.0
1611273600,91.51,92.32,90.49,91.87,1051972.0
1611532800,92.11,94.86,91.931,94.55,1513094.0
1611619200,94.55,96.41,93.78,96.09,1613806.0
1611705600,95.87,98.8,93.96,94.07,2608530.0
1611792000,91.0,94.99,89.66,91.02,1862724.0
1611878400,90.65,91.195,88.38,89.54,2733544.0
1612137600,89.26,90.025,87.39,89.18,1402787.0
1612224000,89.24,91.1657,88.58,89.48,1132771.0
1612310400,89.37,89.91,87.66,88.72,1315956.0
1612396800,88.76,89.625,88.5,88.88,835238.0
1612483200,89.25,90.99,88.6,90.29,1610417.0
1612742400,90.91,91.2,89.7093,90.83,858978.0
1612828800,90.99,91.3499,90.25,90.77,792661.0
1612915200,91.49,91.49,90.12,90.8,710504.0
1613001600,90.61,91.09,89.45,89.88,611428.0
1613088000,89.88,90.125,88.64,89.65,1061970.0
1613433600,89.7,90.11,86.87,86.93,2056768.0
1613520000,86.22,86.81,85.6,85.95,3036321.0
1613606400,85.87,87.59,85.07,86.49,1916965.0
1613692800,86.82,86.82,83.97,84.12,1446304.0
1613952000,84.12,84.12,82.76,83.96,1404353.0
1614038400,84.26,85.64,83.91,84.37,1375686.0
1614124800,83.65,85.35,83.54,84.8,2024788.0
1614211200,84.89,85.84,83.92,84.41,767786.0
1614297600,84.51,84.79,83.76,84.28,1377767.0
1614556800,84.79,85.4,84.19,84.55,1287667.0
1614643200,84.69,85.51,84.11,84.9,866530.0
1614729600,84.65,84.9,83.14,83.19,1440550.0
1614816000,83.59,84.63,82.58,82.9,1664991.0
1614902400,83.14,84.9,82.0318,84.43,1162467.0
1615161600,84.53,84.75,83.66,84.15,1401823.0
1615248000,84.5,86.32,84.32,85.02,1351618.0
1615334400,85.22,86.29,84.05,85.9,1034471.0
1615420800,85.66,86.8,85.39,85.82,851711.0
1615507200,86.21,86.89,85.46,86.81,1097095.0
1615766400,87.17,88.05,86.93,87.34,1530737.0
1615852800,87.31,87.9,86.78,87.23,966454.0
1615939200,86.66,87.42,86.2,86.65,1410570.0
1616025600,86.22,86.94,85.475,86.32,1093664.0
1616112000,86.5,87.91,86.35,86.54,2363089.0
1616371200,86.64,87.92,86.3945,87.85,976082.0
1616457600,88.18,88.3377,87.02,87.56,1043475.0
1616544000,86.63,88.035,86.0,87.53,1238400.0
1616630400,88.1,89.26,87.4,88.7,973952.0
1616716800,88.495,90.5068,88.495,90.21,1411147.0
1616976000,90.0,91.0,89.4,90.13,1647935.0
1617062400,95.85,95.89,89.57,89.9,4028614.0
1617148800,89.72,89.87,88.82,89.16,1795527.0
1617235200,89.09,90.15,87.58,89.24,1808832.0
1617580800,89.17,90.26,88.59,89.08,1226332.0
1617667200,88.81,89.94,88.71,89.73,1231418.0
1617753600,90.05,90.05,88.7,89.16,1211607.0
1617840000,89.01,89.93,89.01,89.64,2671680.0
1617926400,89.18,89.81,87.72,88.11,959581.0
1618185600,88.07,88.504,87.605,88.23,1277416.0
1618272000,88.03,88.76,87.86,88.02,1496033.0
1618358400,88.09,88.24,86.98,87.91,877359.0
1618444800,88.22,88.57,87.95,88.48,769407.0
1618531200,88.74,88.89,88.03,88.79,934963.0
1618790400,88.6,89.08,87.87,88.85,1315531.0
1618876800,88.76,90.68,88.58,90.62,1822074.0
1618963200,91.17,92.12,91.0,91.92,1770030.0
1619049600,91.92,92.11,91.2,91.42,1042935.0
1619136000,91.4,91.82,90.77,91.47,1369036.0
1619395200,91.5,91.5,90.1,90.35,1651604.0
1619481600,90.3,90.5,89.41,89.87,956885.0
1619568000,90.08,90.59,89.115,89.32,712537.0
1619654400,89.43,90.82,89.43,90.6,669548.0
1619740800,90.62,90.81,89.79,90.36,1719378.0
1620000000,90.26,91.54,90.26,90.9,725579.0
1620086400,91.16,91.45,89.85,90.37,1104167.0
1620172800,90.15,90.6175,89.84,90.46,717602.0
1620259200,90.98,91.83,89.71,90.23,1206297.0
1620345600,90.13,90.5,88.81,89.33,843245.0
1620604800,89.55,91.62,89.41,90.68,1765175.0
1620691200,91.11,91.315,89.25,89.72,1029582.0
1620777600,89.8,90.07,88.75,88.94,951310.0
1620864000,88.59,90.67,88.5,90.26,1384892.0
1620950400,90.2,90.57,89.56,89.56,876753.0
1621209600,89.83,90.48,89.11,89.14,948875.0
1621296000,88.85,90.18,88.56,89.19,1048409.0
1621382400,89.11,89.85,88.68,89.81,1174611.0
1621468800,89.61,91.365,89.32,90.87,1123385.0
1621555200,91.13,91.67,90.23,90.6,1354599.0
1621814400,90.8,91.35,90.45,90.6,959370.0
1621900800,90.62,90.62,89.43,90.3,1089121.0
1621987200,90.45,90.66,88.11,89.66,1418633.0
1622073600,89.81,90.05,88.57,88.7,3122723.0
1622160000,88.99,89.9,88.88,89.06,1794478.0
1622505600,89.42,89.78,88.46,88.93,1274748.0
1622592000,89.21,89.77,88.89,89.68,882759.0
1622678400,89.51,89.73,88.88,89.67,927778.0
1622764800,89.83,90.0,89.25,89.81,698243.0
1623024000,89.8,89.85,88.62,89.49,1064532.0
1623110400,89.73,89.97,88.0,88.5,1177622.0
1623196800,88.07,88.91,87.75,88.13,1620901.0
1623283200,88.4,88.85,88.035,88.74,1190897.0
1623369600,88.79,89.0,88.1,88.85,1565151.0
1623628800,88.7,89.21,88.38,89.2,861663.0
1623715200,89.41,89.54,88.65,88.77,1005804.0
1623801600,88.85,89.0,87.43,87.57,952352.0
1623888000,87.48,87.82,86.68,87.54,1111417.0
1623974400,87.28,87.725,86.05,86.13,2690397.0
1624233600,86.17,87.27,86.17,87.17,1301259.0
1624320000,87.17,87.89,87.0,87.26,1081580.0
1624406400,87.22,87.22,86.08,86.11,1621638.0
1624492800,86.21,86.4,85.58,86.28,911022.0
1624579200,86.32,87.4599,86.03,87.28,4280931.0
1624838400,87.63,88.71,87.5501,88.15,1252766.0
1624924800,88.15,88.7,87.33,87.62,1280589.0
1625011200,87.98,88.48,87.4501,88.32,1817527.0
1625097600,87.49,88.96,86.6919,87.97,2431788.0
1625184000,88.62,89.23,88.19,88.59,1127917.0
1625529600,88.5,88.62,87.4,88.05,1045158.0
1625616000,87.9,88.78,87.685,88.18,989383.0
1625702400,87.87,88.65,86.89,87.08,1285114.0
1625788800,87.16,87.2687,86.37,87.1,1060509.0
1626048000,86.95,86.95,85.85,86.69,1208344.0
1626134400,86.55,86.89,85.52,85.7,867911.0
1626220800,85.63,86.44,85.29,86.18,952963.0
1626307200,86.15,87.09,85.8371,87.07,611165.0
1626393600,87.29,87.97,87.0,87.9,790158.0
1626652800,87.71,88.64,87.33,88.61,1234920.0
1626739200,88.65,89.53,87.62,87.7,1004727.0
1626825600,87.59,87.6493,85.54,85.56,1354716.0
1626912000,85.36,85.4144,84.37,84.73,1130867.0
1626998400,84.82,85.96,84.51,85.72,986479.0
1627257600,85.17,85.75,84.99,85.38,817364.0
1627344000,85.34,86.58,85.07,85.75,1168398.0
1627430400,85.42,85.71,84.27,84.7,972792.0
1627516800,85.01,85.07,84.08,84.25,870505.0
1627603200,84.47,85.09,84.09,84.17,1402376.0
1627862400,84.21,84.76,83.85,84.09,826541.0
1627948800,83.99,84.94,83.73,83.79,848568.0
1628035200,83.73,83.83,82.67,83.18,1048314.0
1628121600,83.36,83.635,82.91,83.25,908794.0
1628208000,83.18,83.95,83.0797,83.43,809422.0
1628467200,83.68,84.0,83.24,83.7,655715.0
1628553600,83.81,84.32,83.635,84.24,1520764.0
1628640000,84.24,85.915,84.24,85.48,1218286.0
1628726400,85.61,85.84,85.09,85.68,908377.0
1628812800,86.04,86.95,85.895,86.68,876541.0
1629072000,86.8,87.44,86.42,87.38,825017.0
1629158400,87.43,88.025,87.08,87.84,654757.0
1629244800,87.72,87.98,86.31,86.34,700741.0
1629331200,86.21,87.59,86.21,87.48,830587.0
1629417600,87.2,87.92,86.81,87.56,1001980.0
1629676800,87.4,87.499,86.43,86.73,979062.0
1629763200,86.74,86.74,85.53,85.88,1036333.0
1629849600,85.66,85.89,84.92,85.56,766285.0
1629936000,85.31,85.5,84.31,84.93,659372.0
1630022400,84.93,85.67,84.6401,85.22,532109.0
1630281600,85.12,85.84,84.88,85.45,397507.0
1630368000,85.58,86.38,85.01,86.29,1019190.0
1630454400,86.51,87.62,86.38,87.4,939787.0
1630540800,87.35,88.07,87.33,88.04,822117.0
1630627200,88.0,88.4,87.54,88.08,517566.0
1630972800,87.99,87.99,86.54,86.97,777983.0
1631059200,87.1,88.51,87.1,88.35,946267.0
1631145600,88.29,88.34,86.74,86.76,979962.0
1631232000,86.65,86.91,85.47,85.55,1938532.0
1631491200,85.82,86.62,85.12,85.15,850759.0
1631577600,85.07,85.47,84.78,85.08,1143011.0
1631664000,84.8,85.839,84.62,85.35,1021735.0
1631750400,85.4,86.52,84.89,86.11,1180429.0
1631836800,86.18,86.8,85.76,86.27,2386808.0
1632096000,85.81,86.625,85.11,85.65,1596891.0
1632182400,85.73,86.59,85.36,85.47,1039351.0
1632268800,86.12,86.27,85.04,85.33,972637.0
1632355200,85.52,86.16,84.63,84.78,806465.0
1632441600,84.63,85.19,84.35,84.55,850083.0
1632700800,84.6,85.36,84.24,84.35,1255784.0
1632787200,84.24,84.54,82.72,83.26,1559915.0
1632873600,83.2,84.28,83.2,83.69,1680802.0
1632960000,81.0,83.17,80.3167,81.03,2377354.0
1633046400,80.8,81.485,80.3401,80.71,1432454.0
1633305600,80.69,82.04,80.49,80.69,1451656.0
1633392000,80.59,80.99,79.97,80.05,1602502.0
1633478400,79.86,80.34,79.11,80.28,1245569.0
1633564800,80.35,81.355,80.265,80.43,1679880.0
1633651200,80.4,80.63,79.13,79.31,1084146.0
1633910400,79.08,79.91,78.4,78.42,1008456.0
1633996800,78.31,78.9,77.85,78.1,1453428.0
1634083200,78.2,79.055,77.85,78.89,1092504.0
1634169600,79.13,80.29,79.04,80.26,1096286.0
1634256000,80.42,80.5,79.38,79.63,875694.0
1634515200,79.21,80.15,78.99,79.41,881191.0
1634601600,79.67,79.93,79.155,79.88,626689.0
1634688000,80.13,81.08,80.13,80.69,880748.0
1634774400,80.95,81.01,80.18,80.31,1043577.0
1634860800,80.29,81.57,80.29,80.73,815738.0
1635120000,80.64,80.825,79.995,80.68,862531.0
1635206400,80.76,81.36,80.56,81.06,831686.0
1635292800,81.42,81.5,79.97,80.47,862703.0
1635379200,80.41,81.24,80.3,81.18,812565.0
1635465600,81.04,81.76,79.85,80.23,1571263.0
1635724800,80.03,80.94,80.03,80.69,815576.0
1635811200,80.94,81.42,79.66,81.36,871009.0
1635897600,81.42,82.28,81.313,82.25,897815.0
1635984000,81.89,82.08,81.05,81.31,883973.0
1636070400,81.3,81.885,80.98,81.23,714652.0
1636329600,81.06,81.06,79.27,80.32,1240584.0
1636416000,80.28,80.99,79.93,80.98,855949.0
1636502400,81.18,82.35,81.0,82.31,1117400.0
1636588800,82.31,82.31,81.17,81.46,805797.0
1636675200,81.81,82.525,81.53,81.76,687107.0
1636934400,82.11,83.07,81.64,82.69,876810.0
1637020800,82.88,83.645,82.85,83.48,877189.0
1637107200,83.37,83.99,82.95,83.95,984492.0
1637193600,83.8,83.8,82.64,83.55,1007723.0
1637280000,84.11,85.03,83.7,83.97,1686116.0
1637539200,83.91,85.09,83.36,84.77,1677821.0
1637625600,84.93,85.78,84.62,85.41,1115564.0
1637712000,85.41,85.817,84.83,85.49,948277.0
1637884800,85.5,87.3,85.18,85.54,1402288.0
1638144000,85.81,87.25,85.4,86.99,2159151.0
1638230400,86.35,87.2,85.38,85.82,6211408.0
1638316800,86.17,88.28,86.1,86.55,2402462.0
1638403200,86.94,88.11,86.89,87.01,1672571.0
1638489600,87.63,88.57,87.1,88.54,1223733.0
1638748800,89.04,90.45,88.79,90.11,2080703.0
1638835200,90.15,90.29,87.04,87.83,2459065.0
1638921600,87.84,89.02,87.84,88.65,961087.0
1639008000,88.7,89.0,88.13,88.72,937311.0
1639094400,89.0,90.64,88.8,90.51,1577857.0
1639353600,90.46,93.67,90.27,93.06,2184051.0
1639440000,93.26,93.62,91.55,91.58,2068783.0
1639526400,91.62,92.68,91.37,92.21,1927320.0
1639612800,91.95,95.07,91.53,94.66,2154723.0
1639699200,94.65,96.28,93.87,94.12,3505791.0
1639958400,93.51,94.16,92.851,93.91,1630783.0
1640044800,93.53,93.69,91.8,93.02,2081782.0
1640131200,93.16,93.47,92.29,93.39,786650.0
1640217600,93.47,93.64,93.0,93.03,692610.0
1640563200,93.06,94.15,93.03,94.13,1049154.0
1640649600,94.08,94.97,93.73,94.96,804084.0
1640736000,95.04,95.955,94.86,95.62,836378.0
1640822400,95.7,95.82,94.97,95.57,601805.0
1640908800,95.76,96.82,95.57,96.61,880100.0
