1483401600,17.74,18.06,17.29,17.76,1.3525956E7
1483488000,17.71,18.09,17.54,18.05,9323117.0
1483574400,18.1,18.27,17.88,18.18,9764740.0
1483660800,18.17,18.17,17.83,17.88,7807763.0
1483920000,17.64,17.75,17.4,17.4,8866686.0
1484006400,17.5,17.58,17.35,17.48,6969475.0
1484092800,17.56,17.76,17.47,17.69,9787363.0
1484179200,18.03,18.1,17.325,17.44,1.028242E7
1484265600,17.33,17.49,17.24,17.45,5406827.0
1484611200,17.63,17.7,17.4,17.44,6865047.0
1484697600,17.26,17.475,17.15,17.33,9286678.0
1484784000,17.33,17.505,17.21,17.27,6267139.0
1484870400,17.49,17.745,17.42,17.61,1.1179169E7
1485129600,17.48,17.615,17.27,17.42,9514775.0
1485216000,17.55,17.91,17.5,17.7,8316047.0
1485302400,17.69,17.88,17.67,17.75,8053516.0
1485388800,17.8,17.935,17.64,17.75,6978412.0
1485475200,17.68,17.7,17.28,17.41,6444456.0
1485734400,17.27,17.34,16.355,16.53,1.3623395E7
1485820800,16.55,16.75,16.28,16.75,1.0892719E7
1485907200,17.03,17.12,16.23,16.59,1.1449083E7
1485993600,16.64,16.77,16.29,16.68,9235813.0
1486080000,16.7,17.36,16.66,17.23,1.2758614E7
1486339200,17.25,17.25,16.46,16.52,9566020.0
1486425600,16.39,16.43,15.75,16.03,1.4647836E7
1486512000,15.86,16.24,15.63,15.88,1.3282283E7
1486598400,16.13,16.2301,15.925,16.05,8911580.0
1486684800,16.38,16.4,16.05,16.19,1.1992619E7
1486944000,16.08,16.14,15.79,16.06,1.4778846E7
1487030400,16.16,16.43,15.97,16.41,1.1092094E7
1487116800,16.39,16.57,16.19,16.3,1.324126E7
1487203200,16.6,17.05,16.13,16.17,2.3882206E7
1487289600,16.05,16.26,15.93,16.23,1.3921148E7
1487635200,16.42,16.635,16.32,16.38,1.3302165E7
1487721600,16.2,16.26,15.73,15.76,1.4602335E7
1487808000,16.25,16.25,15.7,15.98,1.6366349E7
1487894400,15.69,15.99,15.59,15.73,1.213101E7
1488153600,15.9,15.98,15.66,15.85,1.1130915E7
1488240000,15.68,16.12,15.67,16.0,1.3377907E7
1488326400,16.16,16.65,16.1,16.45,1.2991682E7
1488412800,16.25,16.48,16.085,16.14,1.1310758E7
1488499200,16.18,16.5,16.12,16.18,6984632.0
1488758400,16.1,16.48,15.98,16.47,8821140.0
1488844800,16.55,16.588,16.11,16.28,1.1320444E7
1488931200,16.12,16.21,14.81,14.87,2.4467105E7
1489017600,15.69,16.07,15.22,16.07,3.6557869E7
1489104000,16.44,16.54,15.61,16.16,2.4326687E7
1489363200,16.05,16.245,15.8,15.84,1.5432314E7
1489449600,15.49,15.5,14.61,15.32,2.4942891E7
1489536000,15.48,15.68,15.23,15.56,1.5756356E7
1489622400,15.63,15.7,15.43,15.55,9523244.0
1489708800,15.61,15.65,15.39,15.46,1.2129438E7
1489968000,15.29,15.52,15.08,15.48,1.1142568E7
1490054400,15.55,15.565,14.885,15.05,1.5350747E7
1490140800,14.95,15.13,14.81,15.02,1.0055389E7
1490227200,14.96,15.02,14.66,14.68,1.4362607E7
1490313600,14.73,14.95,14.55,14.61,1.1814853E7
1490572800,14.41,14.78,14.3,14.75,9639768.0
1490659200,14.76,15.27,14.715,15.23,1.3184954E7
1490745600,15.21,15.98,15.18,15.85,1.5762081E7
1490832000,16.05,16.18,15.775,15.85,1.32497E7
1490918400,15.8,16.0,15.56,15.8,9802733.0
1491177600,15.81,15.9,15.54,15.82,8428273.0
1491264000,15.81,16.15,15.65,16.14,9142062.0
1491350400,16.31,16.64,15.95,15.98,1.9647056E7
1491436800,16.14,16.46,16.01,16.31,1.2363554E7
1491523200,16.31,16.47,16.25,16.26,1.2551113E7
1491782400,16.38,16.68,16.35,16.56,1.1566712E7
1491868800,16.56,16.615,16.265,16.6,9674099.0
1491955200,16.64,16.9,16.29,16.41,1.6372093E7
1492041600,16.35,16.4,15.82,15.91,1.5490945E7
1492387200,15.91,16.11,15.7,16.02,1.1375158E7
1492473600,15.83,16.05,15.51,15.74,1.4014903E7
1492560000,15.76,15.82,14.96,15.06,1.3678193E7
1492646400,15.16,15.3,15.04,15.09,1.0314427E7
1492732800,15.02,15.24,14.89,15.16,1.4072858E7
1492992000,15.31,15.36,14.99,15.15,1.2722638E7
1493078400,15.17,15.63,15.05,15.61,1.0929393E7
1493164800,15.49,15.86,15.31,15.31,1.4794164E7
1493251200,15.1,15.18,14.63,14.88,2.1618281E7
1493337600,14.99,15.17,14.82,14.87,1.2815391E7
1493596800,14.87,14.95,14.74,14.82,7810750.0
1493683200,14.84,14.95,14.465,14.64,1.1147998E7
1493769600,14.56,14.95,14.52,14.85,1.2226484E7
1493856000,14.65,14.67,13.97,14.17,1.8856777E7
1493942400,14.1,14.34,13.65,14.29,2.1878546E7
1494201600,14.29,14.65,14.22,14.59,1.1747584E7
1494288000,14.63,14.63,14.28,14.4,1.0126082E7
1494374400,14.57,14.94,14.52,14.7,1.4454263E7
1494460800,14.66,14.84,14.47,14.48,1.2619308E7
1494547200,14.535,14.559,14.1517,14.33,1.7497995E7
1494806400,14.93,15.12,14.43,14.54,1.598482E7
1494892800,14.65,14.7,14.32,14.43,1.2764906E7
1494979200,14.23,14.61,14.18,14.35,1.4647038E7
1495065600,14.22,14.47,14.02,14.12,1.0776468E7
1495152000,14.25,14.67,14.21,14.53,1.2773472E7
1495411200,14.61,14.7,14.4,14.44,1.0009221E7
1495497600,14.49,14.59,14.365,14.56,1.0507179E7
1495584000,14.55,14.67,14.36,14.53,1.3020723E7
1495670400,14.42,14.7,13.43,13.5,2.6995539E7
1495756800,13.52,13.62,13.3,13.52,1.1294538E7
1496102400,13.42,13.43,13.11,13.12,1.0953983E7
1496188800,12.92,13.1,12.75,13.02,1.4886131E7
1496275200,13.05,13.41,12.95,13.1,1.1616959E7
1496361600,12.96,12.99,12.56,12.72,1.3849648E7
1496620800,12.61,12.86,12.54,12.78,1.0988549E7
1496707200,12.76,12.96,12.64,12.88,1.0660289E7
1496793600,12.8,12.92,12.125,12.21,2.4182868E7
1496880000,12.12,12.36,12.04,12.09,1.5665919E7
1496966400,12.15,12.67,12.04,12.54,1.7448833E7
1497225600,12.75,12.96,12.55,12.62,1.3353362E7
1497312000,12.61,13.06,12.57,13.01,1.3933733E7
1497398400,12.87,13.0,12.47,12.64,1.4260298E7
1497484800,12.57,12.755,12.26,12.37,1.2857856E7
1497571200,12.47,12.59,12.32,12.52,1.6457424E7
1497830400,12.54,12.6,12.42,12.49,1.0139721E7
1497916800,12.23,12.23,11.85,12.06,1.8851783E7
1498003200,11.99,12.13,11.55,11.61,1.9904441E7
1498089600,11.72,11.82,11.5,11.59,1.2304566E7
1498176000,11.62,11.7357,11.41,11.53,1.4252811E7
1498435200,11.56,11.68,11.4,11.53,9819888.0
1498521600,11.55,11.62,11.315,11.35,2.4909384E7
1498608000,11.32,11.57,11.2,11.45,2.3210374E7
1498694400,11.51,12.01,11.5,11.71,1.9772484E7
1498780800,11.78,11.97,11.6,11.85,1.5088431E7
1499040000,11.97,12.227,11.94,12.14,8812912.0
1499212800,12.03,12.05,11.5701,11.74,1.8979809E7
1499299200,11.89,11.96,11.53,11.59,1.7909368E7
1499385600,11.54,11.55,11.22,11.47,1.5445947E7
1499644800,11.41,11.59,11.34,11.52,1.0970423E7
1499731200,11.53,11.73,11.414,11.59,1.0410178E7
1499817600,11.72,11.865,11.415,11.43,1.7744826E7
1499904000,11.43,11.49,11.22,11.45,1.8171571E7
1499990400,11.53,11.665,11.425,11.65,1.5235661E7
1500249600,11.63,11.87,11.58,11.59,1.4067463E7
1500336000,11.73,11.7786,11.48,11.68,1.4961552E7
1500422400,11.66,12.28,11.6,12.25,1.9457909E7
1500508800,12.41,12.44,12.07,12.1,1.8313409E7
1500595200,12.05,12.08,11.77,11.85,1.2368309E7
1500854400,11.87,11.95,11.76,11.88,9086090.0
1500940800,12.09,12.49,12.08,12.34,1.9405743E7
1501027200,12.52,12.62,12.15,12.18,1.4425313E7
1501113600,12.17,12.27,11.99,12.23,1.5910213E7
1501200000,12.2,12.66,12.2,12.36,1.5975308E7
1501459200,12.33,12.39,12.07,12.23,1.0798345E7
1501545600,12.23,12.25,11.84,11.91,1.3883796E7
1501632000,11.82,12.28,11.75,12.04,2.3072698E7
1501718400,12.28,13.11,12.17,12.51,3.2550204E7
1501804800,12.51,12.96,12.45,12.9,2.1773594E7
1502064000,12.78,12.82,12.31,12.35,1.9967845E7
1502150400,12.27,12.65,12.25,12.37,1.3121097E7
1502236800,12.44,12.55,12.15,12.2,1.3580863E7
1502323200,12.34,12.4,12.03,12.05,1.2984711E7
1502409600,11.99,12.24,11.96,12.12,1.1705821E7
1502668800,12.08,12.13,11.62,11.63,1.4230605E7
1502755200,11.53,11.6,11.36,11.53,1.1987284E7
1502841600,11.57,11.63,11.12,11.19,1.3837717E7
1502928000,11.12,11.255,10.8,10.82,1.5778209E7
1503014400,10.81,10.91,10.55,10.87,2.8729837E7
1503273600,10.81,10.83,10.6657,10.77,1.1220227E7
1503360000,10.82,10.93,10.7346,10.89,1.0107701E7
1503446400,10.83,11.105,10.75,11.02,6713538.0
1503532800,10.97,11.05,10.89,10.99,7748814.0
1503619200,11.07,11.1,10.955,11.05,7086851.0
1503878400,11.05,11.14,10.79,10.92,8585247.0
1503964800,10.84,10.93,10.68,10.88,7702913.0
1504051200,10.81,10.93,10.64,10.9,8904797.0
1504137600,10.98,11.34,10.91,11.12,1.5377172E7
1504224000,11.14,11.39,11.03,11.27,7786948.0
1504569600,11.38,11.5,11.155,11.29,1.114378E7
1504656000,11.4,11.82,11.34,11.73,1.6719931E7
1504742400,11.7,11.79,11.595,11.78,1.0872211E7
1504828800,11.74,11.74,11.0901,11.31,1.8652332E7
1505088000,11.31,11.545,11.24,11.49,8551556.0
1505174400,11.51,11.76,11.44,11.59,8871420.0
1505260800,11.65,12.037,11.65,11.91,1.4818869E7
1505347200,12.0,12.165,11.83,11.93,1.3858566E7
1505433600,11.96,12.07,11.84,12.0,1.1335041E7
1505692800,11.94,12.09,11.87,12.02,1.0070296E7
1505779200,12.09,12.1185,11.92,12.0,7781787.0
1505865600,12.04,12.53,12.02,12.42,1.5745095E7
1505952000,12.4,12.81,12.31,12.73,1.8559423E7
1506038400,12.65,12.969,12.62,12.79,1.1858658E7
1506297600,12.96,13.25,12.86,13.19,1.0769018E7
1506384000,13.09,13.445,12.97,13.4,1.4915364E7
1506470400,13.45,13.81,13.33,13.73,2.1628011E7
1506556800,13.77,13.95,13.36,13.53,1.9314285E7
1506643200,13.45,13.58,13.3,13.56,1.4510249E7
1506902400,13.2,13.6,13.08,13.59,1.1024592E7
1506988800,13.56,13.76,13.51,13.76,9736190.0
1507075200,13.79,14.155,13.78,13.9,1.4323322E7
1507161600,13.91,14.08,13.81,13.88,1.1090661E7
1507248000,13.63,13.84,13.44,13.55,7784198.0
1507507200,13.6,13.675,13.46,13.58,6952850.0
1507593600,13.74,13.84,13.59,13.62,9912484.0
1507680000,13.66,13.73,13.44,13.68,7727199.0
1507766400,13.51,13.69,13.469,13.62,6869646.0
1507852800,13.77,13.95,13.73,13.75,1.1382952E7
1508112000,13.85,14.115,13.78,13.85,1.1375775E7
1508198400,13.85,13.97,13.65,13.96,9219151.0
1508284800,13.93,14.14,13.74,13.77,9874703.0
1508371200,13.69,13.89,13.645,13.74,7345124.0
1508457600,13.79,13.95,13.74,13.93,7477768.0
1508716800,13.92,13.9738,13.62,13.63,8690537.0
1508803200,13.74,13.86,13.64,13.71,1.2140211E7
1508889600,13.62,13.765,13.34,13.48,1.1255916E7
1508976000,13.52,13.61,13.28,13.56,1.1090876E7
1509062400,13.44,13.81,13.39,13.81,9057961.0
1509321600,13.88,14.24,13.84,14.16,1.8830332E7
1509408000,14.12,14.34,13.98,14.22,1.3880305E7
1509494400,14.37,14.89,14.35,14.87,1.7084309E7
1509580800,14.74,15.535,14.71,15.44,2.2530148E7
1509667200,15.5,15.68,15.26,15.58,1.7527056E7
1509926400,15.73,16.35,15.67,16.33,2.3687448E7
1510012800,16.25,16.59,16.12,16.16,1.7796789E7
1510099200,16.12,16.12,15.66,15.75,1.8182248E7
1510185600,15.69,15.9,15.6,15.78,1.3248795E7
1510272000,15.58,15.76,15.41,15.62,1.1447588E7
1510531200,15.62,15.71,15.48,15.55,9103704.0
1510617600,15.34,15.35,14.83,14.84,1.4720666E7
1510704000,14.64,14.915,14.5,14.79,1.3358198E7
1510790400,14.76,14.83,14.5,14.52,1.4253342E7
1510876800,14.71,15.19,14.7,15.05,1.0747254E7
1511136000,14.85,14.87,14.43,14.47,1.4094732E7
1511222400,14.53,14.68,14.36,14.52,1.1689607E7
1511308800,14.72,14.97,14.67,14.88,2.026284E7
1511481600,14.94,15.29,14.92,15.13,6794234.0
1511740800,14.87,14.96,14.46,14.48,1.1718222E7
1511827200,14.53,14.64,14.44,14.56,1.1013151E7
1511913600,14.5,14.8,14.46,14.75,1.0057448E7
1512000000,14.96,15.28,14.66,14.84,1.8675271E7
1512086400,15.0,15.24,14.79,15.08,1.8223492E7
1512345600,14.97,15.48,14.85,14.9,1.3136865E7
1512432000,15.16,15.225,14.815,14.88,1.4085702E7
1512518400,14.88,14.88,14.38,14.45,1.0756646E7
1512604800,14.46,14.785,14.38,14.74,7961454.0
1512691200,14.89,15.18,14.76,15.15,8441696.0
1512950400,15.14,15.32,15.04,15.15,1.0294757E7
1513036800,15.24,15.29,14.895,15.18,1.0990062E7
1513123200,15.19,15.42,15.105,15.2,1.47654E7
1513209600,15.09,15.38,15.07,15.12,9192254.0
1513296000,15.27,15.345,14.98,15.01,1.6611347E7
1513555200,15.09,15.47,14.98,15.43,1.3875717E7
1513641600,15.48,16.04,15.34,16.02,1.4504545E7
1513728000,16.12,16.36,15.82,16.32,1.3842507E7
1513814400,16.33,17.105,16.27,17.05,1.5603162E7
1513900800,16.98,17.22,16.88,16.9,9381947.0
1514246400,17.04,17.3473,16.96,17.26,9356686.0
1514332800,17.18,17.22,16.93,17.01,7509808.0
1514419200,17.0,17.1075,16.82,17.07,8274650.0
1514505600,17.15,17.18,16.92,16.93,7122692.0
1514851200,17.11,17.39,17.04,17.38,8107020.0
1514937600,17.45,17.87,17.43,17.67,1.0684677E7
1515024000,17.9,18.15,17.6238,18.12,1.4052092E7
1515110400,17.96,17.96,17.63,17.89,1.1962183E7
1515369600,17.87,17.98,17.65,17.97,7096781.0
1515456000,18.01,18.13,17.855,18.05,1.2120455E7
1515542400,18.09,18.15,17.85,17.9,7921869.0
1515628800,18.0,18.81,17.94,18.6,1.318972E7
1515715200,18.68,18.9564,18.57,18.82,1.0312221E7
1516060800,18.89,18.91,18.2231,18.24,1.3872546E7
1516147200,18.35,19.04,18.07,18.84,1.9818169E7
1516233600,18.76,18.92,18.46,18.69,1.0145137E7
1516320000,18.54,18.59,18.26,18.58,7614689.0
1516579200,18.65,19.28,18.61,19.28,1.3343213E7
1516665600,19.34,19.52,18.92,19.22,1.1965002E7
1516752000,19.34,19.48,19.01,19.28,1.1367172E7
1516838400,19.44,19.45,18.65,18.68,9251595.0
1516924800,18.65,19.04,18.46,18.84,8947447.0
1517184000,18.63,19.07,18.51,18.62,7613634.0
1517270400,18.45,18.49,17.71,18.06,1.2467494E7
1517356800,18.06,18.3,17.97,18.19,9760274.0
1517443200,18.25,18.52,18.16,18.43,9494424.0
1517529600,18.14,18.23,17.4201,17.52,1.0885077E7
1517788800,16.7,17.38,16.61,16.78,1.5320078E7
1517875200,16.31,17.3267,16.14,17.23,1.6059039E7
1517961600,17.16,17.645,16.32,16.33,1.743545E7
1518048000,16.38,16.7038,15.68,15.68,1.5091086E7
1518134400,15.77,15.919,14.87,15.51,1.7712221E7
1518393600,15.76,16.47,15.74,16.27,1.5792415E7
1518480000,16.1,16.22,15.9,16.07,8344398.0
1518566400,15.81,17.01,15.72,16.95,1.4150091E7
1518652800,16.95,16.95,15.49,16.32,2.8950225E7
1518739200,16.22,16.25,15.62,15.65,1.7797975E7
1519084800,15.63,16.23,15.625,15.85,2.227262E7
1519171200,15.8,16.04,15.29,15.3,1.6923664E7
1519257600,15.41,15.62,15.15,15.18,1.8251556E7
1519344000,15.29,15.55,15.11,15.54,1.3864993E7
1519603200,15.57,15.5986,15.2116,15.34,1.3662212E7
1519689600,15.3,15.5,14.99,15.0,1.2587922E7
1519776000,15.07,15.17,14.51,14.52,1.5725448E7
1519862400,14.55,14.94,14.37,14.53,1.360031E7
1519948800,14.46,14.89,14.27,14.86,1.1468734E7
1520208000,14.82,15.23,14.78,15.15,1.2024009E7
1520294400,15.26,15.32,15.0,15.03,9045204.0
1520380800,14.84,15.02,14.605,14.8,8609635.0
1520467200,14.86,14.93,14.62,14.83,1.0863135E7
1520553600,14.92,15.25,14.9,15.22,8747156.0
1520812800,15.13,15.405,15.021,15.09,1.0335613E7
1520899200,15.22,15.24,14.74,14.82,1.5732246E7
1520985600,14.95,15.03,14.8,14.87,1.2526382E7
1521072000,14.93,15.035,14.76,14.91,1.079798E7
1521158400,14.97,15.32,14.9048,15.12,1.9356808E7
1521417600,15.05,15.19,14.72,14.85,9637731.0
1521504000,14.98,15.37,14.95,15.26,1.2136774E7
1521590400,15.38,16.415,15.3,16.32,1.6591062E7
1521676800,16.08,16.15,15.68,15.84,1.1604368E7
1521763200,15.88,16.36,15.7,15.76,1.1890897E7
1522022400,16.03,16.3,15.83,16.27,1.3256208E7
1522108800,16.39,16.4,15.71,15.82,1.0584878E7
1522195200,15.83,15.95,15.28,15.32,1.1221623E7
1522281600,15.48,16.195,15.45,16.13,1.1153849E7
1522627200,16.01,16.06,15.22,15.57,1.0380676E7
1522713600,15.72,16.02,15.39,16.0,8402774.0
1522800000,15.65,15.92,15.5101,15.89,8410330.0
1522886400,15.99,16.985,15.97,16.8,2.0987261E7
1522972800,16.62,16.895,15.975,16.24,1.2888998E7
1523232000,16.41,16.7,16.34,16.35,8334551.0
1523318400,16.75,17.22,16.73,17.06,1.1617497E7
1523404800,16.96,17.63,16.89,17.52,1.6953072E7
1523491200,17.6,17.75,17.38,17.63,1.3817632E7
1523577600,17.84,18.5,17.8,18.16,1.8106385E7
1523836800,18.2,18.5,18.06,18.19,1.3165948E7
1523923200,18.28,18.37,18.11,18.15,1.5749373E7
1524009600,18.32,18.66,18.19,18.23,3.0393235E7
1524096000,18.32,18.3505,17.88,17.99,1.6333749E7
1524182400,17.99,18.03,17.675,18.02,1.1724401E7
1524441600,17.94,18.085,17.595,17.98,9203143.0
1524528000,18.11,18.28,17.62,17.71,1.1266324E7
1524614400,17.69,18.01,17.565,17.97,9692232.0
1524700800,18.08,18.55,17.99,18.46,1.2522362E7
1524787200,18.38,18.38,18.01,18.11,7276994.0
1525046400,18.07,18.49,18.07,18.25,1.8750446E7
1525132800,18.14,18.37,17.98,18.2,1.1228641E7
1525219200,18.18,18.5,18.15,18.3,1.1193934E7
1525305600,18.28,19.51,18.28,19.44,2.7319902E7
1525392000,19.5,19.94,19.29,19.72,1.6161632E7
1525651200,20.04,20.86,19.76,19.77,1.9009072E7
1525737600,19.8,20.46,19.15,20.44,1.8752177E7
1525824000,20.91,21.68,20.85,21.26,2.1226651E7
1525910400,21.36,21.41,20.99,21.14,1.315087E7
1525996800,21.17,21.23,20.91,21.0,9325967.0
1526256000,21.19,21.52,21.17,21.42,1.2014739E7
1526342400,21.3,21.38,20.96,21.27,1.1199008E7
1526428800,21.26,21.32,20.99,21.18,9687684.0
1526515200,21.35,21.766,21.28,21.65,1.0013474E7
1526601600,21.6,21.63,21.36,21.41,7895513.0
1526860800,21.63,21.94,21.56,21.9,1.0459922E7
1526947200,21.91,22.12,21.44,21.54,1.2205653E7
1527033600,21.36,21.785,21.21,21.63,1.0617529E7
1527120000,21.17,21.71,20.93,21.47,1.243082E7
1527206400,20.79,20.82,20.26,20.71,1.4058722E7
1527552000,20.39,20.83,20.31,20.68,9384920.0
1527638400,20.9,21.65,20.825,21.53,9503358.0
1527724800,21.33,21.83,21.2,21.43,1.2862507E7
1527811200,21.41,21.8,21.195,21.52,1.2991795E7
1528070400,21.72,21.84,21.04,21.08,1.2122553E7
1528156800,20.93,21.1538,20.42,20.58,1.246659E7
1528243200,20.74,20.825,20.34,20.7,1.1156286E7
1528329600,20.9,21.3366,20.81,21.1,8306422.0
1528416000,21.32,21.32,20.775,20.99,8879296.0
1528675200,21.01,21.64,20.86,21.47,1.0121701E7
1528761600,21.48,21.64,21.22,21.36,1.0768772E7
1528848000,21.23,21.62,21.19,21.47,1.1237962E7
1528934400,21.61,21.67,21.07,21.12,9308231.0
1529020800,21.01,21.05,19.88,19.99,2.223395E7
1529280000,19.99,20.645,19.97,20.32,1.4895335E7
1529366400,19.85,20.56,19.71,20.53,1.1348614E7
1529452800,20.8,21.08,20.58,21.06,1.1199095E7
1529539200,20.79,20.79,19.88,19.92,1.446461E7
1529625600,20.94,21.75,20.77,21.48,1.9248347E7
1529884800,21.38,21.485,20.255,20.3,1.3759744E7
1529971200,20.44,20.79,20.1,20.73,1.4072706E7
1530057600,21.15,21.4,20.97,21.22,1.4707143E7
1530144000,21.37,21.47,20.6,20.7,1.3084851E7
1530230400,20.74,21.36,20.71,20.86,1.3396238E7
1530489600,20.65,20.76,20.165,20.66,1.2467428E7
1530576000,21.0,21.62,20.9501,21.27,8530142.0
1530748800,21.4,21.52,20.665,20.7,8940090.0
1530835200,20.49,21.195,20.38,21.09,9373057.0
1531094400,21.24,21.93,21.16,21.91,1.1746371E7
1531180800,22.15,22.74,21.7,21.98,1.5721456E7
1531267200,21.72,22.13,21.141,21.3,1.1158902E7
1531353600,21.46,21.62,21.11,21.43,8909015.0
1531440000,21.49,21.76,21.4,21.48,8273929.0
1531699200,20.92,21.04,19.78,20.04,2.3620088E7
1531785600,19.77,20.24,19.7,20.06,1.1575691E7
1531872000,19.85,20.49,19.41,20.37,1.7404629E7
1531958400,20.17,20.62,20.11,20.54,1.2557758E7
1532044800,20.59,20.7,20.29,20.48,1.1074867E7
1532304000,20.71,20.74,20.38,20.46,7610487.0
1532390400,20.61,21.05,20.4701,20.85,6548613.0
1532476800,20.9,21.19,20.7893,21.18,6775325.0
1532563200,21.19,21.34,21.0499,21.24,7528128.0
1532649600,21.18,21.34,20.8,20.83,8492355.0
1532908800,21.12,21.355,21.06,21.11,8970087.0
1532995200,21.1,21.27,20.65,21.12,1.0416513E7
1533081600,20.82,20.85,20.12,20.31,1.2619181E7
1533168000,19.67,21.22,19.65,20.83,1.5249539E7
1533254400,20.73,20.775,20.29,20.54,1.3441689E7
1533513600,20.61,20.86,20.25,20.61,9921551.0
1533600000,20.89,21.22,20.65,20.72,1.0473868E7
1533686400,20.52,20.61,19.96,20.14,1.0732735E7
1533772800,20.17,20.29,19.96,20.09,8366903.0
1533859200,20.05,20.4499,19.98,20.38,5786055.0
1534118400,20.29,20.59,20.07,20.08,7071506.0
1534204800,20.34,20.67,20.27,20.45,7967141.0
1534291200,20.15,20.19,18.98,19.0,1.6138194E7
1534377600,19.2,19.575,19.17,19.32,1.0360454E7
1534464000,19.5,19.94,19.46,19.83,1.0455213E7
1534723200,19.78,20.145,19.72,19.98,7269201.0
1534809600,20.21,20.51,20.16,20.21,7817435.0
1534896000,20.5,21.11,20.43,20.87,1.0280347E7
1534982400,20.73,20.885,20.48,20.78,6363302.0
1535068800,21.0,21.28,20.5,20.61,1.0284908E7
1535328000,20.68,21.03,20.66,20.87,6251336.0
1535414400,20.95,21.06,20.455,20.7,1.0588163E7
1535500800,20.92,22.0145,20.92,21.77,1.7308302E7
1535587200,21.69,22.03,21.48,21.63,1.1242105E7
1535673600,21.51,21.6,21.2935,21.51,7197175.0
1536019200,21.68,21.8,21.04,21.06,6978148.0
1536105600,21.01,21.27,20.8,21.21,1.0397266E7
1536192000,21.15,21.17,20.12,20.36,1.2790973E7
1536278400,20.11,20.555,19.83,20.52,6896200.0
1536537600,20.65,20.79,20.35,20.35,5881100.0
1536624000,20.23,20.72,20.08,20.54,9748678.0
1536710400,20.83,20.97,20.405,20.56,8681000.0
1536796800,20.45,20.72,20.2,20.67,7607410.0
1536883200,20.66,21.03,20.6,20.88,8089131.0
1537142400,21.0,21.06,20.775,20.87,5858075.0
1537228800,21.08,21.695,21.0,21.5,8904846.0
1537315200,21.45,21.98,21.42,21.76,8008993.0
1537401600,21.95,22.08,21.36,21.55,7970079.0
1537488000,21.57,21.95,21.5,21.86,1.1655285E7
1537747200,22.21,22.76,22.1,22.34,1.7304588E7
1537833600,22.55,22.68,22.3,22.49,1.3944017E7
1537920000,22.39,22.9,22.22,22.44,1.3096259E7
1538006400,22.73,22.9,22.52,22.73,1.0788672E7
1538092800,22.69,23.67,22.65,23.28,1.1899435E7
1538352000,23.43,23.98,23.26,23.86,1.4321932E7
1538438400,23.8,23.88,23.41,23.51,9888603.0
1538524800,23.64,24.2,23.33,23.99,1.2575947E7
1538611200,23.82,24.135,23.43,23.72,1.09495E7
1538697600,23.69,23.99,23.02,23.41,9526936.0
1538956800,23.12,23.266,22.735,22.88,7871062.0
1539043200,23.0,23.21,22.7,22.93,9196075.0
1539129600,22.81,22.94,21.13,21.16,1.639706E7
1539216000,20.89,21.15,19.92,19.96,2.2326072E7
1539302400,20.58,20.7,20.01,20.52,1.5494854E7
1539561600,20.92,21.01,20.4149,20.84,1.1811242E7
1539648000,20.95,21.265,20.71,21.18,1.2526938E7
1539734400,21.14,21.15,20.455,20.89,9543955.0
1539820800,20.5,20.77,20.34,20.55,9053983.0
1539907200,20.8,21.02,20.56,20.67,1.3550955E7
1540166400,20.52,20.59,20.15,20.46,1.0419262E7
1540252800,19.86,19.88,19.17,19.48,1.8252703E7
1540339200,19.69,19.725,18.33,18.35,1.8081329E7
1540425600,18.69,19.05,18.39,18.79,1.1616959E7
1540512000,18.42,18.95,18.165,18.69,1.1082797E7
1540771200,18.83,18.86,17.775,18.15,1.1731778E7
1540857600,17.94,18.72,17.85,18.68,1.4023427E7
1540944000,18.96,19.76,18.89,18.99,1.4835413E7
1541030400,19.03,19.3149,18.51,18.61,1.2954014E7
1541116800,18.66,18.96,17.95,18.21,1.7873843E7
1541376000,18.51,18.7,18.36,18.69,1.010483E7
1541462400,18.8,18.82,17.9568,18.33,1.4573761E7
1541548800,18.6,18.94,18.18,18.51,1.9896469E7
1541635200,19.14,19.3,17.99,18.05,2.1615627E7
1541721600,17.68,18.0,17.21,17.84,1.7026279E7
1541980800,18.06,18.2,17.22,17.26,1.1315167E7
1542067200,17.19,17.32,16.37,16.47,2.1411319E7
1542153600,16.97,17.23,16.37,16.68,1.9490658E7
1542240000,16.68,17.22,16.59,17.15,1.4108063E7
1542326400,17.16,17.435,16.81,17.19,1.5480799E7
1542585600,16.8,17.285,16.79,17.12,1.08299E7
1542672000,16.61,16.69,15.8,15.93,1.4425596E7
1542758400,16.14,16.68,16.06,16.41,1.2515407E7
1542931200,15.68,16.025,15.49,15.65,7405061.0
1543190400,15.85,16.3,15.8483,16.23,1.0699174E7
1543276800,16.2,16.445,15.895,16.1,1.3631676E7
1543363200,16.11,16.5,15.86,16.49,1.0034349E7
1543449600,16.57,16.82,16.33,16.55,9998417.0
1543536000,16.3,16.77,16.08,16.69,1.3260439E7
1543795200,17.62,17.835,17.08,17.55,1.5108429E7
1543881600,17.57,17.76,16.77,16.82,1.3177523E7
1544054400,16.28,16.32,15.6,16.22,1.9130065E7
1544140800,16.74,17.14,16.03,16.05,2.1693595E7
1544400000,15.69,15.91,15.1333,15.3,1.5896318E7
1544486400,15.46,15.63,15.02,15.33,2.1603928E7
1544572800,15.7,16.06,15.51,15.52,1.8043767E7
1544659200,15.4,15.77,15.27,15.62,1.3073872E7
1544745600,15.41,15.53,14.95,15.04,1.270855E7
1545004800,14.94,15.18,14.62,14.72,1.3529514E7
1545091200,14.79,14.8,14.155,14.24,1.8485728E7
1545177600,14.43,14.69,13.78,13.86,1.454532E7
1545264000,13.61,13.96,13.42,13.61,2.0450972E7
1545350400,13.54,13.9,13.39,13.45,2.4619848E7
1545609600,13.25,13.36,12.66,12.66,7147912.0
1545782400,12.84,14.175,12.57,14.17,1.6234387E7
1545868800,13.8,14.3,13.57,14.29,1.2227235E7
1545955200,14.41,14.44,13.96,14.08,9668945.0
1546214400,14.23,14.36,14.03,14.34,9646866.0
1546387200,13.9,14.89,13.86,14.72,1.0497083E7
1546473600,14.74,14.92,14.2,14.62,1.091508E7
1546560000,14.97,15.43,14.79,15.41,1.4563501E7
1546819200,15.54,15.765,15.25,15.62,1.0186707E7
1546905600,15.88,15.97,15.3,15.48,1.2484826E7
1546992000,15.74,16.16,15.55,16.07,1.2816618E7
1547078400,15.85,16.42,15.7,16.35,1.3253774E7
1547164800,16.17,16.22,15.82,16.11,1.083459E7
1547424000,15.86,16.09,15.78,15.83,1.0729557E7
1547510400,15.98,16.16,15.78,15.83,1.0065826E7
1547596800,15.711,15.855,15.51,15.54,1.5802413E7
1547683200,15.39,15.87,15.33,15.79,1.0236061E7
1547769600,15.99,16.15,15.79,16.1,1.1621094E7
1548115200,15.88,15.92,15.54,15.69,1.3352919E7
1548201600,15.77,15.84,15.37,15.56,9966797.0
1548288000,15.49,15.93,15.445,15.8,7734244.0
1548374400,15.94,16.14,15.88,15.9,9403828.0
1548633600,15.6,15.84,15.51,15.83,7330965.0
1548720000,16.01,16.1,15.865,15.91,8009899.0
1548806400,16.07,16.17,15.84,16.02,9960579.0
1548892800,16.03,16.1,15.59,15.79,1.2572488E7
1548979200,15.88,16.24,15.81,16.0,1.2970321E7
1549238400,15.84,16.25,15.835,16.15,1.3278864E7
1549324800,16.08,16.195,15.87,15.94,7258778.0
1549411200,15.8,16.08,15.73,15.91,9737308.0
1549497600,15.76,15.83,15.18,15.27,1.3165628E7
1549584000,15.27,15.32,14.83,15.13,1.132994E7
1549843200,14.94,15.36,14.9005,15.27,1.1886028E7
1549929600,15.63,15.77,15.395,15.45,1.3141519E7
1550016000,15.57,15.88,15.39,15.55,2.5621097E7
1550102400,15.8,17.29,15.65,16.91,3.596999E7
1550188800,17.1,17.25,16.94,17.08,1.6683487E7
1550534400,16.89,17.18,16.845,17.03,1.1336295E7
1550620800,17.02,17.33,16.9601,17.08,1.439469E7
1550707200,17.05,17.13,16.61,16.68,1.040508E7
1550793600,16.85,17.03,16.58,16.89,1.213234E7
1551052800,16.71,16.9,16.65,16.67,1.3679919E7
1551139200,16.63,16.83,16.5,16.52,1.0659681E7
1551225600,16.63,17.08,16.51,16.79,9759438.0
1551312000,16.85,16.85,16.46,16.6,1.3445073E7
1551398400,16.68,17.12,16.68,17.08,1.155991E7
1551657600,17.17,17.39,17.0,17.28,1.1720472E7
1551744000,17.47,17.475,17.15,17.27,9931486.0
1551830400,17.16,17.19,16.75,16.86,1.0385885E7
1551916800,16.92,17.05,16.735,16.86,1.1165805E7
1552003200,16.44,16.44,16.03,16.27,1.3041621E7
1552262400,16.44,16.63,16.2,16.57,1.0014488E7
1552348800,16.65,16.93,16.63,16.9,8681382.0
1552435200,17.17,17.36,17.035,17.32,9722456.0
1552521600,17.32,17.415,17.245,17.26,9602659.0
1552608000,17.13,17.43,17.09,17.27,1.2215336E7
1552867200,17.38,17.52,17.26,17.39,1.0376151E7
1552953600,17.53,17.54,17.035,17.12,9457735.0
1553040000,17.078,17.79,17.02,17.6,1.305211E7
1553126400,17.57,17.77,17.3,17.69,1.2806802E7
1553212800,17.52,17.58,16.56,16.68,1.6337484E7
1553472000,16.59,16.81,16.42,16.71,1.1803835E7
1553558400,16.92,17.33,16.92,17.11,1.4592981E7
1553644800,17.13,17.24,16.92,17.06,7851445.0
1553731200,16.88,16.97,16.645,16.82,1.4927697E7
1553817600,17.07,17.13,16.67,16.71,9442604.0
1554076800,16.9,17.4,16.82,17.39,1.4543366E7
1554163200,17.39,17.68,17.1,17.13,1.1499566E7
1554249600,17.26,17.42,16.83,16.93,1.1452255E7
1554336000,16.97,17.19,16.79,17.14,6670661.0
1554422400,17.17,17.72,17.17,17.7,9184797.0
1554681600,17.77,17.875,17.49,17.6,9828418.0
1554768000,17.49,17.51,17.185,17.26,8182579.0
1554854400,17.4,17.49,17.2,17.45,8858174.0
1554940800,17.31,17.535,17.0648,17.19,9147835.0
1555027200,17.81,17.94,17.61,17.76,1.1850756E7
1555286400,17.67,17.75,17.35,17.38,8834465.0
1555372800,17.57,17.585,17.245,17.47,1.113927E7
1555459200,17.58,17.82,17.55,17.74,1.1885652E7
1555545600,17.74,17.8,17.5005,17.62,9068989.0
1555891200,17.93,18.83,17.89,18.78,1.9197174E7
1555977600,18.81,18.93,18.535,18.68,1.2840774E7
1556064000,18.87,18.89,18.11,18.15,1.2950174E7
1556150400,18.16,18.35,17.92,17.93,1.0285733E7
1556236800,17.75,17.76,17.13,17.38,1.0651664E7
1556496000,17.35,17.39,17.105,17.15,8335693.0
1556582400,17.36,17.38,16.99,17.04,9491389.0
1556668800,17.07,17.15,16.52,16.53,1.3709315E7
1556755200,15.86,16.3,15.35,15.52,2.8035154E7
1556841600,15.7,15.9105,15.5,15.68,1.5721801E7
1557100800,15.34,15.83,15.27,15.77,1.0869488E7
1557187200,15.5,15.56,15.25,15.51,1.4874814E7
1557273600,15.43,15.91,15.38,15.56,1.2232789E7
1557360000,15.4,15.48,15.16,15.27,1.0373024E7
1557446400,15.2,15.33,15.01,15.26,9029506.0
1557705600,15.13,15.265,14.86,15.03,1.0308064E7
1557792000,15.03,15.66,15.03,15.46,9638432.0
1557878400,15.27,15.54,15.19,15.43,7123527.0
1557964800,15.55,15.82,15.53,15.71,9776165.0
1558051200,15.55,15.67,15.46,15.47,9007001.0
1558310400,15.41,15.76,15.4,15.54,1.0925947E7
1558396800,15.61,16.02,15.6,15.84,1.1141881E7
1558483200,15.65,15.7383,15.31,15.43,1.2054027E7
1558569600,15.1,15.15,14.5,14.56,1.4136619E7
1558656000,14.75,14.86,14.305,14.43,8827397.0
1559001600,14.5,14.55,14.29,14.33,8829963.0
1559088000,14.0,14.1,13.83,14.09,1.4676857E7
1559174400,14.06,14.16,13.57,13.62,1.2146343E7
1559260800,13.21,13.41,13.06,13.15,1.3256422E7
1559520000,13.28,13.56,13.22,13.33,1.2762868E7
1559606400,13.46,13.59,13.26,13.45,1.0045916E7
1559692800,13.48,13.52,12.955,13.19,1.7933914E7
1559779200,13.21,13.38,13.02,13.25,1.3406278E7
1559865600,13.25,13.51,13.1732,13.31,1.1536265E7
1560124800,13.32,13.635,13.31,13.45,8306224.0
1560211200,13.61,13.735,13.4,13.41,8501089.0
1560297600,13.21,13.2867,12.9628,13.02,1.1110736E7
1560384000,13.13,13.29,13.04,13.28,1.2087876E7
1560470400,13.23,13.32,12.9,12.98,9028002.0
1560729600,12.9,13.38,12.8,13.33,1.063176E7
1560816000,13.45,13.785,13.415,13.67,1.1841058E7
1560902400,13.68,13.85,13.4876,13.63,9804574.0
1560988800,13.98,14.29,13.91,14.11,1.7483082E7
1561075200,14.22,14.36,14.04,14.05,1.3234057E7
1561334400,14.1,14.16,13.805,13.93,8721780.0
1561420800,13.87,14.05,13.79,13.9,9211829.0
1561507200,14.15,14.565,14.0538,14.39,1.0871827E7
1561593600,14.39,14.48,14.14,14.2,7430860.0
1561680000,14.22,14.31,14.07,14.21,1.0205448E7
1561939200,14.58,14.7,14.12,14.25,9195870.0
1562025600,14.25,14.25,13.54,13.55,1.1176252E7
1562112000,13.56,13.67,13.43,13.66,6382781.0
1562284800,13.59,13.78,13.53,13.76,7194585.0
1562544000,13.67,13.875,13.51,13.52,7711572.0
1562630400,13.48,13.57,13.2,13.54,7237247.0
1562716800,13.7,13.98,13.65,13.9,7363724.0
1562803200,13.91,13.97,13.62,13.65,5848768.0
1562889600,13.66,13.97,13.6101,13.92,7002984.0
1563148800,13.93,13.95,13.45,13.48,9323210.0
1563235200,13.43,13.64,13.19,13.32,1.1432042E7
1563321600,13.29,13.43,13.18,13.22,1.2724133E7
1563408000,13.17,13.445,13.15,13.38,9858836.0
1563494400,13.42,13.69,13.3,13.66,9224067.0
1563753600,13.63,13.81,13.55,13.67,1.0073343E7
1563840000,13.65,13.78,13.52,13.76,7851838.0
1563926400,13.71,14.11,13.68,13.97,8340262.0
1564012800,14.08,14.13,13.645,13.75,8621641.0
1564099200,13.73,13.81,13.55,13.75,7039968.0
1564358400,13.72,13.78,13.33,13.5,9132843.0
1564444800,13.41,14.24,13.35,14.13,1.1972697E7
1564531200,14.12,14.37,13.905,14.07,9589585.0
1564617600,13.82,13.915,13.32,13.53,1.6134909E7
1564704000,13.57,13.685,12.92,13.28,1.4177756E7
1564963200,12.99,12.99,12.46,12.5,1.6870749E7
1565049600,12.54,12.7,12.055,12.16,1.3255323E7
1565136000,11.82,12.14,11.56,12.05,2.0579082E7
1565222400,12.6,12.87,12.22,12.86,2.0747187E7
1565308800,12.95,13.14,12.79,12.87,1.1947796E7
1565568000,12.79,12.99,12.7,12.74,1.0451522E7
1565654400,12.68,13.27,12.52,12.95,1.2005147E7
1565740800,12.52,12.64,12.27,12.3,1.432584E7
1565827200,12.23,12.32,11.93,12.02,1.2160389E7
1565913600,12.1,12.495,12.015,12.45,1.0589472E7
1566172800,12.68,12.95,12.65,12.88,9857274.0
1566259200,12.72,12.77,12.58,12.62,8523875.0
1566345600,12.81,12.88,12.385,12.42,1.1897622E7
1566432000,12.44,12.4901,12.25,12.26,7948208.0
1566518400,12.04,12.25,11.71,11.75,1.4135819E7
1566777600,11.91,11.9643,11.585,11.63,8680270.0
1566864000,11.73,11.76,11.39,11.53,8011910.0
1566950400,11.66,12.06,11.565,11.94,9074733.0
1567036800,12.06,12.36,12.05,12.2,1.0028733E7
1567123200,12.24,12.28,11.77,11.84,9587364.0
1567468800,11.5,11.79,11.386,11.77,1.0041713E7
1567555200,11.91,12.14,11.865,12.11,7214116.0
1567641600,12.24,12.685,12.22,12.54,1.1374808E7
1567728000,12.44,12.55,12.2185,12.45,1.2410031E7
1567987200,12.64,12.94,12.56,12.9,1.2783045E7
1568073600,12.97,13.25,12.74,12.83,1.0453852E7
1568160000,12.96,13.32,12.795,13.01,1.17363E7
1568246400,12.72,12.85,12.44,12.58,1.4044434E7
1568332800,12.76,12.93,12.51,12.7,7715677.0
1568592000,14.08,14.39,13.68,14.17,2.9418258E7
1568678400,14.1,14.1,13.01,13.07,2.0206145E7
1568764800,12.9,13.21,12.78,13.03,1.7022221E7
1568851200,13.17,13.3,12.95,13.04,1.2423388E7
1568937600,13.12,13.32,12.97,13.18,1.578945E7
1569196800,13.0,13.18,12.93,13.1,9833713.0
1569283200,12.95,12.99,12.14,12.22,1.6160596E7
1569369600,11.96,12.37,11.94,12.32,1.3340957E7
1569456000,12.14,12.23,11.83,11.94,1.2847947E7
1569542400,11.76,12.305,11.75,12.2,1.413162E7
1569801600,12.08,12.305,12.065,12.27,9184331.0
1569888000,12.37,12.5,11.79,11.79,1.2563998E7
1569974400,11.74,11.82,11.28,11.3,1.5468764E7
1570060800,11.16,11.71,11.07,11.66,1.2367298E7
1570147200,11.58,11.69,11.32,11.56,1.0752332E7
1570406400,11.56,11.645,11.325,11.41,1.3261486E7
1570492800,11.25,11.38,11.09,11.09,1.0462404E7
1570579200,11.27,11.37,11.06,11.19,1.0536092E7
1570665600,11.23,11.49,11.19,11.4,1.0753445E7
1570752000,11.54,11.85,11.53,11.74,1.0328337E7
1571011200,11.53,11.89,11.37,11.78,1.2674555E7
1571097600,11.68,12.01,11.61,11.84,1.1031602E7
1571184000,11.82,11.95,11.62,11.62,8065230.0
1571270400,11.67,11.69,11.36,11.55,9806743.0
1571356800,11.54,11.7,11.26,11.3,1.2563846E7
1571616000,11.27,11.55,11.23,11.53,7367415.0
1571702400,11.54,11.97,11.39,11.73,9289672.0
1571788800,11.71,12.2,11.535,12.01,9642752.0
1571875200,12.11,12.155,11.68,11.94,8256416.0
1571961600,11.91,12.03,11.72,11.98,1.0132235E7
1572220800,12.05,12.19,11.84,11.94,7489890.0
1572307200,11.79,12.17,11.59,12.01,8982747.0
1572393600,12.07,12.09,11.52,11.56,1.1170919E7
1572480000,11.52,11.61,11.225,11.53,1.1492008E7
1572566400,11.65,12.09,11.62,12.05,1.2586634E7
1572825600,12.32,12.585,12.29,12.52,1.3325156E7
1572912000,12.65,12.97,12.61,12.64,1.4027151E7
1572998400,12.56,12.7,12.12,12.18,1.8587155E7
1573084800,12.61,12.66,12.12,12.56,1.6015324E7
1573171200,12.33,12.55,11.99,12.53,1.556726E7
1573430400,12.27,12.35,12.075,12.16,1.1866803E7
1573516800,12.2,12.365,11.91,12.01,1.2294124E7
1573603200,11.88,12.1,11.81,11.87,1.1762385E7
1573689600,11.92,12.15,11.83,11.89,9465225.0
1573776000,11.96,12.26,11.96,12.1,9164451.0
1574035200,11.95,11.98,11.6207,11.78,9683094.0
1574121600,11.68,11.74,11.39,11.46,9683155.0
1574208000,11.48,11.95,11.39,11.69,1.3862476E7
1574294400,11.76,11.9,11.62,11.89,1.1167466E7
1574380800,11.93,12.22,11.88,12.2,1.5753068E7
1574640000,12.12,12.22,11.96,12.11,1.8271401E7
1574726400,12.12,12.12,11.8,11.83,1.8973993E7
1574812800,11.84,11.93,11.63,11.88,9950653.0
1574985600,11.68,11.76,11.51,11.65,7395405.0
1575244800,11.79,12.03,11.72,11.96,1.2643283E7
1575331200,11.74,11.87,11.5751,11.76,1.0620869E7
1575417600,11.95,12.29,11.9,12.17,1.2499151E7
1575504000,12.25,12.33,11.96,12.04,1.0411742E7
1575590400,12.09,12.5,12.06,12.45,1.1118965E7
1575849600,12.34,12.69,12.29,12.59,9266283.0
1575936000,12.59,12.76,12.5,12.59,8363555.0
1576022400,12.55,12.695,12.545,12.61,7991428.0
1576108800,12.66,13.08,12.61,13.03,1.080886E7
1576195200,13.14,13.23,12.71,12.72,9688674.0
1576454400,12.86,13.23,12.86,13.13,1.0286387E7
1576540800,13.08,13.43,13.05,13.37,1.1856434E7
1576627200,13.33,13.55,13.3,13.42,1.2425128E7
1576713600,13.37,13.473,13.15,13.18,1.1183659E7
1576800000,13.28,13.29,13.075,13.21,2.0635187E7
1577059200,13.19,13.6,13.18,13.56,1.0030776E7
1577145600,13.6,13.73,13.555,13.62,4065022.0
1577318400,13.78,13.89,13.66,13.69,7329294.0
1577404800,13.75,13.75,13.45,13.48,7387007.0
1577664000,13.52,13.605,13.39,13.42,6504938.0
1577750400,13.29,13.61,13.19,13.58,7027777.0
1577923200,13.69,13.75,13.55,13.68,1.0127979E7
1578009600,14.05,14.07,13.6,13.75,1.4861485E7
1578268800,13.84,14.01,13.74,13.96,1.2023778E7
1578355200,13.76,13.84,13.605,13.79,9623861.0
1578441600,13.8,13.82,13.02,13.28,1.5595341E7
1578528000,13.09,13.49,12.91,13.45,1.4048333E7
1578614400,13.39,13.39,13.12,13.18,1.121028E7
1578873600,13.08,13.26,12.89,13.19,1.2674675E7
1578960000,13.21,13.33,13.08,13.28,1.1710731E7
1579046400,13.21,13.3751,13.12,13.24,8458577.0
1579132800,13.34,13.467,13.27,13.34,9898772.0
1579219200,13.36,13.39,13.14,13.21,8375328.0
1579564800,13.14,13.18,12.84,12.85,1.2326616E7
1579651200,12.83,12.83,12.43,12.45,1.0680715E7
1579737600,12.25,12.3794,11.96,12.22,1.09749E7
1579824000,12.12,12.14,11.74,11.93,1.4343406E7
1580083200,11.63,11.79,11.57,11.69,1.6137376E7
1580169600,11.79,11.85,11.6121,11.77,1.1954989E7
1580256000,11.87,11.99,11.735,11.75,1.4526485E7
1580342400,11.55,11.895,11.55,11.86,1.6276283E7
1580428800,11.65,11.7296,11.36,11.37,2.1638321E7
1580688000,11.34,11.58,11.25,11.47,1.459174E7
1580774400,11.76,11.97,11.7,11.77,1.501742E7
1580860800,12.0,12.3,12.0,12.16,1.4443926E7
1580947200,12.22,12.25,11.91,11.92,1.1759932E7
1581033600,11.75,11.825,11.61,11.68,1.0401692E7
1581292800,11.56,11.61,11.2941,11.38,1.2410004E7
1581379200,11.58,11.71,11.425,11.57,1.1352065E7
1581465600,11.85,11.97,11.46,11.61,2.3898517E7
1581552000,11.27,11.28,10.64,11.11,3.0411397E7
1581638400,11.13,11.1901,10.59,10.64,1.9189545E7
1581984000,10.45,10.505,10.28,10.3,1.7998235E7
1582070400,10.35,10.52,10.15,10.47,1.7660373E7
1582156800,10.55,10.6,10.24,10.25,1.4551112E7
1582243200,10.15,10.22,9.97,10.11,1.8987885E7
1582502400,9.64,9.64,9.39,9.46,2.1076854E7
1582588800,9.5,9.51,8.81,8.92,2.7736221E7
1582675200,8.99,9.0,8.39,8.41,2.697665E7
1582761600,8.01,8.435,7.81,7.93,3.5230801E7
1582848000,7.57,8.298,7.54,8.28,3.2563556E7
1583107200,8.45,8.45,7.93,8.34,2.3726117E7
1583193600,8.32,8.47,7.85,8.08,2.8467075E7
1583280000,8.23,8.31,7.94,8.11,1.9274366E7
1583366400,7.86,7.95,7.67,7.8,1.9893921E7
1583452800,7.45,7.58,6.78,6.83,3.1805326E7
1583712000,4.21,5.0,3.315,3.63,1.0529246E8
1583798400,4.85,4.87,3.52,4.4,1.03558771E8
1583884800,4.22,4.49,4.0,4.09,6.9932111E7
1583971200,3.78,4.2,3.65,3.98,5.1908762E7
1584057600,4.36,4.53,3.71,4.53,4.6499476E7
1584316800,3.81,4.51,3.8,4.0,4.0301328E7
1584403200,4.15,4.17,3.55,3.62,4.3146511E7
1584489600,3.5,3.66,3.2,3.45,3.7555231E7
1584576000,3.5,3.93,3.41,3.83,3.8897535E7
1584662400,4.0,4.04,3.42,3.56,4.8008112E7
1584921600,3.56,3.6,3.31,3.35,3.2313288E7
1585008000,3.69,3.71,3.46,3.61,4.5462996E7
1585094400,3.8,3.87,3.41,3.58,4.5456375E7
1585180800,3.73,4.06,3.595,3.88,5.0200006E7
1585267200,3.72,3.77,3.49,3.52,4.4091858E7
1585526400,3.49,3.5,3.15,3.24,5.1862485E7
1585612800,3.46,3.52,3.25,3.29,4.5654201E7
1585699200,3.22,3.29,3.02,3.12,5.2822623E7
1585785600,3.26,3.74,3.15,3.47,8.646504E7
1585872000,3.73,3.8,3.33,3.65,6.972817E7
1586131200,3.69,3.74,3.51,3.62,6.3813571E7
1586217600,3.89,4.15,3.6,3.68,7.6558193E7
1586304000,3.91,3.96,3.66,3.95,6.0575907E7
1586390400,4.35,4.55,3.82,4.12,1.0080616E8
1586736000,4.43,4.45,4.15,4.39,5.6835383E7
1586822400,4.35,4.36,4.1,4.25,4.5640891E7
1586908800,3.95,4.24,3.9224,4.23,4.2160607E7
1586995200,4.22,4.22,3.88,3.89,4.0223079E7
1587081600,3.95,4.35,3.92,4.35,4.8008481E7
1587340800,4.0,4.37,3.98,4.21,5.0013421E7
1587427200,4.11,4.32,3.96,4.24,4.1721323E7
1587513600,4.4,4.605,4.4,4.53,3.8178656E7
1587600000,4.76,5.0,4.66,4.84,4.7762763E7
1587686400,5.0,5.15,4.75,4.93,5.2861671E7
1587945600,4.8,4.96,4.57,4.85,3.2910601E7
1588032000,4.96,5.07,4.8,4.99,3.0201415E7
1588118400,5.19,5.88,5.18,5.85,4.9212863E7
1588204800,6.31,6.34,5.75,6.12,7.6939689E7
1588291200,5.89,6.025,5.46,5.5,3.7538048E7
1588550400,5.34,5.81,5.24,5.81,3.107417E7
1588636800,6.2,6.25,5.5,5.53,5.1969938E7
1588723200,5.61,5.79,5.45,5.6,3.0065962E7
1588809600,5.62,5.81,5.35,5.51,4.1313095E7
1588896000,5.6,5.79,5.52,5.78,3.3772204E7
1589155200,5.7,5.835,5.61,5.75,2.9104451E7
1589241600,5.83,6.23,5.81,5.96,4.6900349E7
1589328000,5.9,5.93,5.36,5.56,6.7595822E7
1589414400,5.43,5.79,5.2,5.64,3.3303674E7
1589500800,5.62,5.78,5.57,5.61,3.5936015E7
1589760000,5.94,6.2,5.89,6.08,4.5410758E7
1589846400,6.03,6.05,5.79,5.82,3.4827532E7
1589932800,5.92,6.07,5.88,5.95,3.6032452E7
1590019200,6.0,6.11,5.86,5.94,3.0115771E7
1590105600,5.88,5.93,5.75,5.89,1.9179922E7
1590451200,6.07,6.12,5.925,6.03,2.8896742E7
1590537600,6.12,6.15,5.86,6.15,3.5656269E7
1590624000,6.11,6.11,5.7,5.7,4.6706986E7
1590710400,5.64,5.65,5.31,5.34,1.07575361E8
1590969600,5.34,5.69,5.25,5.69,4.4238359E7
1591056000,5.77,5.87,5.73,5.86,3.6405453E7
1591142400,5.97,6.0121,5.84,5.95,3.3631195E7
1591228800,5.93,6.24,5.82,6.23,4.7124922E7
1591315200,6.86,7.45,6.79,7.32,6.5424624E7
1591574400,8.42,8.48,7.85,8.43,7.0676913E7
1591660800,7.95,8.02,7.5,7.66,4.8244418E7
1591747200,7.52,7.54,7.1,7.11,3.8036819E7
1591833600,6.31,6.785,6.19,6.26,4.2126054E7
1591920000,6.78,6.82,6.315,6.58,3.774505E7
1592179200,6.22,6.6974,6.12,6.6,3.021482E7
1592265600,6.97,7.0,6.5706,6.74,3.7950695E7
1592352000,6.71,6.71,6.36,6.37,3.2768601E7
1592438400,6.31,6.57,6.23,6.49,1.9947751E7
1592524800,6.7,6.7,6.27,6.36,4.4425607E7
1592784000,6.26,6.3,6.07,6.27,2.500615E7
1592870400,6.4,6.44,6.26,6.33,2.4071937E7
1592956800,6.16,6.2,5.73,5.79,3.2388609E7
1593043200,5.65,5.99,5.55,5.98,2.53892E7
1593129600,5.87,5.89,5.62,5.74,2.8808288E7
1593388800,5.79,5.99,5.66,5.96,2.4802815E7
1593475200,5.91,6.15,5.8,6.12,2.3412118E7
1593561600,6.17,6.23,5.89,5.95,2.4093766E7
1593648000,6.13,6.27,6.0,6.12,2.886805E7
1593993600,6.22,6.22,5.71,5.86,3.6221872E7
1594080000,5.78,5.79,5.56,5.57,2.5392509E7
1594166400,5.6,5.72,5.47,5.67,2.4066222E7
1594252800,5.66,5.72,5.27,5.27,2.4227948E7
1594339200,5.21,5.41,5.12,5.35,3.2454199E7
1594598400,5.38,5.41,5.13,5.13,3.2414779E7
1594684800,5.09,5.395,4.97,5.37,3.2180874E7
1594771200,5.58,5.71,5.41,5.69,3.0837805E7
1594857600,5.57,5.86,5.48,5.72,2.063104E7
1594944000,5.74,5.84,5.47,5.51,2.4785359E7
1595203200,5.5,5.618,5.41,5.49,2.0886538E7
1595289600,5.61,5.96,5.61,5.86,3.7245147E7
1595376000,5.79,5.825,5.6,5.79,2.3132023E7
1595462400,5.8,5.88,5.69,5.76,2.0648208E7
1595548800,5.76,5.92,5.7,5.72,1.824683E7
1595808000,5.73,5.73,5.48,5.63,2.147292E7
1595894400,5.54,5.69,5.52,5.53,1.4634031E7
1595980800,5.58,5.74,5.51,5.74,1.6081217E7
1596067200,5.57,5.61,5.4,5.51,2.0415714E7
1596153600,5.48,5.535,5.36,5.49,2.1249455E7
1596412800,5.49,5.59,5.34,5.52,2.2435659E7
1596499200,5.48,5.85,5.48,5.78,2.4005277E7
1596585600,5.94,6.08,5.85,5.98,3.3060129E7
1596672000,5.85,5.885,5.62,5.68,3.1515125E7
1596758400,5.62,5.75,5.455,5.74,2.8780715E7
1597017600,5.77,6.07,5.72,6.04,2.5702967E7
1597104000,6.21,6.36,5.91,5.94,2.8332668E7
1597190400,6.14,6.15,5.85,5.98,2.0526994E7
1597276800,5.93,6.02,5.81,5.89,1.6856163E7
1597363200,5.8,6.05,5.78,6.05,1.6328599E7
1597622400,6.02,6.05,5.81,5.92,2.2005501E7
1597708800,5.84,6.03,5.79,5.95,2.6614689E7
1597795200,5.9,5.92,5.7,5.73,2.4296108E7
1597881600,5.63,5.68,5.46,5.51,2.300764E7
1597968000,5.46,5.47,5.25,5.27,2.7861279E7
1598227200,5.35,5.55,5.27,5.45,2.1120747E7
1598313600,5.53,5.59,5.37,5.49,1.7781848E7
1598400000,5.46,5.5,5.28,5.3,1.5400135E7
1598486400,5.37,5.38,5.22,5.36,1.9257373E7
1598572800,5.36,5.44,5.28,5.39,1.8881423E7
1598832000,5.39,5.4,5.24,5.28,2.4298754E7
1598918400,5.26,5.34,5.16,5.32,1.7461065E7
1599004800,5.27,5.32,5.1,5.12,2.48209E7
1599091200,5.1,5.23,4.95,4.99,2.7732797E7
1599177600,5.03,5.11,4.85,4.93,3.0189233E7
1599523200,4.77,4.79,4.5,4.5,3.5070664E7
1599609600,4.56,4.56,4.41,4.54,2.7643914E7
1599696000,4.51,4.56,4.36,4.36,3.5742163E7
1599782400,4.39,4.48,4.34,4.47,3.0568174E7
1600041600,4.47,4.4879,4.36,4.4,2.2333008E7
1600128000,4.4,4.4976,4.32,4.34,2.2956325E7
1600214400,4.42,4.67,4.35,4.56,3.52222E7
1600300800,4.48,4.7,4.465,4.68,2.2619995E7
1600387200,4.6602,4.87,4.65,4.82,4.9201583E7
1600646400,4.64,4.65,4.49,4.56,2.3009037E7
1600732800,4.59,4.69,4.44,4.47,1.7571431E7
1600819200,4.5,4.53,4.21,4.21,2.0822221E7
1600905600,4.19,4.4,4.02,4.31,2.867283E7
1600992000,4.23,4.28,4.08,4.14,2.4451436E7
1601251200,4.21,4.37,4.13,4.29,2.5052276E7
1601337600,4.26,4.27,4.04,4.16,2.3584779E7
1601424000,4.15,4.21,4.06,4.09,2.4668526E7
1601510400,4.05,4.08,3.93,3.95,2.5383247E7
1601596800,3.82,4.13,3.79,4.12,3.3777365E7
1601856000,4.21,4.24,4.09,4.23,2.6467172E7
1601942400,4.29,4.38,4.03,4.04,2.9787736E7
1602028800,4.1,4.15,4.03,4.13,2.1641171E7
1602115200,4.11,4.38,4.06,4.38,2.5876336E7
1602201600,4.41,4.475,4.2,4.26,2.3129938E7
1602460800,4.24,4.32,4.18,4.29,2.4537299E7
1602547200,4.21,4.3282,4.19,4.23,2.1208534E7
1602633600,4.26,4.47,4.2,4.2,2.3466306E7
1602720000,4.15,4.27,4.06,4.27,2.1728163E7
1602806400,4.23,4.23,4.07,4.07,2.5005833E7
1603065600,4.1,4.14,3.98,3.98,2.8806284E7
1603152000,4.01,4.19,4.0,4.15,2.7770559E7
1603238400,4.11,4.225,4.06,4.1,2.731851E7
1603324800,4.11,4.4,4.09,4.37,2.983156E7
1603411200,4.4,4.56,4.37,4.44,3.0662123E7
1603670400,4.29,4.3,4.1,4.13,2.7976581E7
1603756800,4.11,4.19,4.04,4.13,2.9113804E7
1603843200,3.98,4.0,3.82,3.85,3.5781593E7
1603929600,3.81,3.99,3.73,3.99,3.3146254E7
1604016000,3.94,4.01,3.83,3.96,2.8399618E7
1604275200,3.98,4.22,3.86,4.15,2.8883791E7
1604361600,4.25,4.3,4.1,4.14,2.7651058E7
1604448000,4.12,4.34,3.995,4.27,4.8596152E7
1604534400,4.29,4.51,4.21,4.29,5.1484419E7
1604620800,4.26,4.42,4.1,4.13,3.3393281E7
1604880000,4.67,5.19,4.67,5.09,6.3052025E7
1604966400,5.2,5.22,4.89,5.07,3.8749014E7
1605052800,5.15,5.22,5.01,5.07,2.9621487E7
1605139200,4.96,5.14,4.77,4.82,2.5598488E7
1605225600,4.87,5.075,4.86,5.06,2.2610827E7
1605484800,5.32,5.48,5.215,5.48,3.6501624E7
1605571200,5.32,5.54,5.21,5.5,3.1148596E7
1605657600,5.54,5.86,5.48,5.49,4.1398464E7
1605744000,5.46,5.71,5.37,5.69,2.0316532E7
1605830400,5.67,5.73,5.51,5.6,3.0192804E7
1606089600,5.72,6.19,5.71,6.17,4.2087002E7
1606176000,6.5,6.63,6.34,6.45,4.22523E7
1606262400,6.4,6.6,6.24,6.43,2.7827313E7
1606435200,6.46,6.53,6.31,6.35,1.4842049E7
1606694400,6.28,6.32,5.9,5.92,3.3838824E7
1606780800,6.15,6.19,5.8,5.86,3.1057693E7
1606867200,5.79,6.28,5.7601,6.06,2.9016058E7
1606953600,6.14,6.31,6.005,6.19,3.5813078E7
1607040000,6.37,6.85,6.345,6.85,4.1865943E7
1607299200,6.81,6.89,6.61,6.69,3.3211996E7
1607385600,6.62,7.15,6.59,7.07,3.6805074E7
1607472000,7.26,7.4,6.98,7.15,5.0265655E7
1607558400,7.17,7.46,7.11,7.3,4.008928E7
1607644800,7.31,7.31,7.0,7.06,2.5131169E7
1607904000,7.2,7.25,6.68,6.72,2.7356704E7
1607990400,6.74,6.95,6.67,6.91,2.3436358E7
1608076800,7.01,7.18,6.875,6.97,2.5400698E7
1608163200,7.03,7.06,6.86,6.91,1.9920749E7
1608249600,6.93,6.9833,6.66,6.73,2.9291192E7
1608508800,6.35,6.67,6.2717,6.55,2.415637E7
1608595200,6.53,6.59,6.31,6.31,1.9501918E7
1608681600,6.41,6.96,6.4,6.81,3.078061E7
1608768000,6.78,6.79,6.45,6.63,1.5690749E7
1609113600,6.73,6.84,6.585,6.63,1.544675E7
1609200000,6.71,6.74,6.5,6.57,1.6760037E7
1609286400,6.58,6.84,6.5491,6.8,1.9212903E7
1609372800,6.74,6.78,6.625,6.67,1.7295282E7
1609718400,6.78,6.89,6.595,6.83,3.1494314E7
1609804800,6.91,7.82,6.91,7.45,5.3060783E7
1609891200,7.57,7.67,7.33,7.5,4.4669793E7
1609977600,7.6,7.855,7.55,7.69,3.1072421E7
1610064000,7.85,7.85,7.45,7.55,2.6139619E7
1610323200,7.27,7.67,7.17,7.64,2.6175988E7
1610409600,7.87,8.4,7.775,8.39,4.1169166E7
1610496000,8.41,8.41,7.91,8.04,3.3794914E7
1610582400,8.19,8.83,8.18,8.67,3.4978608E7
1610668800,8.55,8.57,8.1,8.25,3.057386E7
1611014400,8.48,8.65,8.35,8.57,2.6310188E7
1611100800,8.7,8.79,8.355,8.62,2.7405691E7
1611187200,8.49,8.56,8.08,8.25,3.187847E7
1611273600,8.06,8.22,7.9,8.15,2.6298307E7
1611532800,8.0,8.02,7.62,7.82,3.1204353E7
1611619200,7.96,8.08,7.44,7.47,3.2866321E7
1611705600,7.25,7.93,7.2201,7.54,2.9600564E7
1611792000,7.68,7.88,7.35,7.56,2.9162179E7
1611878400,7.53,7.72,7.21,7.24,2.3929844E7
1612137600,7.36,7.45,7.2,7.34,1.7466551E7
1612224000,7.65,7.715,7.33,7.38,1.991674E7
1612310400,7.51,7.8176,7.48,7.8,2.4983166E7
1612396800,7.92,7.92,7.61,7.81,1.6219952E7
1612483200,7.93,8.1,7.8801,7.94,1.838957E7
1612742400,8.06,9.06,8.06,8.98,3.853719E7
1612828800,8.88,9.04,8.51,8.89,3.1265395E7
1612915200,8.99,9.28,8.92,9.09,2.1996692E7
1613001600,9.03,9.03,8.51,8.75,2.4546761E7
1613088000,8.64,9.02,8.57,8.97,2.0847371E7
1613433600,9.3,9.8,9.22,9.55,2.7051139E7
1613520000,9.55,9.71,9.275,9.58,2.1665143E7
1613606400,9.5,9.5663,9.11,9.12,1.951949E7
1613692800,9.21,9.48,9.14,9.45,2.1488713E7
1613952000,9.51,10.65,9.44,10.2,4.6194633E7
1614038400,10.3,11.2982,9.65,11.16,4.6592727E7
1614124800,11.24,12.3,10.865,11.84,5.5156435E7
1614211200,12.0,12.09,11.15,11.3,3.7430006E7
1614297600,11.12,11.32,10.455,11.1,4.0793626E7
1614556800,11.51,11.625,11.1201,11.2,1.9955775E7
1614643200,11.13,11.73,11.09,11.23,2.0344251E7
1614729600,11.43,12.04,11.325,11.63,2.3222302E7
1614816000,11.67,12.63,11.475,12.36,5.0408136E7
1614902400,13.0,13.29,12.311,12.98,4.882793E7
1615161600,13.1,13.17,12.14,12.38,3.3004955E7
1615248000,12.39,12.5,11.92,12.0,2.8078222E7
1615334400,12.06,12.325,11.885,12.22,2.5249058E7
1615420800,12.36,12.79,12.18,12.51,1.8754907E7
1615507200,12.44,12.54,12.14,12.2,1.8642687E7
1615766400,12.25,12.29,11.88,12.05,1.9515936E7
1615852800,11.75,11.85,11.32,11.46,2.1556076E7
1615939200,11.41,11.72,11.24,11.66,2.1229514E7
1616025600,11.55,11.585,10.6,10.68,2.9740379E7
1616112000,10.74,11.18,10.56,11.02,4.2602314E7
1616371200,10.98,10.98,10.61,10.83,2.0010279E7
1616457600,10.28,10.57,10.08,10.17,3.6120466E7
1616544000,10.49,10.7953,10.4,10.44,2.4406038E7
1616630400,10.11,10.605,9.83,10.53,2.2668761E7
1616716800,10.88,11.13,10.74,11.09,2.6877387E7
1616976000,11.0,11.17,10.655,10.9,2.0813914E7
1617062400,10.78,11.11,10.615,10.98,1.6489349E7
1617148800,11.0,11.0,10.63,10.68,1.8089399E7
1617235200,10.97,11.91,10.88,11.79,5.2731229E7
1617580800,11.65,11.67,11.0,11.19,2.7964521E7
1617667200,11.28,11.6,11.08,11.14,2.3066326E7
1617753600,11.13,11.18,10.78,10.94,1.8930797E7
1617840000,10.82,10.91,10.625,10.9,1.6430316E7
1617926400,10.89,11.22,10.85,10.91,1.7129116E7
1618185600,11.05,11.23,10.69,10.77,1.6323004E7
1618272000,10.84,10.97,10.73,10.76,1.3630745E7
1618358400,10.86,11.46,10.85,11.09,2.1621849E7
1618444800,11.09,11.12,10.78,10.84,2.0896589E7
1618531200,10.92,10.9569,10.52,10.53,1.6853174E7
1618790400,10.56,10.7715,10.42,10.63,1.6877797E7
1618876800,10.6,10.61,9.925,10.11,1.9791346E7
1618963200,9.77,10.52,9.7,10.44,2.1661024E7
1619049600,10.46,10.575,10.21,10.33,1.5125341E7
1619136000,10.42,10.75,10.33,10.67,1.4908141E7
1619395200,10.56,10.965,10.54,10.78,1.253294E7
1619481600,10.86,11.07,10.76,11.04,1.7277347E7
1619568000,11.13,11.845,11.13,11.75,2.2038964E7
1619654400,12.04,12.06,11.525,11.73,1.6395483E7
1619740800,11.5,11.88,11.26,11.26,2.0644622E7
1620000000,11.17,11.29,10.87,11.13,4.2995291E7
1620086400,11.15,11.37,10.9501,11.32,2.0490341E7
1620172800,11.53,11.8,11.49,11.7,1.3012855E7
1620259200,11.62,11.82,11.24,11.5,1.9953684E7
1620345600,11.39,11.91,11.26,11.89,2.0125755E7
1620604800,12.03,12.34,11.64,11.65,2.0007489E7
1620691200,11.32,11.69,11.1,11.49,1.419581E7
1620777600,11.64,12.08,11.453,11.54,2.0237744E7
1620864000,11.43,11.71,10.87,11.07,2.5397245E7
1620950400,11.26,11.91,11.26,11.8,1.9198811E7
1621209600,11.73,12.27,11.66,12.25,1.7183002E7
1621296000,12.18,12.44,11.82,11.93,2.1657576E7
1621382400,11.615,11.8299,11.33,11.61,1.825486E7
1621468800,11.56,11.6,11.29,11.53,1.5220557E7
1621555200,11.74,11.845,11.575,11.6,1.6900656E7
1621814400,11.78,12.03,11.485,11.97,1.6280537E7
1621900800,11.9,11.99,11.64,11.66,1.6272641E7
1621987200,11.69,11.96,11.57,11.9,1.1912066E7
1622073600,11.99,12.24,11.97,12.09,1.7811631E7
1622160000,12.17,12.23,11.985,12.11,1.2923544E7
1622505600,12.7,13.835,12.62,13.76,5.0922595E7
1622592000,14.01,14.03,13.495,13.89,2.6971347E7
1622678400,13.84,14.1556,13.675,13.8,1.9475448E7
1622764800,13.9,14.07,13.58,13.8,1.5845801E7
1623024000,13.89,14.09,13.63,13.68,1.1791056E7
1623110400,13.54,13.74,13.29,13.59,1.8842469E7
1623196800,13.62,13.755,13.3209,13.36,1.4647656E7
1623283200,13.85,13.86,13.2,13.47,1.8482089E7
1623369600,13.575,13.71,13.42,13.46,1.5320734E7
1623628800,13.61,13.97,13.325,13.42,1.8756965E7
1623715200,13.51,13.87,13.46,13.84,1.7144603E7
1623801600,13.72,13.9,13.43,13.66,2.0456346E7
1623888000,13.62,13.78,12.65,12.89,2.7904795E7
1623974400,12.62,12.9176,12.51,12.57,2.3417622E7
1624233600,12.77,13.46,12.77,13.44,1.9783922E7
1624320000,13.34,13.525,13.13,13.47,1.5430457E7
1624406400,13.69,14.0,13.555,13.56,1.4427533E7
1624492800,13.51,13.89,13.4,13.85,1.1356427E7
1624579200,13.89,14.1,13.77,14.07,1.7629476E7
1624838400,14.0,14.09,13.28,13.39,1.8243429E7
1624924800,13.5,13.66,13.3,13.33,1.3127899E7
1625011200,13.44,13.75,13.4,13.62,1.6963551E7
1625097600,14.19,14.33,13.8,14.17,2.6934145E7
1625184000,14.02,14.08,13.82,13.85,1.37806E7
1625529600,13.87,13.94,13.17,13.21,1.815377E7
1625616000,13.21,13.4141,12.69,12.93,1.4948013E7
1625702400,12.54,13.17,12.515,12.95,1.5038911E7
1625788800,13.15,13.35,12.94,13.26,1.1774937E7
1626048000,13.02,13.439,12.881,13.33,1.2835416E7
1626134400,13.26,13.3,13.015,13.12,1.3440374E7
1626220800,13.25,13.47,12.38,12.52,2.0020055E7
1626307200,12.32,12.53,12.11,12.24,1.6623192E7
1626393600,12.42,12.46,11.69,11.75,1.8247417E7
1626652800,11.085,11.45,10.92,11.12,2.1676093E7
1626739200,11.16,11.51,10.93,11.34,1.3810576E7
1626825600,11.63,12.05,11.59,11.87,1.7904638E7
1626912000,11.82,11.855,11.55,11.7,1.3180397E7
1626998400,11.66,11.695,11.32,11.5,1.1639611E7
1627257600,11.53,11.94,11.51,11.83,1.8646301E7
1627344000,11.81,11.81,11.32,11.37,1.9398196E7
1627430400,11.5,11.91,11.365,11.78,1.5957165E7
1627516800,11.9,11.99,11.735,11.81,1.4516671E7
1627603200,11.72,11.77,11.48,11.59,1.2413336E7
1627862400,11.61,11.915,11.2842,11.3,1.6809175E7
1627948800,11.24,11.65,11.1121,11.55,1.8169173E7
1628035200,11.3,11.445,10.97,11.05,2.5777485E7
1628121600,11.12,12.07,11.12,11.79,2.2674648E7
1628208000,11.94,12.18,11.85,11.96,1.7117648E7
1628467200,11.59,11.91,11.51,11.82,1.1800538E7
1628553600,11.96,12.41,11.95,12.35,1.4036923E7
1628640000,12.22,12.44,12.03,12.4,1.1945349E7
1628726400,12.39,12.4484,12.13,12.4,8922513.0
1628812800,12.4,12.4,12.08,12.1,8919069.0
1629072000,11.84,11.89,11.585,11.67,1.0813512E7
1629158400,11.52,11.75,11.335,11.49,1.0929016E7
1629244800,11.5,11.655,11.12,11.14,1.5006746E7
1629331200,10.95,11.08,10.44,10.68,1.9154233E7
1629417600,10.5,10.76,10.41,10.72,1.2764553E7
1629676800,11.13,11.36,11.11,11.3,1.1866071E7
1629763200,11.46,11.67,11.375,11.61,1.127404E7
1629849600,11.685,11.89,11.5,11.8,1.6486545E7
1629936000,11.73,11.78,11.45,11.52,1.1757442E7
1630022400,11.74,12.14,11.73,12.01,1.4980289E7
1630281600,12.07,12.19,11.75,11.76,1.1325679E7
1630368000,11.68,11.945,11.57,11.75,1.5364923E7
1630454400,11.735,11.825,11.1,11.26,3.2432541E7
1630540800,11.45,11.885,11.385,11.72,2.1425016E7
1630627200,11.65,11.81,11.49,11.63,1.3347915E7
1630972800,11.5,11.8291,11.44,11.58,9966045.0
1631059200,11.7,11.7899,11.18,11.19,1.3006464E7
1631145600,11.11,11.55,11.02,11.35,1.2444506E7
1631232000,11.54,11.6386,11.27,11.27,1.0357848E7
1631491200,11.53,12.16,11.52,12.08,2.2217629E7
1631577600,12.23,12.25,11.665,11.73,1.5456021E7
1631664000,11.99,12.65,11.985,12.63,2.1256677E7
1631750400,12.5,12.515,12.19,12.32,1.580825E7
1631836800,12.31,12.4901,11.98,12.0,2.7428076E7
1632096000,11.5,11.7499,11.22,11.48,2.0129699E7
1632182400,11.67,11.72,11.23,11.41,1.4418782E7
1632268800,11.69,12.21,11.69,12.02,2.2638875E7
1632355200,12.04,12.79,11.99,12.73,2.0734784E7
1632441600,12.62,12.98,12.5,12.85,1.6952197E7
1632700800,13.25,13.75,13.21,13.66,2.714647E7
1632787200,14.0,14.2,13.72,13.76,2.6275513E7
1632873600,13.73,13.85,13.45,13.79,1.7686979E7
1632960000,13.69,13.9,13.45,13.67,2.1535028E7
1633046400,13.79,14.29,13.77,14.24,2.0150741E7
1633305600,14.55,15.075,14.36,14.83,3.2255171E7
1633392000,15.15,15.7,14.97,15.38,3.0984249E7
1633478400,15.03,15.34,14.76,15.09,2.4086421E7
1633564800,15.17,15.49,14.9,15.36,2.0035242E7
1633651200,15.59,16.115,15.55,16.07,2.144594E7
1633910400,16.53,16.61,15.93,15.95,2.1645275E7
1633996800,15.89,16.32,15.74,15.88,1.6109514E7
1634083200,15.61,15.965,15.39,15.79,1.695649E7
1634169600,16.14,16.355,15.92,16.14,1.668339E7
1634256000,16.42,16.5251,16.16,16.18,1.2688083E7
1634515200,16.48,16.84,16.24,16.43,2.5311221E7
1634601600,16.46,16.622,16.27,16.39,1.850805E7
1634688000,16.23,16.57,16.07,16.49,1.3180878E7
1634774400,16.39,16.5,16.07,16.18,1.5321832E7
1634860800,16.25,16.6,16.09,16.58,1.3395231E7
1635120000,16.88,17.33,16.69,16.78,1.9294698E7
1635206400,16.81,16.95,16.66,16.85,1.3375735E7
1635292800,16.58,16.6569,16.16,16.2,1.6673845E7
1635379200,16.17,16.51,16.13,16.45,1.2798486E7
1635465600,16.38,16.44,16.02,16.32,1.421313E7
1635724800,16.66,17.1,16.575,17.03,2.067587E7
1635811200,16.87,17.29,16.83,16.92,1.6084011E7
1635897600,16.57,17.069,16.4,16.49,2.2340033E7
1635984000,17.0,17.44,16.34,16.57,2.8649762E7
1636070400,16.9,17.18,16.6,17.07,1.787614E7
1636329600,17.27,17.589,17.125,17.22,1.4899844E7
1636416000,17.25,17.45,16.8196,17.26,1.4112961E7
1636502400,17.09,17.19,16.35,16.6,1.3005588E7
1636588800,16.69,16.9599,16.69,16.73,1.0489244E7
1636675200,16.53,16.8,16.46,16.68,1.0013509E7
1636934400,16.68,16.9551,16.4047,16.75,1.3536243E7
1637020800,16.75,16.91,16.4898,16.72,1.1005765E7
1637107200,16.45,16.755,16.02,16.09,1.7086011E7
1637193600,16.16,16.33,15.71,16.12,1.6008937E7
1637280000,15.59,15.62,15.01,15.31,2.1467629E7
1637539200,15.28,15.965,15.24,15.66,2.0558895E7
1637625600,15.94,16.52,15.94,16.51,1.9850678E7
1637712000,16.32,16.975,16.28,16.83,1.2769714E7
1637884800,15.66,15.74,15.055,15.7,1.6100242E7
1638144000,16.34,16.55,15.615,15.85,1.7171033E7
1638230400,15.33,15.725,15.13,15.49,2.2593947E7
1638316800,16.065,16.14,15.09,15.12,2.3209536E7
1638403200,15.06,15.66,14.72,15.58,1.9934977E7
1638489600,15.83,15.99,15.17,15.29,1.8160479E7
1638748800,15.6,15.86,15.211,15.6,1.7251512E7
1638835200,15.965,16.575,15.85,16.31,1.4501145E7
1638921600,16.39,16.495,16.145,16.19,1.1885785E7
1639008000,16.0,16.205,15.94,16.04,1.3295336E7
1639094400,16.25,16.35,15.665,16.22,1.6527568E7
1639353600,16.03,16.11,15.28,15.39,1.6575837E7
1639440000,15.23,15.5802,15.13,15.18,1.5032988E7
1639526400,15.19,15.285,14.6,15.15,1.6826876E7
1639612800,15.46,15.91,15.331,15.36,1.893046E7
1639699200,15.22,15.41,14.875,15.15,2.741448E7
1639958400,14.5,14.92,14.2937,14.86,2.4367861E7
1640044800,15.15,15.85,15.15,15.76,1.4551432E7
1640131200,15.65,16.18,15.5,16.04,1.1451607E7
1640217600,16.04,16.305,15.98,16.0,1.0042692E7
1640563200,15.92,16.57,15.655,16.56,1.1399273E7
1640649600,16.58,16.77,16.4,16.48,1.1955249E7
1640736000,16.4,16.77,16.34,16.57,1.3565472E7
1640822400,16.6,16.775,16.35,16.35,1.3706565E7
1640908800,16.3,16.54,16.23,16.42,1.39046E7
