1483401600,75.31,76.99,74.63,75.66,1101812.0
1483488000,76.09,78.98,75.89,78.83,2015348.0
1483574400,78.71,79.67,78.34,79.13,1564020.0
1483660800,79.24,82.39,78.9,82.1,1686580.0
1483920000,81.8,82.57,81.3,82.0,1339252.0
1484006400,82.25,82.43,81.14,81.67,1268804.0
1484092800,81.26,84.9,81.26,83.9,2084701.0
1484179200,83.02,83.76,80.91,83.46,1397980.0
1484265600,83.82,84.0,82.63,83.53,745833.0
1484611200,83.08,83.25,81.29,81.41,879932.0
1484697600,83.01,84.349,82.69,82.85,1466114.0
1484784000,82.96,83.6,82.39,82.7,1302082.0
1484870400,83.12,84.27,83.11,83.4,1251869.0
1485129600,83.84,83.91,82.26,83.25,988780.0
1485216000,83.86,84.59,82.14,83.97,1487810.0
1485302400,84.91,86.96,84.49,86.36,2686379.0
1485388800,92.01,92.98,89.41,89.48,4369411.0
1485475200,89.01,90.5,88.7066,90.09,1980966.0
1485734400,89.6,90.328,88.01,90.12,1585650.0
1485820800,90.1,90.67,88.95,90.62,1326870.0
1485907200,91.17,91.17,89.39,89.7,2884156.0
1485993600,89.25,89.84,88.23,88.86,2125715.0
1486080000,89.18,89.99,89.12,89.47,2454808.0
1486339200,89.19,90.71,88.63,90.5,1441749.0
1486425600,90.81,91.16,90.35,90.66,1646858.0
1486512000,89.76,90.44,89.39,90.09,1887296.0
1486598400,90.14,92.31,90.01,92.3,1819978.0
1486684800,92.58,92.82,91.7,92.46,1647909.0
1486944000,92.18,92.5,91.5,91.74,960525.0
1487030400,91.68,93.3,91.3501,92.89,1422454.0
1487116800,92.44,94.72,92.33,93.97,1584467.0
1487203200,93.94,94.19,91.54,91.85,1411179.0
1487289600,91.87,92.9692,91.23,92.74,1117760.0
1487635200,93.02,93.51,92.17,93.18,617651.0
1487721600,92.71,93.67,92.17,92.98,547666.0
1487808000,93.36,93.4,91.41,92.65,832162.0
1487894400,91.6,92.39,90.66,91.82,1038173.0
1488153600,90.61,90.61,86.93,87.75,5592673.0
1488240000,87.22,88.28,86.815,86.92,2168345.0
1488326400,88.02,88.99,86.74,88.89,3165753.0
1488412800,89.09,89.14,86.24,86.34,1411414.0
1488499200,86.03,87.19,86.01,86.47,1189485.0
1488758400,85.93,86.77,85.56,86.26,1419210.0
1488844800,86.33,87.69,86.1,87.06,1478591.0
1488931200,87.32,88.27,86.98,87.29,794034.0
1489017600,87.31,88.13,86.39,87.83,893161.0
1489104000,88.27,88.59,86.8978,88.03,857091.0
1489363200,88.09,88.86,87.66,88.64,1292811.0
1489449600,88.49,88.61,86.68,87.47,1142589.0
1489536000,87.88,88.77,87.29,88.41,1020658.0
1489622400,88.79,89.37,88.49,88.8,953622.0
1489708800,89.05,89.47,88.51,88.71,1010277.0
1489968000,88.85,88.945,87.75,88.11,621321.0
1490054400,88.8,89.0,83.79,83.93,2410051.0
1490140800,83.85,85.19,83.46,85.04,1423350.0
1490227200,85.12,85.805,84.13,84.4,860136.0
1490313600,85.04,85.69,84.31,84.81,818649.0
1490572800,84.24,85.59,83.42,84.87,906894.0
1490659200,85.4,86.37,84.83,86.0,940816.0
1490745600,86.28,87.88,86.1,87.61,1438420.0
1490832000,87.44,87.7,86.81,86.94,771791.0
1490918400,86.82,88.0,86.38,87.47,910624.0
1491177600,87.6,88.3614,85.41,86.22,1250023.0
1491264000,86.06,87.3825,85.2,85.29,1177198.0
1491350400,85.99,87.68,85.41,85.66,1416340.0
1491436800,85.75,86.42,85.1,86.19,673557.0
1491523200,85.9,86.57,85.52,86.02,767039.0
1491782400,85.95,86.39,85.42,85.53,671436.0
1491868800,85.35,85.99,84.82,85.39,939028.0
1491955200,85.01,85.71,84.03,84.49,874250.0
1492041600,84.37,85.2025,84.3355,84.64,1132148.0
1492387200,85.04,86.42,84.92,86.41,1118215.0
1492473600,86.0,87.67,85.93,87.6,1381737.0
1492560000,87.96,88.4,87.65,88.15,1194688.0
1492646400,88.49,88.49,87.46,88.26,1352012.0
1492732800,88.8,89.43,88.08,88.32,1076475.0
1492992000,89.67,89.67,88.35,89.42,1312012.0
1493078400,89.92,90.8,89.56,90.24,1417602.0
1493164800,90.43,91.21,89.03,90.92,2814850.0
1493251200,96.281,96.92,93.3,94.33,4690399.0
1493337600,94.3,95.32,92.94,94.48,2342129.0
1493596800,94.64,95.44,93.71,94.93,2741325.0
1493683200,94.82,95.1,93.77,94.96,1170402.0
1493769600,94.69,95.15,93.73,94.11,982385.0
1493856000,94.59,96.3,94.15,96.02,1515958.0
1493942400,96.12,98.19,96.12,98.07,1818083.0
1494201600,97.675,99.09,97.1501,97.9,2173116.0
1494288000,98.16,98.47,96.96,97.33,1586206.0
1494374400,97.22,97.57,96.36,96.47,1210042.0
1494460800,96.5,96.92,95.5,96.76,1100191.0
1494547200,96.81,97.35,95.99,96.9,966061.0
1494806400,97.24,98.61,96.91,97.95,892450.0
1494892800,98.76,100.19,97.81,100.18,1845962.0
1494979200,98.7,99.395,98.06,98.55,3630285.0
1495065600,97.88,99.1,97.354,98.97,2842059.0
1495152000,99.5,100.72,99.23,99.3,2131758.0
1495411200,99.81,102.23,99.755,101.7,2087395.0
1495497600,101.37,101.76,100.06,101.7,2338251.0
1495584000,102.53,103.92,101.83,103.0,5774927.0
1495670400,103.7,105.29,103.55,104.52,1770747.0
1495756800,104.0,106.73,103.53,106.03,2988235.0
1496102400,105.42,106.795,104.82,105.36,1612305.0
1496188800,105.51,105.79,103.81,104.65,2230581.0
1496275200,105.18,106.55,104.32,106.51,2626125.0
1496361600,106.56,107.55,105.73,107.3,1464083.0
1496620800,107.39,108.43,107.15,107.43,1597992.0
1496707200,107.08,108.63,106.89,107.87,1517244.0
1496793600,108.0,108.49,107.07,108.19,1934036.0
1496880000,108.17,109.78,107.77,109.68,1843107.0
1496966400,109.75,110.66,101.82,103.74,3859160.0
1497225600,102.2,103.69,99.5,102.32,4478100.0
1497312000,103.55,103.89,101.3,102.22,2071540.0
1497398400,102.76,104.14,100.75,102.16,2139063.0
1497484800,99.95,101.82,99.01,101.26,2349256.0
1497571200,101.59,102.21,100.69,101.2,1557737.0
1497830400,102.24,104.18,101.96,103.6,1551990.0
1497916800,103.83,105.3,102.78,103.01,1921990.0
1498003200,103.82,105.8238,103.36,105.62,1734879.0
1498089600,105.94,108.08,104.66,106.93,2327656.0
1498176000,106.99,108.55,106.47,107.79,2329635.0
1498435200,107.9,108.79,106.78,108.35,2228967.0
1498521600,107.9,109.0,106.41,106.77,3355789.0
1498608000,107.47,109.13,106.71,108.81,2611253.0
1498694400,108.47,108.81,104.51,105.82,2366243.0
1498780800,106.14,106.68,104.82,106.0,1539530.0
1499040000,106.55,106.55,103.22,103.58,1209875.0
1499212800,104.34,105.64,104.13,105.11,1758308.0
1499299200,104.05,105.7,103.8,104.54,1664738.0
1499385600,104.53,106.85,104.53,106.29,1586220.0
1499644800,106.66,108.47,106.29,108.19,1381465.0
1499731200,107.73,110.0,107.18,109.2,1633842.0
1499817600,110.0,113.01,109.58,112.26,1756485.0
1499904000,112.68,112.97,111.12,111.23,1545586.0
1499990400,108.8,110.71,108.05,110.38,3089276.0
1500249600,110.74,111.19,109.32,110.0,1929318.0
1500336000,109.83,111.05,109.23,110.78,1673317.0
1500422400,111.0,111.68,110.1,110.12,1501603.0
1500508800,110.15,110.645,109.03,109.84,1634285.0
1500595200,109.88,109.925,107.58,108.19,2151627.0
1500854400,108.38,108.5,107.31,107.95,2248467.0
1500940800,108.11,108.1825,106.8,107.78,1904337.0
1501027200,107.96,110.11,107.86,109.72,2874504.0
1501113600,115.13,115.85,108.21,110.54,5051367.0
1501200000,109.75,111.67,108.9016,111.65,2083417.0
1501459200,111.87,112.36,108.95,110.45,2055672.0
1501545600,110.88,111.76,110.1,110.75,1557021.0
1501632000,110.82,110.92,105.89,107.17,1944985.0
1501718400,107.27,107.79,105.93,107.12,1566206.0
1501804800,107.39,109.82,107.1101,109.71,1780576.0
1502064000,109.65,109.75,108.47,108.76,1009614.0
1502150400,108.21,108.46,107.11,107.68,802219.0
1502236800,106.87,107.86,106.63,107.33,894252.0
1502323200,106.77,106.997,103.0001,104.42,1706881.0
1502409600,104.93,106.83,104.24,106.05,957047.0
1502668800,106.85,108.57,106.32,107.9,973002.0
1502755200,107.75,108.35,106.71,107.31,920337.0
1502841600,107.89,109.83,107.57,109.5,899525.0
1502928000,109.04,109.685,106.74,106.86,1245227.0
1503014400,106.83,108.66,106.275,107.23,979784.0
1503273600,107.02,108.965,107.02,108.81,1114409.0
1503360000,109.0,110.77,108.86,110.41,1249982.0
1503446400,109.3,110.98,108.84,109.84,974233.0
1503532800,110.07,110.93,109.61,110.67,728388.0
1503619200,110.95,112.68,110.445,110.59,1197931.0
1503878400,111.0,112.11,109.7,111.91,1193369.0
1503964800,110.62,112.2,110.14,111.75,1006386.0
1504051200,111.61,115.81,111.61,114.27,1304359.0
1504137600,114.55,116.535,114.51,116.19,1465634.0
1504224000,116.3,116.51,114.53,115.49,958415.0
1504569600,115.58,116.4,114.41,116.15,1027196.0
1504656000,116.39,116.7,114.08,114.68,1111709.0
1504742400,115.33,118.64,115.33,117.78,1587992.0
1504828800,117.62,118.625,116.38,116.4,1246884.0
1505088000,117.71,118.6271,117.4,117.67,1690338.0
1505174400,117.94,118.17,115.14,116.26,1323673.0
1505260800,116.17,116.89,115.69,116.05,1025337.0
1505347200,115.5,116.715,114.5,115.96,1593455.0
1505433600,116.49,116.84,114.76,116.11,1001619.0
1505692800,116.63,117.66,115.96,116.51,1127750.0
1505779200,116.85,116.97,115.94,116.68,1238666.0
1505865600,116.42,116.75,114.2,115.4,1086247.0
1505952000,115.29,115.64,113.9303,115.02,857464.0
1506038400,114.76,116.14,114.682,115.81,630566.0
1506297600,115.8,115.85,111.4101,111.84,1333119.0
1506384000,112.88,112.95,110.17,111.79,1529694.0
1506470400,112.49,116.58,112.43,115.5,1771381.0
1506556800,115.19,116.72,114.71,116.65,1045157.0
1506643200,116.81,117.79,116.2,117.53,1145653.0
1506902400,117.65,118.4563,116.22,116.8,1511746.0
1506988800,116.8,118.29,116.445,117.83,726796.0
1507075200,118.15,118.26,116.63,118.06,660171.0
1507161600,118.31,119.47,117.1,119.38,951926.0
1507248000,118.73,121.76,118.5481,121.75,1285979.0
1507507200,122.0,122.45,120.86,121.33,1131771.0
1507593600,121.88,122.03,120.14,120.96,788117.0
1507680000,120.86,121.069,119.27,120.68,812180.0
1507766400,120.42,122.415,120.42,121.97,1441039.0
1507852800,122.88,123.13,121.71,122.29,826495.0
1508112000,122.25,122.67,121.36,121.4,834751.0
1508198400,121.54,122.8,121.0,122.75,1084230.0
1508284800,123.21,123.58,120.67,120.77,1133956.0
1508371200,120.48,120.865,118.96,120.81,1066405.0
1508457600,121.4,124.87,120.85,124.82,1792967.0
1508716800,128.99,129.56,123.4,123.99,1846821.0
1508803200,124.49,126.28,123.27,125.89,2054244.0
1508889600,126.72,127.75,124.28,124.62,3199863.0
1508976000,119.98,127.34,118.5,126.14,4291658.0
1509062400,126.0,126.78,122.91,125.73,2629704.0
1509321600,125.28,125.85,123.94,125.05,1131986.0
1509408000,125.11,126.8,124.77,126.37,1457465.0
1509494400,127.2,127.5,123.2,124.51,1137486.0
1509580800,123.92,125.0,122.66,124.34,864887.0
1509667200,124.25,125.449,123.15,124.91,1150983.0
1509926400,125.5,125.99,124.43,124.73,777384.0
1510012800,125.0,125.84,123.74,125.53,1031121.0
1510099200,124.42,127.95,124.3016,127.62,1639849.0
1510185600,127.4,127.4,124.1,125.55,909722.0
1510272000,125.15,126.3,125.05,125.98,958477.0
1510531200,124.6,125.23,123.44,125.03,893788.0
1510617600,124.86,125.2,123.73,124.48,954194.0
1510704000,123.46,124.9,122.01,123.32,622400.0
1510790400,123.57,126.3682,123.51,125.72,1150506.0
1510876800,125.84,127.63,125.41,127.54,1124372.0
1511136000,127.53,129.48,127.48,127.67,999419.0
1511222400,128.18,130.05,127.83,128.07,1756489.0
1511308800,127.92,128.87,127.29,127.45,530295.0
1511481600,128.08,128.8,128.0,128.3,506163.0
1511740800,128.5,128.76,126.54,126.99,832408.0
1511827200,127.03,127.03,125.3,126.63,1105534.0
1511913600,125.86,126.73,120.36,120.59,2708807.0
1512000000,120.98,123.71,120.15,123.0,1607489.0
1512086400,122.55,123.81,121.04,122.66,1239777.0
1512345600,123.6,123.665,113.3301,113.62,3975155.0
1512432000,113.14,119.38,112.8401,116.2,2203734.0
1512518400,115.47,118.16,114.8101,117.76,1658017.0
1512604800,117.84,121.39,117.36,121.0,1823181.0
1512691200,122.1,123.87,121.53,121.81,1024959.0
1512950400,122.41,123.66,122.25,123.09,2546956.0
1513036800,122.64,123.1475,120.16,121.01,2216744.0
1513123200,121.66,123.51,121.66,123.37,1455953.0
1513209600,123.87,126.21,123.6201,126.17,1894761.0
1513296000,125.96,129.52,125.87,129.5,1910943.0
1513555200,130.59,131.11,130.17,130.69,2293164.0
1513641600,130.04,130.66,128.71,129.96,2297485.0
1513728000,130.19,130.51,128.11,129.0,1513197.0
1513814400,129.18,129.735,128.51,128.97,1670608.0
1513900800,128.75,129.33,127.84,129.19,1130069.0
1514246400,128.96,129.91,128.225,129.32,745846.0
1514332800,129.54,130.88,129.05,130.26,841122.0
1514419200,130.8,130.9,129.64,130.69,973384.0
1514505600,130.54,131.26,130.17,130.39,676041.0
1514851200,131.0,132.35,130.14,131.73,1282712.0
1514937600,132.0,133.25,131.74,132.91,1580871.0
1515024000,133.88,135.09,133.78,133.85,1361879.0
1515110400,134.95,135.13,133.9,135.01,1183030.0
1515369600,135.05,136.09,134.87,135.3,1337500.0
1515456000,135.65,136.4,134.62,135.45,1305839.0
1515542400,134.96,136.41,134.3625,136.23,1903678.0
1515628800,136.59,137.78,136.24,137.58,1515724.0
1515715200,137.64,139.06,137.08,138.19,1199659.0
1516060800,141.32,141.66,139.21,139.79,3150264.0
1516147200,140.83,140.93,139.0,140.79,1775369.0
1516233600,140.75,141.48,140.0,141.13,1292768.0
1516320000,141.23,142.52,141.02,142.27,1605220.0
1516579200,142.33,144.08,141.755,143.9,1379533.0
1516665600,144.59,144.99,143.56,144.43,1374408.0
1516752000,144.42,146.67,144.37,145.44,1433283.0
1516838400,146.89,146.9,145.42,145.54,1220744.0
1516924800,147.16,149.82,146.38,149.74,1474595.0
1517184000,149.59,150.85,146.83,147.09,2414839.0
1517270400,146.07,147.44,145.63,146.59,2370223.0
1517356800,148.68,150.1,147.76,148.87,2881349.0
1517443200,151.76,156.545,151.33,152.81,4230751.0
1517529600,150.51,151.94,147.33,149.76,2826758.0
1517788800,147.29,157.0,145.43,147.39,3788718.0
1517875200,144.91,149.379,143.49,149.02,2963103.0
1517961600,148.62,154.03,148.07,153.17,2462816.0
1518048000,153.0,153.5,140.1,140.1,3737318.0
1518134400,142.14,146.765,137.6,145.16,2836220.0
1518393600,146.97,148.625,145.235,147.24,1614936.0
1518480000,146.04,148.32,145.57,147.55,1431527.0
1518566400,147.27,149.0,146.3,147.74,1852112.0
1518652800,148.95,152.79,147.8,152.54,1881333.0
1518739200,151.93,156.19,151.18,154.03,1904698.0
1519084800,152.9,158.13,152.03,156.76,1755323.0
1519171200,156.36,160.73,156.31,157.58,1924121.0
1519257600,157.78,159.31,155.693,156.05,1170255.0
1519344000,156.86,160.63,156.86,160.4,1035837.0
1519603200,160.8,162.64,159.66,160.57,1205140.0
1519689600,161.27,164.235,160.75,163.34,1997893.0
1519776000,163.27,165.68,160.865,161.01,1934763.0
1519862400,162.62,164.26,157.875,159.57,2001857.0
1519948800,158.65,167.1,157.525,166.67,2189762.0
1520208000,164.76,169.1875,163.81,168.3,2047064.0
1520294400,169.4,171.91,168.41,171.07,2734991.0
1520380800,169.45,174.19,169.38,173.06,1654484.0
1520467200,174.68,175.65,172.4,172.99,1851352.0
1520553600,174.34,174.99,172.46,172.76,2359876.0
1520812800,172.76,175.9,171.56,174.43,2120309.0
1520899200,175.99,175.99,172.17,173.96,1842591.0
1520985600,175.37,176.56,173.49,175.34,1402799.0
1521072000,175.96,176.0,170.91,173.83,1657275.0
1521158400,174.82,175.0,169.07,169.98,2442425.0
1521417600,169.8,172.7799,167.42,169.81,1974798.0
1521504000,169.87,173.3702,169.23,172.11,3001280.0
1521590400,171.99,176.195,171.5,173.19,1900401.0
1521676800,171.34,172.83,168.0,168.76,1644348.0
1521763200,168.98,170.63,164.52,164.77,2005910.0
1522022400,168.55,172.04,167.815,171.45,2042332.0
1522108800,173.21,173.38,161.36,162.82,2038496.0
1522195200,163.0,164.015,157.16,159.68,3079129.0
1522281600,161.6,167.46,160.27,165.45,2261497.0
1522627200,164.44,165.845,159.24,161.62,1900288.0
1522713600,166.6,167.97,160.07,161.77,1817910.0
1522800000,156.5,164.99,156.0,164.69,2060439.0
1522886400,166.78,168.16,164.621,165.77,1762687.0
1522972800,163.96,166.88,161.24,162.94,1177504.0
1523232000,164.56,166.345,162.65,162.89,1237168.0
1523318400,166.25,167.43,162.13,166.58,1834153.0
1523404800,165.08,168.24,164.47,166.5,2252560.0
1523491200,166.73,170.17,166.54,168.57,1554897.0
1523577600,170.08,171.3,164.7889,166.9,1342027.0
1523836800,168.51,170.72,167.27,169.45,1245694.0
1523923200,171.0,175.03,171.0,174.54,1700891.0
1524009600,175.39,175.5399,171.21,174.3,1658877.0
1524096000,173.29,174.36,170.885,172.99,1525537.0
1524182400,171.69,172.55,167.93,168.9,1861129.0
1524441600,169.92,170.23,166.62,167.51,1926393.0
1524528000,169.19,169.6123,158.171,160.66,3176260.0
1524614400,162.45,162.79,157.25,158.0,4104605.0
1524700800,160.0,167.61,156.18,165.16,3801532.0
1524787200,166.78,167.1,160.37,163.18,2240268.0
1525046400,163.18,166.91,163.18,166.14,1890561.0
1525132800,165.36,166.74,163.27,165.42,1419732.0
1525219200,164.56,167.91,164.19,165.5,1253441.0
1525305600,165.79,169.54,164.92,168.73,1945124.0
1525392000,168.7,173.09,167.46,171.22,1842829.0
1525651200,172.09,176.89,171.84,176.02,2163618.0
1525737600,172.61,176.13,170.7318,176.03,3157416.0
1525824000,177.27,180.98,175.83,180.04,2229139.0
1525910400,181.13,182.585,178.54,178.98,3081662.0
1525996800,179.22,180.04,177.31,178.87,1527400.0
1526256000,178.86,179.5,173.49,173.73,1806350.0
1526342400,171.98,174.545,168.79,173.42,1748974.0
1526428800,173.01,174.0,170.02,171.15,1606214.0
1526515200,171.13,171.94,169.25,171.71,1444282.0
1526601600,171.76,174.56,171.5,173.94,1191477.0
1526860800,175.27,177.37,170.58,171.45,1083599.0
1526947200,172.21,172.84,168.08,170.26,1192666.0
1527033600,168.7,174.07,168.7,173.96,1232464.0
1527120000,174.07,176.72,172.92,175.52,1551407.0
1527206400,175.19,177.49,174.7087,176.72,1341097.0
1527552000,176.0,177.38,174.61,176.3,1407024.0
1527638400,177.32,179.85,176.01,178.47,2221898.0
1527724800,178.11,181.41,177.2,177.61,2002580.0
1527811200,179.06,181.57,177.3,181.51,1276875.0
1528070400,182.57,184.47,181.21,183.5,1541626.0
1528156800,184.19,186.95,184.025,186.09,1525731.0
1528243200,186.56,187.389,185.36,186.42,1410168.0
1528329600,187.0,187.0,174.32,177.45,2853441.0
1528416000,177.7,180.02,176.22,178.19,2018057.0
1528675200,178.46,180.5,177.05,180.08,1191317.0
1528761600,180.56,182.55,179.81,181.84,1420470.0
1528848000,183.23,183.95,179.45,181.23,1395845.0
1528934400,182.59,187.23,182.51,185.34,2617416.0
1529020800,184.97,186.59,181.25,186.35,1717372.0
1529280000,185.36,186.71,183.0,186.41,1399365.0
1529366400,183.58,184.25,179.31,183.61,1503595.0
1529452800,185.0,188.59,184.47,184.76,1718690.0
1529539200,185.0,186.5699,179.941,180.27,1299879.0
1529625600,178.58,178.58,172.51,176.7,2415815.0
1529884800,174.43,175.0,169.46,171.39,1923363.0
1529971200,172.09,174.14,170.07,170.85,1506294.0
1530057600,172.21,175.74,167.3572,167.97,1942671.0
1530144000,167.84,173.8,167.5,172.41,1489599.0
1530230400,174.0,175.25,171.56,172.47,1053108.0
1530489600,171.61,177.69,170.3937,177.6,1680055.0
1530576000,178.03,179.35,176.57,177.19,757112.0
1530748800,178.19,180.45,177.83,179.43,1240581.0
1530835200,179.4,183.284,178.64,182.16,785755.0
1531094400,183.23,185.26,181.1,184.85,1493500.0
1531180800,185.23,186.48,183.39,185.6,1221448.0
1531267200,183.37,188.18,183.37,187.18,1371008.0
1531353600,188.83,194.81,188.74,194.66,2212307.0
1531440000,193.29,193.98,189.24,191.06,1896514.0
1531699200,191.96,192.0,188.3,189.08,1309543.0
1531785600,186.95,191.67,184.225,191.2,1337268.0
1531872000,192.0,194.02,190.1105,192.01,1540358.0
1531958400,191.53,192.7336,189.48,190.04,953185.0
1532044800,191.01,193.56,190.5,191.08,1439825.0
1532304000,190.18,191.35,186.58,190.5,1637454.0
1532390400,191.93,192.18,183.4378,184.91,2743777.0
1532476800,184.57,187.326,183.36,183.86,3695654.0
1532563200,181.5,194.67,181.5,192.32,3787884.0
1532649600,192.03,192.48,178.35,183.95,3287040.0
1532908800,184.0,184.95,178.56,178.81,2439361.0
1532995200,179.25,179.99,174.3458,175.96,3062879.0
1533081600,176.59,180.62,176.0,177.94,1977146.0
1533168000,177.0,183.0606,176.79,182.84,1833168.0
1533254400,183.59,183.645,178.75,180.88,1281876.0
1533513600,181.12,184.94,181.12,184.66,1146988.0
1533600000,185.0,187.03,184.2,185.74,1048122.0
1533686400,185.3,187.22,182.36,186.13,842576.0
1533772800,186.81,190.63,186.2,188.34,1210665.0
1533859200,186.36,190.0,185.4539,187.47,829822.0
1534118400,187.01,189.17,184.8405,185.02,872396.0
1534204800,186.1,186.87,181.76,184.49,1286691.0
1534291200,184.17,187.44,180.61,182.73,1261076.0
1534377600,184.35,184.52,181.76,182.03,749925.0
1534464000,182.0,183.1596,178.8,180.83,1656028.0
1534723200,180.17,181.92,179.145,181.36,1661660.0
1534809600,182.4,184.83,181.82,182.1,1555113.0
1534896000,181.48,183.64,181.12,182.41,2050176.0
1534982400,182.17,186.23,181.8,184.85,1521247.0
1535068800,186.11,194.75,185.28,193.56,2765012.0
1535328000,194.0,196.63,192.22,193.25,1711590.0
1535414400,193.78,194.77,191.52,194.26,1187034.0
1535500800,194.27,201.0,194.27,200.23,2994780.0
1535587200,199.5,200.0395,196.46,198.45,1805219.0
1535673600,198.0,199.44,195.37,196.36,1225288.0
1536019200,195.95,200.66,195.3,200.26,1692779.0
1536105600,200.0,200.0,188.3,190.76,2704839.0
1536192000,191.92,194.33,189.24,193.18,1841253.0
1536278400,192.94,198.5,191.33,196.98,1631700.0
1536537600,199.88,199.88,195.5,199.01,2147656.0
1536624000,198.0,202.72,197.245,199.5,1765007.0
1536710400,199.84,203.34,195.29,202.77,1605323.0
1536796800,204.0,206.295,203.06,204.58,1472569.0
1536883200,204.12,205.34,202.15,202.97,1225542.0
1537142400,201.88,201.95,192.65,192.82,2313416.0
1537228800,193.02,195.78,191.55,191.88,2295516.0
1537315200,191.5,192.61,182.73,186.0,3930021.0
1537401600,187.0,188.94,184.25,187.35,2883788.0
1537488000,188.37,190.57,187.8,189.69,2880737.0
1537747200,187.63,194.07,185.67,193.12,2064799.0
1537833600,194.28,198.47,193.94,197.61,2105989.0
1537920000,197.61,198.885,194.69,195.71,1332257.0
1538006400,196.05,197.5,193.81,195.08,1119744.0
1538092800,194.58,197.8,194.55,195.63,1205036.0
1538352000,197.25,199.23,193.63,194.61,1338548.0
1538438400,195.72,195.97,192.33,192.9,1317009.0
1538524800,194.28,198.31,192.26,196.2,1582398.0
1538611200,195.49,195.5,184.62,187.44,3489058.0
1538697600,187.11,190.12,181.65,186.6,2244986.0
1538956800,184.39,185.81,177.27,180.26,2625632.0
1539043200,179.9,187.29,179.11,181.41,2397938.0
1539129600,180.45,180.83,171.81,172.14,3543719.0
1539216000,172.85,178.21,172.14,174.97,3509483.0
1539302400,182.32,188.07,180.29,184.45,2940164.0
1539561600,184.16,184.25,179.62,180.91,1462728.0
1539648000,185.21,193.35,184.66,192.72,2794834.0
1539734400,193.11,193.195,188.4328,190.26,1910278.0
1539820800,189.14,191.54,182.02,185.18,2237743.0
1539907200,186.46,187.6499,176.66,177.15,2259905.0
1540166400,178.91,180.9486,174.3777,178.84,2732277.0
1540252800,174.2,184.66,172.85,181.78,3025079.0
1540339200,181.78,183.78,169.65,170.21,3793871.0
1540425600,173.4,175.0,162.18,172.63,5153591.0
1540512000,164.24,172.16,162.43,166.76,3125248.0
1540771200,172.09,173.5,160.66,164.23,2537766.0
1540857600,160.0,169.0,157.6,168.5,3131324.0
1540944000,174.31,185.12,174.31,181.04,4013052.0
1541030400,181.03,184.315,177.0581,183.73,1538491.0
1541116800,184.87,186.35,178.36,178.78,1527055.0
1541376000,178.98,180.73,176.71,180.41,1387545.0
1541462400,179.5,182.48,176.26,177.37,1185119.0
1541548800,182.35,194.04,180.78,190.83,2994478.0
1541635200,190.0,191.58,185.18,186.16,1784452.0
1541721600,184.23,184.23,173.91,177.59,2205981.0
1541980800,175.2,176.99,166.52,172.37,2667095.0
1542067200,174.35,174.8699,167.08,168.67,2144228.0
1542153600,171.26,172.67,166.85,167.38,1443128.0
1542240000,166.67,173.55,166.63,172.97,1602489.0
1542326400,170.73,173.8799,169.2495,171.09,1109276.0
1542585600,169.56,169.855,156.09,156.8,3194725.0
1542672000,148.99,161.285,147.63,157.24,4098242.0
1542758400,160.22,163.0,157.64,159.14,1821674.0
1542931200,156.57,161.74,156.5,160.63,577571.0
1543190400,164.09,168.27,160.705,167.26,1746590.0
1543276800,164.6,166.755,162.11,165.74,1491059.0
1543363200,171.25,178.36,170.4118,177.87,3112176.0
1543449600,176.24,181.81,175.35,179.1,1743534.0
1543536000,179.64,186.27,178.52,185.27,3144550.0
1543795200,192.05,192.16,184.6,188.09,2407998.0
1543881600,185.59,188.675,178.22,180.85,2544543.0
1544054400,175.82,187.8,174.0,187.6,2678540.0
1544140800,186.94,189.67,179.255,182.38,1749149.0
1544400000,181.0,187.77,181.0,184.9,1567485.0
1544486400,189.16,189.19,181.72,183.42,2224662.0
1544572800,187.0,191.355,185.96,187.64,2289669.0
1544659200,189.4,190.76,185.35,188.15,1443744.0
1544745600,184.54,187.625,181.46,181.98,1663482.0
1545004800,180.01,180.01,170.52,171.47,2315693.0
1545091200,173.42,175.62,170.72,173.57,1682504.0
1545177600,174.64,181.14,171.13,174.04,2139953.0
1545264000,171.84,174.81,160.0,169.92,3198433.0
1545350400,170.02,170.49,160.44,162.0,2799684.0
1545609600,159.02,163.81,158.0,158.92,896420.0
1545782400,159.68,169.67,159.68,169.51,3050858.0
1545868800,166.87,178.24,166.4981,178.2,2937547.0
1545955200,179.61,184.0876,175.68,180.33,2442132.0
1546214400,182.92,183.27,176.8,178.05,1655474.0
1546387200,174.12,180.45,172.46,178.32,2561533.0
1546473600,175.12,177.99,168.47,169.12,2469242.0
1546560000,173.01,181.49,171.66,179.23,2195880.0
1546819200,180.75,188.0,179.4,186.67,1825065.0
1546905600,189.75,191.65,184.56,188.11,1609200.0
1546992000,185.26,191.29,185.26,190.47,2095992.0
1547078400,188.9,190.94,187.55,190.0,1637774.0
1547164800,188.1,191.95,186.06,191.69,1646015.0
1547424000,187.87,191.08,186.93,188.4,1811133.0
1547510400,189.45,190.32,187.58,188.35,2517852.0
1547596800,189.52,192.79,187.45,189.59,1451021.0
1547683200,186.83,189.44,185.22,186.53,2149356.0
1547769600,189.73,191.45,186.63,190.09,1930631.0
1548115200,187.78,189.68,184.7841,185.7,1506437.0
1548201600,187.52,189.82,182.91,183.96,1585345.0
1548288000,184.25,187.47,182.46,185.7,1351823.0
1548374400,187.61,191.27,187.36,191.08,1425820.0
1548633600,188.05,190.16,186.5,187.94,1930434.0
1548720000,188.18,188.82,184.005,184.82,1633529.0
1548806400,187.19,194.21,187.01,194.0,4251489.0
1548892800,211.36,228.41,209.99,220.02,1.1199653E7
1548979200,218.58,221.84,216.8,221.51,3552072.0
1549238400,220.83,225.88,220.1,225.14,3599742.0
1549324800,226.0,229.4,225.37,228.35,1904866.0
1549411200,228.0,229.5,223.3,225.56,1662886.0
1549497600,224.06,228.039,222.12,226.96,1479502.0
1549584000,225.4,228.79,222.67,228.56,1603787.0
1549843200,229.89,232.25,227.072,229.01,1936423.0
1549929600,230.61,236.81,230.5,234.65,2366211.0
1550016000,235.0,237.49,231.645,231.97,1677609.0
1550102400,231.44,235.84,230.76,234.03,1304723.0
1550188800,235.0,236.695,232.3967,234.89,1425851.0
1550534400,233.49,235.46,232.0,234.58,1434465.0
1550620800,235.0,235.49,227.85,229.5,2347040.0
1550707200,228.71,231.24,226.51,230.01,1317621.0
1550793600,230.32,236.1459,230.32,235.0,1980879.0
1551052800,237.5,239.45,235.59,237.0,1612071.0
1551139200,235.84,236.94,233.45,236.21,1184247.0
1551225600,235.8,240.86,235.3324,240.31,2214216.0
1551312000,240.17,241.44,237.74,239.44,1892920.0
1551398400,242.31,244.35,239.29,243.52,2055906.0
1551657600,244.6,245.33,228.67,236.97,4415462.0
1551744000,237.57,237.57,232.03,236.0,1940199.0
1551830400,235.45,237.45,231.79,233.11,1214816.0
1551916800,232.37,236.815,231.11,233.37,1577382.0
1552003200,229.3,234.03,226.7082,233.95,1527596.0
1552262400,235.51,240.09,235.13,239.86,1991927.0
1552348800,240.15,241.02,236.78,238.71,1693734.0
1552435200,240.56,243.42,239.55,240.39,1885543.0
1552521600,244.05,244.63,241.3,241.59,1946816.0
1552608000,241.37,243.24,240.2,241.89,2053750.0
1552867200,242.53,245.96,240.14,240.98,2411556.0
1552953600,242.26,244.13,240.35,241.96,2191300.0
1553040000,243.0,247.28,239.8,244.59,1210830.0
1553126400,243.72,251.65,243.72,250.95,1532092.0
1553212800,249.0,250.5,241.07,241.21,2014939.0
1553472000,238.79,243.01,236.62,241.7,1553187.0
1553558400,245.04,247.2386,243.2,245.0,1351129.0
1553644800,244.82,244.82,235.6,241.37,1578780.0
1553731200,243.73,245.845,240.73,243.33,1169524.0
1553817600,246.5,247.13,243.36,246.49,1389909.0
1554076800,249.99,250.35,243.8,245.73,1813403.0
1554163200,245.75,247.02,242.8,246.82,1480318.0
1554249600,248.9,248.9,244.29,247.14,1046788.0
1554336000,246.35,246.39,230.1401,237.03,2942432.0
1554422400,238.64,240.0893,235.26,236.98,1177136.0
1554681600,236.4,239.38,233.506,237.21,1447973.0
1554768000,235.13,240.28,235.13,238.76,1360800.0
1554854400,240.5,245.58,240.02,243.66,1241529.0
1554940800,243.64,246.19,242.11,245.77,1042847.0
1555027200,247.0,247.74,243.7431,244.3,997494.0
1555286400,244.07,246.4,242.44,243.79,1298992.0
1555372800,245.89,246.1231,238.85,239.81,1130823.0
1555459200,241.72,242.0,234.3209,236.23,2485805.0
1555545600,234.4,238.92,232.14,237.4,2936829.0
1555891200,236.02,243.57,236.0,242.64,1251362.0
1555977600,243.25,247.335,241.1,243.55,2057986.0
1556064000,245.0,245.38,241.055,242.7,2720016.0
1556150400,261.02,269.265,258.18,260.69,4777382.0
1556236800,260.0,267.835,257.09,267.08,2216689.0
1556496000,267.1,273.47,267.1,271.69,2026177.0
1556582400,271.0,273.82,268.73,271.51,1522717.0
1556668800,273.16,273.16,268.31,270.4,1528715.0
1556755200,264.86,269.99,260.35,262.67,3211755.0
1556841600,265.68,269.31,264.26,268.52,1653027.0
1557100800,260.5,270.97,257.5,269.75,1255370.0
1557187200,267.0,268.9,260.0501,264.81,1565569.0
1557273600,264.0,268.39,260.83,265.98,1262951.0
1557360000,262.35,271.8,260.28,270.49,1709861.0
1557446400,268.5,275.1984,266.5,274.9,1754438.0
1557705600,266.88,271.16,259.27,260.12,2776009.0
1557792000,263.22,272.93,263.22,272.07,2046856.0
1557878400,270.0,276.425,269.535,273.96,1283895.0
1557964800,275.0,281.74,274.21,277.96,4212990.0
1558051200,275.71,277.3206,271.62,272.99,1721834.0
1558310400,266.96,270.5,263.54,265.08,2414579.0
1558396800,269.71,273.0,267.75,271.21,1078856.0
1558483200,270.07,276.5,269.83,273.39,775887.0
1558569600,270.06,270.87,263.88,264.79,1458468.0
1558656000,266.75,269.435,265.0529,268.95,1181793.0
1559001600,269.08,272.12,264.735,266.65,1444906.0
1559088000,263.9,268.32,261.51,264.19,1127636.0
1559174400,265.41,265.41,261.21,262.6,1304939.0
1559260800,259.31,265.44,257.5,261.93,1219378.0
1559520000,262.0,263.29,246.02,248.38,2822308.0
1559606400,251.14,258.07,247.51,257.55,1522561.0
1559692800,262.37,263.88,256.3,263.25,1827129.0
1559779200,263.24,269.675,261.82,268.49,950396.0
1559865600,270.99,276.6871,270.99,274.55,1692525.0
1560124800,279.36,280.555,275.61,275.87,1248781.0
1560211200,279.86,279.86,263.95,266.29,1466980.0
1560297600,266.0,270.3446,264.3345,267.88,977790.0
1560384000,268.6,274.09,268.6,273.79,1181355.0
1560470400,273.73,275.61,270.05,272.25,1015489.0
1560729600,273.7,276.38,271.72,274.56,988358.0
1560816000,278.32,285.03,278.32,282.64,2009950.0
1560902400,284.21,285.83,281.05,285.51,1481824.0
1560988800,290.24,292.98,286.43,288.8,1732898.0
1561075200,287.52,290.84,285.65,285.74,1645355.0
1561334400,287.87,288.38,280.941,282.5,1542447.0
1561420800,283.15,283.15,273.06,275.36,1587230.0
1561507200,278.78,285.2,273.86,275.34,1310405.0
1561593600,277.37,280.825,276.21,278.51,1143981.0
1561680000,277.81,280.19,274.57,274.57,4160801.0
1561939200,281.99,284.335,279.49,283.51,1742347.0
1562025600,283.31,289.32,283.145,288.31,1946367.0
1562112000,289.9,294.225,289.9,293.15,1116101.0
1562284800,291.0,294.62,288.55,294.53,1005120.0
1562544000,293.65,293.78,289.65,293.0,1268819.0
1562630400,291.41,299.12,290.63,298.02,1655993.0
1562716800,299.61,302.99,298.31,298.75,1209358.0
1562803200,300.41,302.625,299.46,302.31,886711.0
1562889600,302.3,303.17,296.1055,301.13,963860.0
1563148800,302.0,302.41,297.875,301.1,729993.0
1563235200,300.0,301.3,294.2025,295.5,1161742.0
1563321600,295.5,300.16,294.505,296.56,865745.0
1563408000,296.32,298.49,294.0317,294.68,1100343.0
1563494400,298.05,299.2,288.455,289.74,1395967.0
1563753600,293.4,294.97,289.62,293.81,1963775.0
1563840000,295.02,295.02,287.64,291.01,1606663.0
1563926400,291.72,297.61,290.5,297.21,2766165.0
1564012800,288.5,290.75,279.69,285.73,4531985.0
1564099200,288.37,290.1946,285.75,289.33,1711655.0
1564358400,289.34,290.0,275.59,285.84,3271845.0
1564444800,284.28,286.39,280.97,281.0,1556918.0
1564531200,281.71,282.5018,272.61,277.39,2097589.0
1564617600,277.38,281.72,271.12,274.0,2759004.0
1564704000,272.95,273.11,261.88,265.86,2437838.0
1564963200,255.01,262.54,251.8987,256.81,3590439.0
1565049600,261.66,265.0,257.35,261.71,1722800.0
1565136000,259.66,264.95,257.0,260.69,1291494.0
1565222400,262.01,267.73,261.38,267.11,1644566.0
1565308800,267.25,268.0,262.74,263.82,899494.0
1565568000,261.3,263.12,257.75,258.56,783791.0
1565654400,258.0,263.57,257.35,262.19,1612516.0
1565740800,258.34,259.8725,251.69,252.31,1776312.0
1565827200,252.0,254.91,250.1901,252.29,1778779.0
1565913600,255.91,259.9,254.8733,256.91,1506655.0
1566172800,260.0,261.585,254.635,255.51,1812511.0
1566259200,255.5,257.605,252.58,255.28,1354128.0
1566345600,262.0,267.84,260.24,265.78,1903322.0
1566432000,266.5,267.95,262.28,264.64,1272884.0
1566518400,266.37,274.56,261.815,263.07,2614890.0
1566777600,265.0,266.87,262.31,266.57,849645.0
1566864000,269.02,269.6,261.94,266.21,1489888.0
1566950400,261.77,263.31,258.22,260.32,1659345.0
1567036800,263.86,265.945,260.5999,264.79,1090424.0
1567123200,265.91,266.58,256.65,261.84,1500373.0
1567468800,264.09,265.56,261.0,263.38,1426123.0
1567555200,265.72,270.14,265.25,268.52,1201128.0
1567641600,270.32,273.16,260.6015,269.62,2145925.0
1567728000,269.9,270.56,262.47,263.5,1400808.0
1567987200,264.0,265.84,250.0,254.68,2922262.0
1568073600,250.47,255.665,246.5,253.18,2525914.0
1568160000,252.63,259.065,251.02,253.67,1487101.0
1568246400,256.6,259.66,255.52,256.81,1813954.0
1568332800,255.375,256.3799,251.0,251.96,1520502.0
1568592000,251.0,261.24,250.0,261.15,1182551.0
1568678400,263.36,268.0,260.74,264.05,1273141.0
1568764800,266.69,266.9,259.77,265.85,1456225.0
1568851200,265.45,269.18,262.5,268.74,1493417.0
1568937600,269.47,271.39,266.59,271.17,2140645.0
1569196800,272.47,273.6321,266.96,267.0,1235456.0
1569283200,267.0,268.33,256.1004,257.5,1520859.0
1569369600,257.5,259.64,248.67,259.38,2566512.0
1569456000,259.39,259.654,255.235,257.99,951620.0
1569542400,258.92,259.49,245.27,250.26,2286908.0
1569801600,252.2,254.8,249.51,253.85,1215258.0
1569888000,255.32,256.12,249.71,250.13,1711687.0
1569974400,249.06,250.76,243.54,246.85,1794633.0
1570060800,247.77,258.56,244.29,257.37,1680394.0
1570147200,260.23,267.22,259.58,266.48,1915097.0
1570406400,266.23,270.5,266.23,268.15,2005932.0
1570492800,266.0,268.37,257.98,258.13,1163457.0
1570579200,260.84,263.52,259.48,262.02,842940.0
1570665600,260.02,264.675,259.1,263.18,777030.0
1570752000,268.06,273.96,266.31,270.33,1751483.0
1571011200,270.07,271.2193,267.86,269.44,1359602.0
1571097600,270.44,276.5,270.0,274.24,1774575.0
1571184000,258.93,260.75,249.1,254.6,4726460.0
1571270400,258.29,259.06,252.05,254.31,2212039.0
1571356800,253.97,257.51,240.62,243.0,4426006.0
1571616000,245.09,245.8073,239.1,240.9,3841428.0
1571702400,241.91,242.45,225.0,228.34,8287637.0
1571788800,216.3,225.73,213.99,220.01,1.2288341E7
1571875200,236.56,243.82,232.25,237.78,9397476.0
1571961600,237.77,241.5,234.06,241.22,3338024.0
1572220800,243.4,246.28,240.0007,244.7,3477218.0
1572307200,243.99,248.99,240.82,241.04,1871105.0
1572393600,243.34,250.24,239.025,249.95,1910352.0
1572480000,249.96,250.81,244.01,247.26,1454764.0
1572566400,248.94,256.16,247.41,253.03,2481196.0
1572825600,254.49,255.575,245.05,245.8,1808518.0
1572912000,245.81,246.4,239.13,241.86,2217729.0
1572998400,241.75,242.73,238.97,241.35,1372430.0
1573084800,242.0,244.65,239.81,240.89,1919525.0
1573171200,239.92,249.2,238.29,248.45,1942603.0
1573430400,247.31,250.0,245.815,248.55,1696632.0
1573516800,249.29,253.49,249.2,252.53,1888780.0
1573603200,250.93,255.11,249.01,253.94,1963743.0
1573689600,252.77,255.41,249.47,253.85,1806072.0
1573776000,255.5,260.04,254.29,259.96,2228306.0
1574035200,258.0,268.45,257.3,266.31,3205150.0
1574121600,277.25,279.9,272.53,277.74,9869439.0
1574208000,276.88,284.295,276.65,283.0,3.7944018E7
1574294400,282.32,283.47,277.75,279.12,4069011.0
1574380800,280.0,280.85,276.89,279.98,2152094.0
1574640000,280.0,284.0,278.41,279.75,3235572.0
1574726400,281.0,281.15,278.62,278.86,2360987.0
1574812800,279.51,281.49,277.85,281.28,1321112.0
1574985600,280.97,283.49,280.1,283.04,879899.0
1575244800,283.0,283.0,269.5,277.35,2340880.0
1575331200,271.79,280.0,271.06,279.01,2351398.0
1575417600,277.87,278.07,272.8,273.8,1852681.0
1575504000,273.0,277.25,271.86,273.13,1175705.0
1575590400,274.9,275.309,269.62,272.04,1871264.0
1575849600,271.77,272.595,269.615,269.7,1069025.0
1575936000,270.0,272.445,266.2,266.78,1461128.0
1576022400,266.0,268.19,263.53,267.3,1784021.0
1576108800,266.36,268.59,264.08,265.65,2222487.0
1576195200,265.64,273.8,263.98,272.98,1866854.0
1576454400,274.33,281.8,274.11,281.79,2082760.0
1576540800,279.95,281.025,274.39,276.14,1926251.0
1576627200,277.43,280.18,276.095,277.45,1272491.0
1576713600,277.45,279.11,275.3304,278.48,1433649.0
1576800000,280.52,282.83,278.7634,282.63,2302072.0
1577059200,283.05,287.44,281.71,283.31,1941613.0
1577145600,283.9,284.92,282.57,284.2,305728.0
1577318400,284.76,288.08,284.76,286.2,945982.0
1577404800,288.07,288.07,284.111,286.88,997648.0
1577664000,286.28,286.42,277.75,282.81,1406259.0
1577750400,280.41,283.85,279.79,282.32,970352.0
1577923200,284.96,291.68,284.22,291.24,1771770.0
1578009600,286.9,293.06,286.5,291.1,1135820.0
1578268800,285.19,293.41,284.6,292.87,1474090.0
1578355200,293.22,294.58,288.03,292.91,1439902.0
1578441600,294.56,297.69,293.24,295.65,1740786.0
1578528000,297.3,299.77,294.225,299.31,1403564.0
1578614400,300.72,303.39,297.45,298.88,1258528.0
1578873600,302.35,305.86,301.0,303.85,1643781.0
1578960000,303.85,306.0,301.37,301.5,1499109.0
1579046400,302.0,307.73,301.9,304.87,1486320.0
1579132800,306.0,310.5,305.3481,310.02,2269426.0
1579219200,310.44,312.79,309.56,312.52,2114283.0
1579564800,312.0,315.6,311.11,312.98,2558574.0
1579651200,317.03,317.2676,312.75,312.85,1769898.0
1579737600,313.0,316.18,310.9,311.46,1591830.0
1579824000,314.58,318.84,307.78,309.39,1789576.0
1580083200,300.45,308.18,298.05,307.63,1724839.0
1580169600,309.29,315.21,308.4,314.05,1544072.0
1580256000,315.52,315.98,311.06,312.93,2547323.0
1580342400,333.73,343.89,329.65,341.62,4947373.0
1580428800,339.5,339.91,332.83,338.23,2432902.0
1580688000,338.41,344.75,337.245,343.2,2119252.0
1580774400,346.0,354.6438,344.52,352.03,2039307.0
1580860800,353.17,355.99,334.81,338.5,2851148.0
1580947200,340.01,342.82,334.08,341.7,1474432.0
1581033600,341.71,345.77,339.69,341.06,1677741.0
1581292800,340.72,345.0,338.9,342.77,1781890.0
1581379200,345.96,346.19,341.04,343.57,1194805.0
1581465600,345.02,350.43,339.5,349.8,1306853.0
1581552000,347.5,357.0,347.5,351.81,2489096.0
1581638400,353.64,356.32,350.88,356.16,1106504.0
1581984000,356.0,358.756,354.04,357.49,1289043.0
1582070400,358.75,362.95,357.4,357.72,1307132.0
1582156800,357.72,361.98,345.41,352.94,1948079.0
1582243200,350.48,351.75,338.78,344.48,2348680.0
1582502400,327.34,336.5,324.19,333.56,2016939.0
1582588800,338.56,342.08,327.57,329.72,1839551.0
1582675200,331.0,342.51,330.25,334.27,1616541.0
1582761600,323.69,331.43,317.77,320.1,2275983.0
1582848000,310.0,327.0,307.1,326.09,3202474.0
1583107200,333.83,344.48,326.32,344.4,2699972.0
1583193600,344.39,350.7,325.1303,329.63,2952500.0
1583280000,336.74,345.215,331.63,345.07,1575508.0
1583366400,337.49,343.03,326.27,329.33,1959899.0
1583452800,319.39,323.51,300.8,317.24,4108955.0
1583712000,294.39,306.8406,288.0,292.09,3436296.0
1583798400,302.38,313.0,291.62,312.8,3919257.0
1583884800,304.98,310.265,283.81,290.63,2914960.0
1583971200,270.04,287.1344,261.61,262.12,3877823.0
1584057600,277.41,288.5,264.84,287.67,3038289.0
1584316800,251.01,283.844,250.0,265.43,3389124.0
1584403200,271.41,302.9786,270.02,287.42,3908334.0
1584489600,266.0,279.94,238.93,278.16,4428490.0
1584576000,276.46,290.0,258.01,277.66,2792150.0
1584662400,276.06,284.68,252.25,254.7,3502329.0
1584921600,254.9,260.39,240.16,255.32,2825075.0
1585008000,275.58,283.6,268.54,272.0,3371383.0
1585094400,272.35,278.947,257.32,264.67,3088719.0
1585180800,269.69,295.0,267.985,294.73,3731688.0
1585267200,284.13,284.13,269.46,274.0,3076173.0
1585526400,277.77,292.695,275.2,286.39,2368737.0
1585612800,289.59,296.1698,281.31,286.58,3394846.0
1585699200,274.39,278.8,268.68,273.07,2424010.0
1585785600,265.0,272.62,249.2453,259.0,4418665.0
1585872000,258.85,261.16,246.67,249.57,2849812.0
1586131200,259.49,272.25,255.5112,269.95,3215117.0
1586217600,277.0,278.1,255.24,262.35,3045355.0
1586304000,266.44,276.41,263.905,274.05,1770052.0
1586390400,276.08,285.12,274.615,278.06,2754274.0
1586736000,276.76,284.5,273.76,283.56,2319536.0
1586822400,297.0,303.14,289.28,302.09,2556082.0
1586908800,297.21,299.39,293.56,295.92,1799710.0
1586995200,300.48,301.85,289.215,291.94,2076425.0
1587081600,302.09,303.12,296.51,299.59,2128579.0
1587340800,298.19,308.1351,296.6,302.46,1877210.0
1587427200,298.96,303.7003,281.57,288.77,2892848.0
1587513600,295.92,302.68,293.06,299.61,1421974.0
1587600000,300.0,304.689,296.0,297.31,1456946.0
1587686400,297.53,303.68,292.6995,302.94,1475280.0
1587945600,307.53,311.0,306.27,308.6,1156552.0
1588032000,312.79,315.0,295.78,296.0,2254624.0
1588118400,301.6,325.44,301.57,321.99,3477898.0
1588204800,327.84,357.78,327.49,351.54,5389531.0
1588291200,342.09,351.0,336.0,339.51,2449831.0
1588550400,336.52,356.5,335.01,354.64,2537680.0
1588636800,360.0,376.18,356.07,370.64,2977190.0
1588723200,374.63,379.8,364.5,365.39,2390486.0
1588809600,368.97,386.5746,368.53,381.83,2763337.0
1588896000,384.0,387.6,376.13,377.26,2106079.0
1589155200,375.0,388.5,370.04,383.65,1576533.0
1589241600,384.13,384.99,364.57,365.6,3390918.0
1589328000,366.01,370.46,351.29,361.29,2895248.0
1589414400,358.71,370.06,351.51,367.83,2307241.0
1589500800,365.45,372.45,363.06,370.46,2504681.0
1589760000,378.0,381.779,373.18,374.87,1754997.0
1589846400,375.0,389.67,373.23,382.88,1722083.0
1589932800,390.0,394.755,384.39,390.16,1463644.0
1590019200,390.52,393.5858,382.41,383.64,991786.0
1590105600,389.04,394.14,384.99,387.96,1006172.0
1590451200,396.13,396.15,379.63,380.67,1714930.0
1590537600,378.05,378.05,352.07,371.16,3761116.0
1590624000,370.0,386.67,368.46,377.98,1546830.0
1590710400,381.41,388.23,378.625,387.93,1969262.0
1590969600,385.06,387.935,381.85,383.37,1336559.0
1591056000,384.45,392.9,375.44,392.9,2024387.0
1591142400,389.99,393.11,381.1001,388.09,1400870.0
1591228800,385.69,389.6999,372.42,376.95,2087448.0
1591315200,370.0,390.68,367.03,390.46,2455443.0
1591574400,386.58,388.77,375.68,386.64,1512760.0
1591660800,390.98,398.0,385.4913,388.83,1689679.0
1591747200,392.34,405.53,392.34,401.66,2005313.0
1591833600,393.83,397.46,372.87,375.05,2924986.0
1591920000,387.62,392.38,377.76,385.13,1556615.0
1592179200,378.2,393.98,375.37,392.5,1437586.0
1592265600,400.0,402.87,389.19,398.46,1743981.0
1592352000,400.01,407.59,398.05,400.65,1562548.0
1592438400,402.26,404.49,396.1,401.03,1320777.0
1592524800,406.25,407.99,398.44,399.87,2304956.0
1592784000,396.42,403.22,391.8519,402.82,1570513.0
1592870400,408.0,409.8,397.38,400.94,1671804.0
1592956800,399.78,405.24,388.865,392.93,1450491.0
1593043200,391.715,401.69,385.66,401.64,1295413.0
1593129600,401.83,402.84,391.08,399.97,2013158.0
1593388800,401.48,402.9899,385.5,394.55,1388937.0
1593475200,394.88,406.17,394.0,405.06,1760810.0
1593561600,405.38,417.615,403.5,416.79,1794284.0
1593648000,421.31,424.84,412.69,414.21,1385672.0
1593993600,419.29,425.0,412.15,416.44,1774825.0
1594080000,416.44,421.23,410.97,411.74,1313515.0
1594166400,416.8,426.78,415.5,425.2,1516193.0
1594252800,428.0,430.83,415.6,426.37,1407118.0
1594339200,426.5,427.78,419.46,422.91,1482532.0
1594598400,425.0,427.78,399.47,401.87,1622996.0
1594684800,400.0,413.805,390.84,413.23,1782688.0
1594771200,422.89,425.96,415.74,423.56,2118362.0
1594857600,416.06,418.261,404.49,413.88,1446456.0
1594944000,415.75,423.4,411.45,421.81,1099520.0
1595203200,425.0,454.695,424.54,449.27,3131832.0
1595289600,447.23,447.47,434.18,437.22,1600573.0
1595376000,440.0,443.9649,434.315,441.6,872830.0
1595462400,441.1,448.34,428.62,430.85,1324394.0
1595548800,420.28,430.31,414.599,425.19,1003821.0
1595808000,430.0,436.16,426.005,433.81,985255.0
1595894400,435.0,442.58,431.0,435.04,1038071.0
1595980800,442.57,446.505,437.87,445.71,2255868.0
1596067200,432.72,438.6,421.33,431.4,3143077.0
1596153600,436.99,439.2,428.3176,439.2,1745876.0
1596412800,443.72,444.79,431.16,439.96,1801941.0
1596499200,437.42,442.49,433.87,438.15,1141120.0
1596585600,440.0,441.05,435.33,435.74,1018629.0
1596672000,437.88,439.57,425.335,430.33,2230896.0
1596758400,432.04,439.2877,423.714,431.21,2459662.0
1597017600,430.44,439.13,422.17,438.68,2724446.0
1597104000,434.35,434.99,418.533,421.36,1639128.0
1597190400,425.14,431.43,423.05,427.13,1619889.0
1597276800,427.86,439.81,426.71,438.42,1700125.0
1597363200,438.36,442.8927,434.32,435.73,1252370.0
1597622400,436.98,445.15,436.98,442.37,1969937.0
1597708800,441.72,444.36,435.3,437.58,2272083.0
1597795200,438.0,443.64,432.1,437.13,1964921.0
1597881600,435.42,454.73,433.355,453.34,2718235.0
1597968000,452.78,453.99,446.1789,449.42,2339210.0
1598227200,453.05,458.64,445.0,448.1,2357007.0
1598313600,450.0,458.88,445.74,457.93,1164912.0
1598400000,465.0,488.582,464.101,487.7,2199754.0
1598486400,485.0,485.1,474.5,480.55,1521161.0
1598572800,485.0,494.0,484.4,487.87,1061372.0
1598832000,488.25,489.995,480.99,482.02,1390680.0
1598918400,485.0,497.25,482.58,497.19,1370853.0
1599004800,500.0,501.82,482.66,499.69,1355545.0
1599091200,485.0,487.99,462.67,468.84,2024617.0
1599177600,466.0,470.0,435.1,450.35,2680167.0
1599523200,439.99,452.73,432.85,443.14,1765371.0
1599609600,452.09,462.86,441.845,458.2,1805559.0
1599696000,461.0,468.32,450.27,452.98,1114841.0
1599782400,457.63,458.49,439.76,445.9,895909.0
1600041600,451.42,463.2,451.17,458.06,1434433.0
1600128000,463.23,474.315,462.6096,473.96,1120502.0
1600214400,476.47,479.44,455.78,456.01,1507316.0
1600300800,445.7,455.0,442.0,453.8,1578503.0
1600387200,454.15,457.255,442.71,453.09,1461231.0
1600646400,446.82,462.4,446.2,461.88,1106413.0
1600732800,465.75,471.1,454.6049,470.57,930129.0
1600819200,470.0,473.315,459.04,460.47,826736.0
1600905600,458.79,465.17,453.7,460.12,842539.0
1600992000,468.91,481.65,464.565,479.97,1206757.0
1601251200,486.61,488.4,478.97,484.21,1257986.0
1601337600,486.35,489.56,483.0952,487.98,829337.0
1601424000,485.67,493.31,481.15,485.0,1202344.0
1601510400,491.57,495.13,487.4528,492.52,922437.0
1601596800,480.49,502.63,478.99,493.15,1593110.0
1601856000,495.61,502.23,491.2702,501.79,1287437.0
1601942400,500.0,502.5999,489.82,491.54,1075785.0
1602028800,497.63,504.21,494.0,500.0,858048.0
1602115200,505.0,505.0,492.0,496.5,823356.0
1602201600,503.56,510.88,502.01,508.61,1193425.0
1602460800,513.55,515.55,502.0,509.09,896321.0
1602547200,516.51,522.77,511.23,518.3,1180580.0
1602633600,520.0,521.5,509.98,516.89,990207.0
1602720000,509.48,522.99,506.0,520.68,945391.0
1602806400,524.15,530.73,520.99,524.87,1031892.0
1603065600,526.44,533.37,519.39,521.95,891807.0
1603152000,523.0,527.58,515.915,518.19,826498.0
1603238400,518.68,519.53,506.83,510.28,831294.0
1603324800,511.7,513.55,495.17,505.96,858230.0
1603411200,509.09,514.23,505.23,514.01,845229.0
1603670400,518.01,521.86,492.51,501.61,1621213.0
1603756800,508.79,510.0,498.52,499.81,1204132.0
1603843200,486.95,489.9199,480.15,484.05,1776599.0
1603929600,497.0,517.9,493.0001,510.59,2857371.0
1604016000,504.4,507.9802,485.59,497.57,1873925.0
1604275200,499.21,507.575,474.285,476.0,1983704.0
1604361600,477.61,484.71,472.01,480.05,1783333.0
1604448000,506.35,518.23,501.0,513.58,2223775.0
1604534400,523.31,533.84,520.495,531.08,1186473.0
1604620800,529.53,537.53,519.0,535.18,826425.0
1604880000,509.65,528.21,500.79,501.96,2398459.0
1604966400,495.53,499.68,472.01,481.28,2501693.0
1605052800,493.71,508.0575,489.55,503.36,1578845.0
1605139200,520.45,525.01,506.37,509.78,1631603.0
1605225600,511.6,511.6,495.52,508.01,1235170.0
1605484800,497.49,505.7507,495.1891,502.28,1587082.0
1605571200,505.0,516.0,504.07,513.1,1151537.0
1605657600,511.25,513.56,502.39,507.12,1016214.0
1605744000,508.2,519.93,505.0,514.33,978532.0
1605830400,515.61,526.46,514.0,518.06,1184583.0
1606089600,520.1,524.87,514.2665,522.11,1294155.0
1606176000,522.71,526.0,510.155,514.69,1182219.0
1606262400,519.0,524.0,511.792,519.22,1083610.0
1606435200,521.0,529.7799,515.845,527.48,741692.0
1606694400,530.0,535.0,520.98,534.55,1722519.0
1606780800,536.0,541.74,525.955,539.59,1150975.0
1606867200,530.77,535.0,521.17,526.52,1088450.0
1606953600,527.79,539.5,523.3,525.24,1022407.0
1607040000,525.54,529.75,522.24,525.7,744666.0
1607299200,528.76,534.74,527.91,533.25,1379565.0
1607385600,536.79,544.05,528.6,542.25,1869984.0
1607472000,544.43,545.0,525.65,527.99,1637492.0
1607558400,526.5,538.56,518.51,538.0,1032898.0
1607644800,538.19,540.69,530.835,537.36,855076.0
1607904000,538.5,539.105,530.96,532.48,1126668.0
1607990400,532.0,535.11,525.08,527.38,1048967.0
1608076800,532.95,549.88,532.0,545.0,1393556.0
1608163200,549.47,558.34,549.47,554.07,1228176.0
1608249600,558.47,566.74,555.55,565.43,2152770.0
1608508800,558.02,562.45,542.7,550.82,1642674.0
1608595200,550.71,562.5,548.9701,561.72,1199630.0
1608681600,561.61,565.0,549.72,550.06,887700.0
1608768000,555.3,560.54,552.74,553.89,623701.0
1609113600,563.0,563.0,540.9,543.74,1041943.0
1609200000,550.22,551.63,539.305,545.98,926378.0
1609286400,550.82,552.0,544.6601,547.38,580074.0
1609372800,547.01,551.08,543.71,550.43,664943.0
1609718400,556.94,557.36,521.51,526.83,1889186.0
1609804800,526.04,533.33,524.8,531.97,1544278.0
1609891200,519.77,520.94,507.06,507.25,1969772.0
1609977600,510.0,516.9,508.71,511.41,1869572.0
1610064000,521.64,531.61,518.16,529.64,1595056.0
1610323200,525.0,526.96,515.08,523.06,1286528.0
1610409600,520.0,522.5099,507.3084,513.21,1173229.0
1610496000,518.21,523.7,511.0,521.71,1076700.0
1610582400,527.2,528.0,512.79,514.34,1448698.0
1610668800,518.41,526.56,513.0,513.76,1083848.0
1611014400,515.6,522.9515,509.685,519.42,978114.0
1611100800,527.99,543.47,527.01,542.19,1539177.0
1611187200,543.5,546.4,537.87,544.33,1012418.0
1611273600,549.75,554.3395,540.3,541.09,1029993.0
1611532800,547.73,552.8205,525.06,537.88,1712264.0
1611619200,540.0,540.78,530.605,532.46,1417722.0
1611705600,524.88,533.07,508.22,516.5,2241301.0
1611792000,545.0,563.8799,542.86,554.24,3282735.0
1611878400,549.08,552.0,529.34,543.16,2380192.0
1612137600,546.01,564.73,546.01,558.56,1716922.0
1612224000,562.88,588.82,560.1,583.51,2251609.0
1612310400,583.0,587.43,574.56,576.65,1491538.0
1612396800,579.89,589.0,572.13,588.98,1253290.0
1612483200,588.68,592.54,582.32,589.73,972152.0
1612742400,591.31,598.37,584.0,587.91,1031674.0
1612828800,587.14,588.6,576.01,581.78,1635022.0
1612915200,585.76,593.78,579.01,589.36,966828.0
1613001600,594.0,595.0,588.0,594.47,731289.0
1613088000,591.32,593.71,585.53,591.29,823047.0
1613433600,591.82,594.66,581.151,585.74,891684.0
1613520000,580.0,583.14,570.75,580.94,887047.0
1613606400,569.96,579.3087,565.9,575.8,973554.0
1613692800,577.16,582.11,559.08,570.73,1958172.0
1613952000,566.03,566.03,549.78,550.26,1038824.0
1614038400,539.34,553.8,524.41,551.75,1571200.0
1614124800,545.5,554.1999,538.93,551.83,1113512.0
1614211200,550.0,556.49,526.89,528.79,1761653.0
1614297600,532.5,540.32,521.15,533.46,1799081.0
1614556800,544.82,556.64,540.0449,556.47,1234307.0
1614643200,559.56,562.43,548.31,549.3,1121525.0
1614729600,544.29,545.785,513.67,516.0,1806006.0
1614816000,510.94,517.75,484.9,490.63,2831315.0
1614902400,496.24,496.24,467.15,486.96,3232858.0
1615161600,490.78,497.26,462.505,464.05,1969761.0
1615248000,480.71,493.56,478.78,488.95,2448208.0
1615334400,497.11,499.0,473.96,474.0,1927029.0
1615420800,494.49,511.71,490.22,502.87,1923300.0
1615507200,489.0,494.8794,482.74,489.22,1505018.0
1615766400,490.0,497.21,486.4701,496.77,970073.0
1615852800,504.28,509.15,495.31,498.99,1138519.0
1615939200,491.46,492.73,476.37,485.0,2485959.0
1616025600,479.69,479.8,464.665,466.18,1870161.0
1616112000,468.49,475.57,463.85,470.84,1893885.0
1616371200,471.63,484.44,471.32,476.65,1188290.0
1616457600,480.11,486.44,476.98,478.17,1140936.0
1616544000,480.63,481.5,470.0,472.32,1476426.0
1616630400,467.88,474.0,463.8,472.18,1903882.0
1616716800,473.49,495.45,471.0001,495.0,2440183.0
1616976000,489.46,492.94,482.05,485.39,1720277.0
1617062400,480.0,490.99,473.21,487.57,1253994.0
1617148800,493.44,506.89,490.515,500.11,1568389.0
1617235200,508.0,512.905,502.4987,507.01,1063926.0
1617580800,511.97,516.07,509.18,514.02,1588791.0
1617667200,511.4,515.14,506.62,509.08,972859.0
1617753600,511.06,512.89,506.83,510.73,646760.0
1617840000,520.0,528.82,517.48,524.04,1260117.0
1617926400,518.09,530.61,510.0,530.0,1453052.0
1618185600,529.18,541.215,524.73,537.0,1329013.0
1618272000,539.0,551.28,539.0,548.93,1364392.0
1618358400,551.0,560.19,542.84,544.84,1341065.0
1618444800,553.46,560.17,552.915,559.35,885183.0
1618531200,560.56,560.79,550.26,556.91,879687.0
1618790400,553.42,556.88,546.0,549.37,895372.0
1618876800,548.96,552.92,536.5,540.78,794840.0
1618963200,545.16,549.07,537.13,546.47,1032519.0
1619049600,547.0,558.0,543.85,548.49,900436.0
1619136000,553.28,555.89,549.33,552.7,780477.0
1619395200,554.0,559.39,549.25,559.21,671972.0
1619481600,557.95,565.29,553.59,562.63,961234.0
1619568000,559.25,559.79,552.44,557.24,1715568.0
1619654400,521.0,530.8,503.5,505.0,8692938.0
1619740800,500.28,519.82,500.28,506.37,3440845.0
1620000000,507.46,508.2209,488.78,490.32,2419095.0
1620086400,485.52,489.68,473.73,483.3,2469473.0
1620172800,489.18,486.4,477.51,479.97,933216.0
1620259200,477.1,486.6,473.1,485.84,2188332.0
1620345600,493.4,494.53,474.445,483.51,1997278.0
1620604800,482.5,482.5,464.7,466.8,2053839.0
1620691200,453.8,486.01,452.46,481.5,2588072.0
1620777600,473.23,475.0,460.01,464.71,1778960.0
1620864000,470.0,471.3211,451.0365,454.98,1700799.0
1620950400,461.91,464.91,458.7838,460.33,1789713.0
1621209600,459.47,459.47,448.27,454.4,1862512.0
1621296000,455.46,463.0,451.0,457.22,1364116.0
1621382400,450.25,460.72,448.27,459.76,1172145.0
1621468800,464.67,475.58,463.29,471.13,1286412.0
1621555200,473.89,478.62,468.93,469.47,1372582.0
1621814400,475.0,479.8,473.52,476.36,928880.0
1621900800,478.75,483.695,476.37,479.9,1367515.0
1621987200,478.81,487.27,478.04,485.41,1542422.0
1622073600,480.97,482.61,472.63,479.22,1727834.0
1622160000,480.0,482.07,470.55,473.88,1895608.0
1622505600,477.6,477.64,467.04,469.17,1693246.0
1622592000,464.57,472.6,461.91,467.01,1032438.0
1622678400,464.31,465.18,456.0,459.2,973258.0
1622764800,460.0,465.31,458.72,460.65,1575455.0
1623024000,460.02,462.74,457.0,459.46,1210913.0
1623110400,463.97,471.1,459.42,460.76,1074368.0
1623196800,464.96,467.61,460.72,464.71,1027759.0
1623283200,485.71,490.7899,479.0132,489.13,3041792.0
1623369600,490.0,499.51,488.0,498.01,2080815.0
1623628800,500.0,511.12,498.2201,509.34,1827665.0
1623715200,510.52,512.55,504.12,505.43,1565094.0
1623801600,507.7,521.5,502.151,510.08,2057614.0
1623888000,505.8,531.0,505.8,530.4,1909364.0
1623974400,528.82,537.72,525.28,533.74,2246156.0
1624233600,531.32,538.0,525.02,534.75,1123285.0
1624320000,536.0,547.0,535.0,546.03,1283473.0
1624406400,545.0,550.9954,542.73,550.2,890205.0
1624492800,552.0,558.75,550.81,552.07,997235.0
1624579200,555.26,555.26,541.99,544.99,1511984.0
1624838400,548.0,552.71,546.75,552.17,815450.0
1624924800,555.24,561.89,552.53,558.59,1048830.0
1625011200,556.89,557.96,547.61,549.55,842319.0
1625097600,545.0,550.13,539.745,545.17,1165808.0
1625184000,548.25,554.74,547.2033,551.83,681208.0
1625529600,554.29,563.79,552.1901,558.49,794988.0
1625616000,560.9,563.26,553.07,561.78,1093683.0
1625702400,552.75,562.2899,546.95,560.47,942234.0
1625788800,559.72,567.33,555.87,566.37,976625.0
1626048000,570.0,573.6699,561.25,561.93,1279205.0
1626134400,561.0,566.35,555.0,559.33,868393.0
1626220800,563.96,567.3,558.78,562.94,1133811.0
1626307200,563.38,566.72,554.55,558.28,823599.0
1626393600,561.52,564.625,554.96,556.36,941000.0
1626652800,551.74,555.39,545.0,555.09,1108368.0
1626739200,560.0,569.16,554.61,565.25,870645.0
1626825600,562.49,567.13,558.54,567.13,754354.0
1626912000,572.08,579.4,570.45,576.7,938684.0
1626998400,580.0,588.48,577.82,586.18,890909.0
1627257600,584.8,584.85,575.01,584.2,1044150.0
1627344000,584.0,586.87,574.67,582.29,1462372.0
1627430400,582.0,587.0027,576.01,583.35,1229170.0
1627516800,584.6,608.78,584.6,586.43,2539614.0
1627603200,579.71,595.89,575.937,587.89,1566223.0
1627862400,587.89,591.715,579.01,584.67,901287.0
1627948800,584.89,590.81,577.34,584.66,804883.0
1628035200,585.0,594.69,583.1724,593.47,769733.0
1628121600,595.0,597.0,589.38,595.5,476191.0
1628208000,594.0,595.6,589.43,590.68,709248.0
1628467200,589.95,592.3,585.2965,587.96,800932.0
1628553600,588.0,589.44,572.78,575.8,829638.0
1628640000,578.44,581.14,566.59,570.2,908220.0
1628726400,569.27,581.99,566.99,581.57,866644.0
1628812800,579.04,587.98,577.535,587.83,638884.0
1629072000,586.0,591.68,576.32,580.22,815780.0
1629158400,579.45,584.1,574.38,582.24,709843.0
1629244800,580.47,588.6,578.48,581.95,741882.0
1629331200,579.5,591.3,577.75,586.92,768344.0
1629417600,591.05,601.41,588.57,600.52,1003469.0
1629676800,602.0,621.0,602.0,619.43,1576583.0
1629763200,620.0,626.53,620.0,621.85,1016363.0
1629849600,623.0,627.77,616.66,621.07,909747.0
1629936000,622.62,630.23,621.1,624.03,1096318.0
1630022400,625.0,635.62,624.045,632.4,821211.0
1630281600,634.0,643.28,633.485,641.65,797586.0
1630368000,645.0,647.7,639.56,643.64,1246682.0
1630454400,643.6,652.56,642.5,650.85,934215.0
1630540800,654.0,661.78,652.39,660.31,1354289.0
1630627200,660.0,681.0999,659.05,678.63,1145953.0
1630972800,678.63,679.0,660.205,661.09,1515942.0
1631059200,660.31,660.31,650.63,653.8,1112973.0
1631145600,655.78,656.37,649.0,650.19,802363.0
1631232000,653.11,655.76,646.74,647.98,754323.0
1631491200,649.0,649.08,630.67,639.08,1262255.0
1631577600,641.99,648.535,640.59,645.42,749422.0
1631664000,644.09,654.12,637.67,652.15,803477.0
1631750400,650.3,657.12,644.68,656.35,622316.0
1631836800,653.39,657.46,648.26,651.03,1298242.0
1632096000,644.36,650.58,640.12,648.73,957779.0
1632182400,650.0,657.18,645.63,654.2,755242.0
1632268800,658.0,665.5,650.68,662.65,816308.0
1632355200,668.0,670.49,663.01,664.22,871500.0
1632441600,662.1,667.0,655.0,666.31,499785.0
1632700800,659.88,660.0,646.21,649.56,902490.0
1632787200,633.67,636.84,610.0,612.52,1988786.0
1632873600,620.0,623.84,607.18,618.02,1228611.0
1632960000,620.2,626.99,618.24,622.27,948585.0
1633046400,623.78,635.41,614.325,632.8,1048938.0
1633305600,635.4,638.05,609.47,617.97,1173798.0
1633392000,622.47,639.54,622.0,633.42,1066290.0
1633478400,627.34,635.76,621.4,629.36,1038268.0
1633564800,636.43,648.36,635.4301,637.92,1021742.0
1633651200,640.0,643.66,616.92,617.58,1715776.0
1633910400,618.02,627.31,612.14,615.85,915078.0
1633996800,622.36,633.0,620.24,629.13,796209.0
1634083200,630.0,641.075,630.0,639.41,1110913.0
1634169600,650.0,662.7632,648.595,653.03,1326200.0
1634256000,656.86,665.61,654.9,663.18,919293.0
1634515200,663.5,666.3,657.33,666.22,1134659.0
1634601600,672.4,687.6876,672.29,680.25,1472708.0
1634688000,684.23,686.73,671.1801,681.11,872444.0
1634774400,680.0,687.2936,676.87,686.34,649648.0
1634860800,686.0,692.97,683.42,686.65,928553.0
1635120000,686.65,693.47,684.5,688.85,586155.0
1635206400,692.69,693.0,675.55,676.71,1108468.0
1635292800,675.7,684.83,663.61,664.76,1500548.0
1635379200,671.51,694.0,671.3,687.7,2113600.0
1635465600,686.35,698.43,682.15,697.76,1107088.0
1635724800,700.0,704.82,676.66,681.98,1163611.0
1635811200,685.99,687.5,680.5,686.59,682582.0
1635897600,689.1,689.1,672.22,687.67,662525.0
1635984000,690.0,707.6,689.14,701.73,833462.0
1636070400,702.0,702.74,686.895,692.01,596133.0
1636329600,693.72,696.5899,689.15,692.28,798179.0
1636416000,695.31,697.275,685.6,691.27,499804.0
1636502400,686.79,687.93,663.82,670.91,1279753.0
1636588800,679.69,681.34,673.89,679.25,1015246.0
1636675200,685.0,691.74,681.435,691.4,991938.0
1636934400,689.46,689.9,678.71,682.57,812089.0
1637020800,684.99,692.56,682.1077,692.55,926651.0
1637107200,694.33,695.61,683.9,684.93,691704.0
1637193600,682.47,684.56,674.14,675.84,751903.0
1637280000,680.31,687.255,674.18,675.97,1051395.0
1637539200,675.71,683.96,651.36,656.38,1194275.0
1637625600,650.0,654.43,627.41,636.91,1844702.0
1637712000,629.96,649.42,624.14,649.31,837085.0
1637884800,644.515,661.0677,644.515,649.55,729456.0
1638144000,659.63,676.5,651.11,672.82,1081651.0
1638230400,674.63,679.62,642.645,647.7,2146429.0
1638316800,650.36,657.96,599.34,599.57,2318878.0
1638403200,599.57,625.8,598.64,623.37,1460152.0
1638489600,627.69,628.76,593.16,613.11,1854841.0
1638748800,601.58,619.66,594.05,616.54,1440418.0
1638835200,630.99,668.155,630.0,663.39,1849957.0
1638921600,660.0,672.97,651.05,665.81,930254.0
1639008000,666.0,669.1108,641.25,642.15,1089204.0
1639094400,647.19,658.175,640.2001,647.0,850319.0
1639353600,644.65,661.165,642.67,655.94,999460.0
1639440000,642.09,646.895,607.19,624.69,1659695.0
1639526400,626.66,648.07,624.575,647.04,1581464.0
1639612800,639.39,643.8,606.69,608.98,1588267.0
1639699200,596.7,620.65,587.02,615.63,3418685.0
1639958400,605.0,614.06,601.2201,605.37,996661.0
1640044800,612.5,635.34,605.0,631.32,1129227.0
1640131200,631.46,648.89,625.6,643.93,1010707.0
1640217600,645.96,651.69,641.025,648.57,664722.0
1640563200,655.98,664.945,651.97,663.28,681109.0
1640649600,667.64,667.64,653.0,654.0,482349.0
1640736000,655.18,658.86,646.02,654.58,441753.0
1640822400,656.2,663.17,653.84,654.54,491102.0
1640908800,652.02,658.59,648.87,649.11,464600.0
