1483401600,98.25,98.25,97.55,97.66,2392843.0
1483488000,97.67,98.36,97.65,98.3,3949710.0
1483574400,98.48,98.79,98.18,98.4,2181845.0
1483660800,98.7,98.7225,97.99,98.21,2849128.0
1483920000,98.25,98.47,97.97,98.11,2189584.0
1484006400,98.54,98.79,98.26,98.63,2767909.0
1484092800,98.49,98.61,98.28,98.48,1727308.0
1484179200,98.49,98.58,98.26,98.3,1574853.0
1484265600,98.21,98.62,97.97,98.38,2074849.0
1484611200,98.5,98.62,97.61,97.62,5503282.0
1484697600,98.09,98.34,97.86,98.01,1936800.0
1484784000,98.14,98.26,97.81,98.06,2464636.0
1484870400,98.2,98.305,97.68,97.8,2744224.0
1485129600,97.5,97.7,96.0,96.0,9077842.0
1485216000,96.23,97.32,96.06,96.7,4201211.0
1485302400,96.83,97.81,96.83,97.5,3860287.0
1485388800,97.43,97.62,97.11,97.26,3113378.0
1485475200,97.4,97.99,97.3,97.88,2484538.0
1485734400,98.05,98.2,97.25,98.02,2971901.0
1485820800,97.75,98.17,97.455,97.85,2699390.0
1485907200,98.39,98.58,97.75,97.75,4620993.0
1485993600,98.1,99.34,98.1,99.01,3450411.0
1486080000,99.0,99.5,98.9,99.46,1840348.0
1486339200,99.85,101.25,99.76,100.05,1.2649562E7
1486425600,100.65,101.28,100.44,101.27,2716584.0
1486512000,101.47,102.155,101.04,102.08,3419412.0
1486598400,102.0,102.17,101.551,101.6,1995669.0
1486684800,101.76,102.31,101.75,101.99,2131363.0
1486944000,102.1,102.49,101.85,102.26,1460372.0
1487030400,102.0,102.49,101.91,102.28,2149155.0
1487116800,102.25,102.74,102.25,102.58,1725068.0
1487203200,102.65,102.74,102.41,102.49,1069978.0
1487289600,102.31,102.78,102.18,102.4,1335362.0
1487635200,102.21,102.75,102.21,102.6,1530121.0
1487721600,102.6,102.89,102.4,102.65,1576878.0
1487808000,102.65,102.89,102.46,102.59,1368286.0
1487894400,102.2,102.86,102.19,102.83,2153608.0
1488153600,102.58,102.89,102.57,102.81,881055.0
1488240000,102.65,103.18,102.3,102.81,1650151.0
1488326400,103.2,103.44,102.96,103.2,1797903.0
1488412800,103.12,103.79,103.05,103.61,4282410.0
1488499200,103.72,103.94,103.44,103.86,1484471.0
1488758400,103.55,104.1,103.3,103.89,1535542.0
1488844800,103.86,104.11,103.56,103.77,2881801.0
1488931200,103.68,104.03,103.65,103.87,5757303.0
1489017600,103.76,104.02,103.75,103.92,3101443.0
1489104000,104.1,104.23,103.9,104.22,3012899.0
1489363200,104.1,104.45,103.8,103.99,3592655.0
1489449600,103.9,103.98,103.71,103.8,1669486.0
1489536000,103.8,103.97,103.72,103.75,2702330.0
1489622400,103.88,103.97,103.28,103.4,3891490.0
1489708800,103.2,103.38,102.91,103.27,3096574.0
1489968000,103.25,103.495,103.155,103.33,1158180.0
1490054400,103.2,103.51,102.65,102.94,3273643.0
1490140800,102.83,102.99,102.6,102.73,2040718.0
1490227200,102.74,102.975,102.62,102.7,1720618.0
1490313600,102.81,103.16,102.6,102.99,2153518.0
1490572800,102.92,103.36,102.7,103.22,1182206.0
1490659200,103.07,103.5302,102.97,103.18,1246296.0
1490745600,103.16,103.67,103.15,103.62,1622946.0
1490832000,103.33,104.29,103.14,103.75,1697023.0
1490918400,103.94,104.0,103.38,103.5,3326854.0
1491177600,103.68,104.42,103.5,104.27,2955064.0
1491264000,104.75,105.26,104.345,105.05,7817404.0
1491350400,105.48,105.48,104.61,104.8,3961319.0
1491436800,104.95,105.0,104.34,104.4,3719165.0
1491523200,104.5,104.8,104.45,104.55,4128595.0
1491782400,104.5,104.68,104.17,104.17,2051221.0
1491868800,104.05,104.44,103.87,103.97,2272051.0
1491955200,103.92,103.99,103.66,103.69,3112463.0
1492041600,103.7,103.9,103.19,103.23,2698248.0
1492387200,103.5,103.69,103.17,103.17,1998950.0
1492473600,103.2,103.585,103.16,103.31,1495281.0
1492560000,103.5,104.42,103.39,104.23,3463244.0
1492646400,104.45,104.505,103.9,104.43,2904526.0
1492732800,104.45,104.45,104.11,104.36,1813228.0
1492992000,104.5,104.91,104.41,104.77,1644757.0
1493078400,104.86,105.28,104.8,105.21,2253253.0
1493164800,105.11,105.6,105.11,105.47,2824838.0
1493251200,105.5,105.58,105.3,105.45,1981043.0
1493337600,105.4,105.8,105.3,105.75,2050052.0
1493596800,105.9,106.155,105.6,105.96,1946758.0
1493683200,106.0,106.19,105.67,105.76,2297848.0
1493769600,106.0,106.1,105.6,105.79,1199183.0
1493856000,105.76,106.97,105.73,106.78,4468089.0
1493942400,106.57,106.96,106.38,106.58,2512702.0
1494201600,106.53,106.9695,106.45,106.9,2710936.0
1494288000,106.66,107.02,106.65,106.77,2152035.0
1494374400,106.72,106.89,106.58,106.68,3242967.0
1494460800,106.55,106.94,106.4,106.86,2924493.0
1494547200,106.77,106.91,106.5,106.87,4860589.0
1494806400,106.78,107.2,106.67,107.04,1854824.0
1494892800,106.97,107.755,106.93,107.7,6256903.0
1494979200,107.26,107.83,107.25,107.39,5324608.0
1495065600,107.28,107.5,107.14,107.27,3252767.0
1495152000,107.45,107.825,107.45,107.75,2773353.0
1495411200,107.87,108.24,107.75,108.17,3259410.0
1495497600,107.96,108.2,107.96,108.09,2996502.0
1495584000,108.11,108.29,107.845,108.0,3686014.0
1495670400,108.0,108.15,107.8,107.95,3058752.0
1495756800,107.89,108.24,107.89,108.0,2620593.0
1496102400,107.91,108.21,107.91,108.14,2111928.0
1496188800,109.05,109.9,108.98,109.9,1.2507064E7
1496275200,109.645,109.71,109.0,109.32,7466143.0
1496361600,109.2,109.35,108.86,109.15,3789013.0
1496620800,109.0,109.32,109.0,109.22,2537372.0
1496707200,109.22,109.35,108.845,108.85,2724684.0
1496793600,108.85,109.32,108.81,109.21,2903193.0
1496880000,109.07,109.4,108.92,109.23,2064827.0
1496966400,109.23,109.5,108.17,108.58,4308663.0
1497225600,108.91,108.91,108.0,108.22,2889858.0
1497312000,108.45,109.11,108.32,109.11,1959082.0
1497398400,108.96,109.415,108.65,109.27,2478030.0
1497484800,108.78,109.11,108.75,109.0,1315681.0
1497571200,109.0,109.4,108.845,109.09,2075727.0
1497830400,109.0,109.285,108.9,109.15,1809030.0
1497916800,109.05,109.86,108.97,109.0,3010801.0
1498003200,109.02,109.215,108.88,109.17,2796616.0
1498089600,109.15,109.5,108.99,109.5,3156790.0
1498176000,109.5,109.98,109.47,109.98,2.383701E7
1498435200,109.75,109.92,109.45,109.73,2438030.0
1498521600,109.67,109.79,109.42,109.52,4010401.0
1498608000,109.88,109.95,109.57,109.9,2211409.0
1498694400,109.77,109.8,109.03,109.4,4944942.0
1498780800,109.33,109.51,109.14,109.45,2853904.0
1499040000,109.5,109.5,109.1,109.27,1170829.0
1499212800,109.27,109.365,109.035,109.2,2315608.0
1499299200,109.11,109.3,109.05,109.26,1708567.0
1499385600,109.27,109.38,109.0,109.11,3532524.0
1499644800,109.05,109.46,109.05,109.32,1429255.0
1499731200,109.25,109.25,109.0,109.25,1803828.0
1499817600,109.2,109.37,109.06,109.17,2861416.0
1499904000,109.15,109.5,109.08,109.21,2247254.0
1499990400,109.2,109.48,109.16,109.4,1781973.0
1500249600,109.4,109.6186,109.37,109.45,2083208.0
1500336000,109.45,109.64,109.37,109.46,1521680.0
1500422400,109.45,109.65,109.41,109.6,1302266.0
1500508800,109.5,109.81,109.41,109.71,1497754.0
1500595200,109.6,109.8901,109.55,109.86,1321205.0
1500854400,109.83,109.84,109.55,109.55,1583803.0
1500940800,109.56,109.93,109.55,109.71,2426004.0
1501027200,109.75,109.95,109.75,109.93,2711531.0
1501113600,109.85,110.43,109.84,110.34,2846855.0
1501200000,110.12,110.4,110.05,110.22,2041734.0
1501459200,110.25,110.39,110.08,110.33,2535134.0
1501545600,110.3,111.2,110.2,111.1,3760728.0
1501632000,111.08,111.22,110.85,110.88,3407388.0
1501718400,110.52,111.055,110.43,110.66,1908358.0
1501804800,112.02,112.79,111.75,112.42,5618270.0
1502064000,112.65,113.2,112.42,112.96,2353318.0
1502150400,113.02,113.39,112.82,112.98,1576975.0
1502236800,112.6,113.1,112.565,113.09,1113577.0
1502323200,112.85,112.85,112.08,112.12,2215223.0
1502409600,111.57,112.28,111.57,112.2,2038093.0
1502668800,112.5,112.8,112.33,112.52,1024608.0
1502755200,112.65,112.83,112.51,112.83,838225.0
1502841600,112.81,112.85,112.55,112.79,498470.0
1502928000,112.79,112.85,112.335,112.47,1318242.0
1503014400,112.7,112.7,112.39,112.45,705023.0
1503273600,112.59,112.68,112.18,112.35,888542.0
1503360000,112.45,112.74,112.34,112.35,514816.0
1503446400,112.51,112.51,112.3,112.3,892547.0
1503532800,112.38,112.48,111.94,112.01,1174441.0
1503619200,112.1,112.35,111.9,112.23,1086110.0
1503878400,112.16,112.735,112.0,112.57,1287694.0
1503964800,112.25,112.6,112.2158,112.31,1193917.0
1504051200,112.31,112.58,112.29,112.4,981061.0
1504137600,112.43,113.06,112.37,112.96,2329303.0
1504224000,112.8,113.19,112.8,112.9,1229832.0
1504569600,112.56,112.85,112.29,112.42,1527053.0
1504656000,112.57,112.57,111.75,112.16,2330529.0
1504742400,112.23,112.75,112.14,112.66,933768.0
1504828800,112.4,112.48,112.16,112.3,640529.0
1505088000,112.5,112.7,112.26,112.55,630930.0
1505174400,112.66,112.81,112.635,112.78,1041063.0
1505260800,112.71,112.81,112.6,112.63,1102974.0
1505347200,112.46,112.75,112.32,112.4,1773984.0
1505433600,112.5,112.84,112.43,112.84,1775788.0
1505692800,112.86,113.23,112.8,112.99,1648062.0
1505779200,112.91,113.05,112.83,112.92,935464.0
1505865600,112.85,112.95,112.5,112.55,1244072.0
1505952000,112.49,112.85,112.34,112.72,1369549.0
1506038400,112.55,112.77,112.49,112.64,733878.0
1506297600,112.55,112.63,112.36,112.42,2387530.0
1506384000,112.4,112.6,112.31,112.37,1232452.0
1506470400,112.4,112.89,112.4,112.73,1190002.0
1506556800,112.7,113.07,112.61,112.87,1592194.0
1506643200,112.96,113.4,112.83,113.09,1806253.0
1506902400,113.15,113.39,112.85,113.12,2505592.0
1506988800,113.22,113.43,113.01,113.36,1228678.0
1507075200,113.3,113.8,113.1,113.71,1681891.0
1507161600,113.75,113.83,113.56,113.68,913561.0
1507248000,114.0,114.415,113.9,113.95,2859228.0
1507507200,114.1,114.67,113.99,114.52,1834619.0
1507593600,114.65,115.165,114.46,115.0,2833288.0
1507680000,114.94,115.61,114.83,115.46,2268671.0
1507766400,115.15,115.35,114.8,115.18,1273664.0
1507852800,115.68,115.68,115.04,115.17,1311283.0
1508112000,115.51,115.5199,114.76,114.94,1369506.0
1508198400,114.97,115.2,114.92,115.15,1402530.0
1508284800,115.03,115.51,115.03,115.36,2151549.0
1508371200,115.15,115.49,115.01,115.49,1196506.0
1508457600,115.7,115.94,115.4,115.88,3369031.0
1508716800,115.71,116.44,115.71,116.4,1818667.0
1508803200,116.5,117.0,116.4,116.79,1674015.0
1508889600,116.59,116.79,116.2368,116.49,1903043.0
1508976000,117.66,118.0,116.61,116.62,4339209.0
1509062400,116.87,117.3,116.82,116.93,3129297.0
1509321600,116.43,116.97,116.275,116.73,2878185.0
1509408000,116.7,117.07,116.5,117.05,2188138.0
1509494400,117.05,117.73,116.885,117.3,2902891.0
1509580800,117.03,117.73,116.57,117.46,3186211.0
1509667200,117.45,118.2,111.37,115.02,2.5791196E7
1509926400,115.02,116.88,115.02,116.72,8836894.0
1510012800,116.32,116.98,115.995,116.66,3361573.0
1510099200,116.7,117.56,116.245,116.34,5526264.0
1510185600,116.12,116.6,114.99,115.31,3342909.0
1510272000,115.26,116.25,115.04,116.05,2392787.0
1510531200,116.12,116.2,115.53,115.65,2473204.0
1510617600,115.6,115.95,115.02,115.5,3542500.0
1510704000,115.42,115.43,114.72,115.0,2949748.0
1510790400,115.2,115.88,115.05,115.19,3501510.0
1510876800,115.38,115.7,115.2,115.5,2030576.0
1511136000,115.51,115.9125,115.14,115.18,1414785.0
1511222400,115.22,115.61,115.15,115.32,1881085.0
1511308800,115.32,115.86,115.07,115.15,1434527.0
1511481600,114.81,115.2,114.54,114.65,1942509.0
1511740800,114.5,115.08,114.44,114.53,2369347.0
1511827200,114.65,114.85,113.78,113.79,3851488.0
1511913600,113.85,114.1737,112.5,113.0,6117113.0
1512000000,113.3,114.18,112.95,113.39,3727805.0
1512086400,114.01,115.0,113.9259,114.78,4934907.0
1512345600,115.0,115.05,113.75,113.87,2772561.0
1512432000,113.7,114.29,113.53,113.75,3482856.0
1512518400,114.14,115.0,113.4,114.33,2388263.0
1512604800,114.5,115.28,114.25,115.13,2100722.0
1512691200,115.15,115.85,115.13,115.29,2112288.0
1512950400,116.4,116.6,115.63,115.84,2542626.0
1513036800,116.11,116.32,115.5001,115.64,1345847.0
1513123200,115.65,116.1,115.61,116.06,1560704.0
1513209600,115.96,116.1,115.625,115.88,4909959.0
1513296000,115.85,116.35,115.47,116.35,1989853.0
1513555200,116.22,116.92,116.07,116.79,1332441.0
1513641600,116.63,117.0,116.3,116.45,1348017.0
1513728000,116.56,116.89,116.399,116.74,1450447.0
1513814400,116.73,116.91,116.6,116.7,1012332.0
1513900800,116.72,117.38,116.61,116.7,1442464.0
1514246400,116.61,116.84,116.49,116.57,736564.0
1514332800,116.7,116.87,116.47,116.69,9765545.0
1514419200,116.63,117.12,116.5535,116.98,812434.0
1514505600,116.93,117.4,116.91,117.09,1578114.0
1514851200,117.0,117.98,116.8,117.95,1784326.0
1514937600,118.0,118.53,117.68,118.08,2873244.0
1515024000,118.09,118.325,117.66,117.87,2153538.0
1515110400,118.09,118.3099,117.91,118.05,1631750.0
1515369600,118.65,118.65,117.95,118.28,1258049.0
1515456000,118.3,118.83,118.26,118.45,1408576.0
1515542400,118.37,119.27,118.07,119.15,1868472.0
1515628800,119.15,119.48,118.75,119.25,2576823.0
1515715200,119.29,119.7,118.99,119.58,2027268.0
1516060800,119.52,119.9,119.4,119.4,2517420.0
1516147200,119.34,119.47,118.795,119.34,4178113.0
1516233600,119.4,120.2,119.4,120.0,3981607.0
1516320000,120.11,120.67,120.0002,120.45,4838016.0
1516579200,120.7,121.25,120.55,121.08,2026468.0
1516665600,121.37,121.46,120.85,120.85,2000448.0
1516752000,120.75,121.12,120.25,120.46,1470549.0
1516838400,121.24,121.24,120.2,120.2,1526690.0
1516924800,120.5,120.99,120.21,120.34,2357049.0
1517184000,120.07,120.65,119.51,120.55,1377289.0
1517270400,120.01,120.41,119.9,120.21,2079902.0
1517356800,120.55,120.7,119.8902,120.32,2942128.0
1517443200,120.85,121.5,120.63,121.3,3660635.0
1517529600,121.12,121.29,120.5,120.62,2626774.0
1517788800,119.54,120.32,117.86,118.19,5072536.0
1517875200,117.1,118.77,117.0,118.15,4432273.0
1517961600,118.15,118.3,116.24,116.41,3993831.0
1518048000,118.25,118.75,115.76,115.94,5688021.0
1518134400,116.29,116.55,114.77,115.78,4053366.0
1518393600,116.3,116.9,115.98,116.54,1876544.0
1518480000,116.21,117.08,115.99,116.2,1903505.0
1518566400,115.88,116.25,114.55,114.88,4370322.0
1518652800,115.39,117.05,115.21,116.92,2289328.0
1518739200,116.5,119.03,116.5,118.5,5097227.0
1519084800,125.8,125.93,125.5,125.56,3.0986842E7
1519171200,125.78,125.92,125.59,125.6,1.1299491E7
1519257600,125.75,125.82,125.65,125.71,7547841.0
1519344000,125.68,125.73,125.33,125.44,5231211.0
1519603200,125.35,125.45,124.18,124.46,8208264.0
1519689600,124.42,124.89,124.4,124.65,3645530.0
1519776000,124.7,124.78,124.64,124.66,2745359.0
1519862400,124.37,124.7,123.5,123.77,4976988.0
1519948800,123.76,124.3,123.5,124.09,2903278.0
1520208000,125.45,125.53,124.695,124.78,5036942.0
1520294400,124.96,125.0887,124.01,124.4,4066737.0
1520380800,124.03,124.13,123.6,123.78,3054918.0
1520467200,124.0,124.17,123.65,123.7,1715210.0
1520553600,123.96,124.0,123.31,123.68,2533701.0
1520812800,123.45,123.94,123.28,123.62,1984136.0
1520899200,123.98,124.0,122.05,122.63,6211355.0
1520985600,122.75,123.21,120.99,122.3,6210728.0
1521072000,122.29,123.09,121.86,121.88,2211198.0
1521158400,121.9,122.58,121.15,122.25,3386179.0
1521417600,122.1,123.5,121.76,122.63,1529718.0
1521504000,122.72,123.24,122.71,123.1,1353479.0
1521590400,121.9,122.44,121.69,121.96,3147323.0
1521676800,121.56,121.68,120.5,120.92,3138307.0
1521763200,121.8,121.8,119.5,120.19,2174726.0
1522022400,121.38,121.95,121.0,121.61,3413129.0
1522108800,122.16,122.48,121.32,121.52,3367904.0
1522195200,121.53,121.76,116.02,116.26,1.1204976E7
1522281600,117.25,117.66,115.445,117.0,4969351.0
1522627200,117.0,117.07,114.57,115.22,4566125.0
1522713600,115.53,116.49,115.23,116.41,3379907.0
1522800000,115.2,115.94,113.771,115.43,4889336.0
1522886400,115.29,116.15,114.22,114.78,4686676.0
1522972800,114.24,114.8,113.38,113.73,3927468.0
1523232000,114.32,114.75,113.65,114.34,3190830.0
1523318400,115.52,117.36,115.4,116.61,6659313.0
1523404800,116.71,116.94,115.1,115.88,4931754.0
1523491200,115.88,115.88,112.25,114.17,1.0004086E7
1523577600,114.09,115.65,112.67,113.44,6605551.0
1523836800,113.47,113.64,112.65,112.83,2488715.0
1523923200,112.99,113.94,112.8301,113.16,2497656.0
1524009600,113.01,113.59,112.59,112.99,1512101.0
1524096000,110.075,110.15,106.75,107.17,1.274758E7
1524182400,107.89,108.08,103.19,105.15,1.6428033E7
1524441600,105.6,106.305,102.82,103.17,9049384.0
1524528000,103.16,103.4,100.23,101.71,1.2601891E7
1524614400,102.3,102.7,100.36,101.19,8249435.0
1524700800,102.0,104.76,101.97,102.49,9264050.0
1524787200,103.9,105.82,102.97,105.4,1.0043304E7
1525046400,105.76,106.37,104.75,104.9,4016285.0
1525132800,104.91,105.12,103.36,103.99,5134087.0
1525219200,104.47,104.55,102.04,102.72,5151790.0
1525305600,94.22,95.0,90.83,92.36,3.1708974E7
1525392000,93.35,100.29,93.2098,100.28,1.5638998E7
1525651200,100.0,100.24,98.1,98.46,3710525.0
1525737600,98.31,98.99,96.8,98.79,3644519.0
1525824000,99.0,99.13,98.24,98.64,2425442.0
1525910400,98.75,99.29,98.61,99.29,2832219.0
1525996800,99.08,99.33,98.3,99.01,2280521.0
1526256000,109.75,114.66,108.05,110.74,2.3167958E7
1526342400,112.08,112.88,109.58,110.05,9077171.0
1526428800,108.5,109.8,106.81,108.84,9651206.0
1526515200,109.75,110.37,103.07,106.71,8530907.0
1526601600,106.4,113.0,106.3,111.02,1.2282741E7
1526860800,114.2,114.97,113.07,114.65,9542117.0
1526947200,117.69,117.7102,114.76,115.46,1.317285E7
1527033600,114.0,114.19,111.89,112.55,5107716.0
1527120000,113.0,113.24,109.77,111.51,4273400.0
1527206400,111.48,117.03,111.36,116.79,9197454.0
1527552000,119.0,119.11,115.18,116.28,1.0126029E7
1527638400,114.73,116.02,113.36,115.58,9240109.0
1527724800,115.02,115.4,112.51,114.0,8042720.0
1527811200,113.31,114.75,113.12,114.0,6789328.0
1528070400,110.35,111.29,109.32,110.7,5488590.0
1528156800,110.77,118.0,110.24,116.36,5543964.0
1528243200,115.87,116.0,113.37,114.52,4700282.0
1528329600,121.75,122.24,119.9,120.07,2.3139093E7
1528416000,119.45,120.43,118.5,120.17,6819799.0
1528675200,119.0,119.15,117.51,118.29,4626575.0
1528761600,117.05,117.25,114.83,115.25,6723415.0
1528848000,113.38,114.18,111.28,111.45,1.0868539E7
1528934400,111.47,113.3,110.23,113.01,9244947.0
1529020800,115.7465,117.615,112.51,113.16,1.1933664E7
1529280000,112.3,112.35,110.24,111.45,6443502.0
1529366400,108.47,109.96,108.1,108.99,6860632.0
1529452800,108.8,114.99,108.8,112.92,7062423.0
1529539200,113.18,113.99,112.25,112.84,3304648.0
1529625600,113.35,115.11,112.14,115.07,7211101.0
1529884800,113.2,113.26,108.87,110.14,5144413.0
1529971200,110.69,111.27,108.3,109.78,4405080.0
1530057600,111.0,112.0,108.6,109.36,4133820.0
1530144000,109.76,110.5,109.0,110.25,3259279.0
1530230400,110.5,110.99,109.19,109.27,4574497.0
1530489600,108.6,108.96,106.7,108.8,3916322.0
1530576000,108.95,108.95,106.25,106.87,2212506.0
1530748800,107.0,107.65,105.58,106.68,3712626.0
1530835200,106.87,107.86,106.25,107.47,2870453.0
1531094400,107.99,107.9999,106.0,107.37,2822850.0
1531180800,107.5,111.49,106.81,110.355,4193616.0
1531267200,105.5,109.1,105.21,107.6,5709199.0
1531353600,108.81,108.81,105.5,108.39,4158171.0
1531440000,108.2,109.8,106.6,107.52,4272063.0
1531699200,107.0,107.0,103.65,104.05,5967254.0
1531785600,103.5,104.9,100.985,103.67,9014551.0
1531872000,103.71,108.02,103.53,106.49,4799063.0
1531958400,103.15,104.006,102.11,103.54,7100450.0
1532044800,103.0,106.0,102.0,103.35,9295534.0
1532304000,102.08,105.98,99.8,105.09,1.277736E7
1532390400,105.19,105.95,100.21,100.66,9091035.0
1532476800,97.96,100.91,94.91,98.37,1.9852175E7
1532563200,91.84,94.08,90.25,92.81,4.9298074E7
1532649600,94.0,96.57,93.67,94.97,2.1620409E7
1532908800,95.16,95.75,94.23,94.83,1.4652943E7
1532995200,95.5,95.99,94.78,95.34,1.1682125E7
1533081600,96.0,96.08,95.15,95.4,8527416.0
1533168000,95.0,95.73,94.62,95.6,7547944.0
1533254400,95.68,96.09,94.8265,95.92,7016237.0
1533513600,95.97,96.53,95.4,96.29,6821371.0
1533600000,96.57,96.57,95.82,95.97,4264899.0
1533686400,96.09,96.15,95.36,95.8,4126940.0
1533772800,95.36,95.755,94.97,95.68,4801198.0
1533859200,93.96,94.7,93.7,94.56,9384153.0
1534118400,94.69,94.69,92.38,93.16,8900421.0
1534204800,93.09,93.24,90.3,91.19,1.0669867E7
1534291200,89.71,89.95,86.67,89.76,1.5241249E7
1534377600,90.06,90.25,89.26,89.64,4169240.0
1534464000,89.37,90.17,88.6,89.77,5833435.0
1534723200,89.93,90.73,88.4,90.13,6460467.0
1534809600,90.54,92.54,90.07,91.96,7318121.0
1534896000,91.35,91.9,90.55,91.22,5669767.0
1534982400,91.77,91.77,90.1,90.68,5518941.0
1535068800,90.82,92.27,90.69,91.98,7316326.0
1535328000,92.32,92.58,91.7,92.31,5963952.0
1535414400,92.64,93.46,92.415,93.19,7418505.0
1535500800,93.2,94.11,92.69,93.82,5507801.0
1535587200,93.2,93.48,91.78,92.19,5222678.0
1535673600,92.08,93.34,92.0,93.14,4057585.0
1536019200,93.3,94.9,93.15,94.66,7915382.0
1536105600,94.6,94.71,92.92,93.88,7533604.0
1536192000,93.88,94.39,93.29,93.99,9140951.0
1536278400,94.5,95.06,93.16,94.02,1.0214053E7
1536537600,94.1,95.14,93.555,93.68,8539949.0
1536624000,93.0,93.0,88.2631,89.57,1.501114E7
1536710400,88.41,88.84,84.59,88.8,1.5937101E7
1536796800,90.0,92.25,89.59,91.91,9852463.0
1536883200,92.25,93.42,91.45,92.76,7293831.0
1537142400,93.62,93.75,90.0,90.15,4110439.0
1537228800,90.15,91.94,89.9,91.68,4465257.0
1537315200,91.27,92.28,91.27,92.18,3977171.0
1537401600,92.92,94.0,92.55,93.89,5995920.0
1537488000,94.0,94.18,92.62,93.73,9068350.0
1537747200,92.79,93.16,90.8,91.09,4525798.0
1537833600,90.12,90.39,86.31,86.51,1.2705227E7
1537920000,86.37,86.86,84.35,85.29,9662370.0
1538006400,85.9,86.6865,85.0,85.52,5012180.0
1538092800,85.14,85.96,84.52,85.5,4910310.0
1538352000,86.43,86.99,84.93,85.03,6007518.0
1538438400,84.73,86.2,84.45,85.08,4058678.0
1538524800,85.62,86.37,84.47,86.12,4423119.0
1538611200,85.6,85.67,82.18,82.95,7525678.0
1538697600,83.0,83.49,80.71,83.21,6544197.0
1538956800,82.56,82.96,81.54,82.15,3324824.0
1539043200,81.81,82.5,80.7,80.98,3237564.0
1539129600,80.0,80.0,77.7,78.16,7068318.0
1539216000,78.72,80.17,76.64,77.29,7109555.0
1539302400,80.01,80.5,77.35,78.56,5817332.0
1539561600,78.44,78.9,77.84,77.89,2977601.0
1539648000,78.87,81.26,78.5,81.19,5462842.0
1539734400,81.86,81.98,79.64,79.87,4110553.0
1539820800,79.6,79.98,77.46,77.7,4919016.0
1539907200,78.67,79.39,76.26,77.7,5204805.0
1540166400,78.52,79.0,76.37,76.48,4222956.0
1540252800,75.0,78.68,74.02,77.72,6462651.0
1540339200,75.23,75.56,71.03,71.23,9901291.0
1540425600,72.1,74.2,71.41,73.75,7014995.0
1540512000,72.78,73.04,70.25,70.95,6515336.0
1540771200,73.15,74.3,69.72,70.72,6699771.0
1540857600,70.3,75.7,70.16,75.49,6276115.0
1540944000,76.32,76.61,74.06,74.99,6109107.0
1541030400,80.92,85.915,79.97,84.09,1.95513E7
1541116800,84.5,85.2,82.69,84.08,1.2556164E7
1541376000,83.73,83.86,81.43,82.86,4253484.0
1541462400,82.8,84.59,82.66,84.54,3643706.0
1541548800,85.14,85.62,83.75,85.45,3734947.0
1541635200,84.62,86.32,84.4,84.62,4054526.0
1541721600,83.81,84.07,81.83,83.69,3508048.0
1541980800,82.16,82.5,79.21,79.28,4321859.0
1542067200,80.0,83.13,79.5,81.75,3269614.0
1542153600,82.78,83.9,81.28,82.08,2373237.0
1542240000,81.68,85.41,81.34,84.62,5076749.0
1542326400,83.13,85.15,82.73,84.97,3970848.0
1542585600,84.58,85.37,81.27,81.36,3510095.0
1542672000,80.66,82.8,79.53,81.41,8756524.0
1542758400,82.84,84.15,82.04,83.14,3638926.0
1542931200,82.47,83.82,82.1356,82.61,729673.0
1543190400,84.19,84.34,81.77,81.94,3353673.0
1543276800,81.53,82.42,80.89,80.89,3151651.0
1543363200,81.52,83.07,80.35,83.02,3618275.0
1543449600,82.42,84.06,82.42,82.91,2429812.0
1543536000,82.91,83.42,80.6,83.37,4447581.0
1543795200,86.96,87.4,85.27,85.67,6123466.0
1543881600,85.11,86.32,81.75,81.82,6129445.0
1544054400,79.83,82.08,79.33,82.05,3821170.0
1544140800,81.12,82.0,76.4,76.5,4157253.0
1544400000,76.41,77.6,74.16,76.0,5060925.0
1544486400,78.39,80.66,77.87,78.88,4347115.0
1544572800,80.06,81.36,79.41,79.74,6120762.0
1544659200,80.43,80.43,78.0726,78.83,5182882.0
1544745600,77.45,79.45,77.28,77.57,3194475.0
1545004800,77.1,78.11,74.63,75.27,3467240.0
1545091200,76.21,78.54,75.99,77.01,5195407.0
1545177600,76.5,77.31,71.27,71.31,6093171.0
1545264000,71.44,73.31,71.04,71.95,5987707.0
1545350400,72.27,73.02,70.08,70.34,5976567.0
1545609600,70.34,70.5,67.68,67.71,2267873.0
1545782400,68.5,72.3,67.62,71.77,5229367.0
1545868800,70.71,73.01,69.93,73.01,3472598.0
1545955200,72.78,73.72,71.71,72.13,4133559.0
1546214400,72.59,73.28,71.77,73.28,3739129.0
1546387200,71.91,75.29,71.56,75.03,4721287.0
1546473600,73.31,74.2,71.73,71.97,5356869.0
1546560000,73.36,75.79,73.0,75.45,4866724.0
1546819200,75.61,77.01,74.89,76.01,3515747.0
1546905600,76.46,77.04,75.56,76.44,4009040.0
1546992000,77.45,79.99,77.18,79.94,6325780.0
1547078400,79.1,80.14,78.25,80.03,3116093.0
1547164800,79.26,80.95,78.96,79.48,3447939.0
1547424000,78.3,79.41,77.81,78.61,3336323.0
1547510400,78.84,79.3,77.47,78.07,5438979.0
1547596800,78.5,79.96,78.3,78.34,5619717.0
1547683200,78.9,79.45,77.59,79.14,5297031.0
1547769600,80.05,81.94,79.62,80.79,8818895.0
1548115200,80.18,80.25,78.53,79.09,5039886.0
1548201600,80.01,80.5,78.29,78.9,3480757.0
1548288000,81.51,85.19,81.18,84.25,8390743.0
1548374400,85.6,86.62,85.06,85.24,5673691.0
1548633600,83.63,85.75,82.61,85.66,3655821.0
1548720000,85.42,86.12,84.81,85.74,3496251.0
1548806400,86.65,88.0,85.64,87.72,5051587.0
1548892800,87.25,87.83,86.525,87.03,3046855.0
1548979200,87.14,89.7,87.1,88.4,4916335.0
1549238400,88.04,88.7,87.22,88.7,3253511.0
1549324800,88.57,90.69,88.5,90.24,5821448.0
1549411200,92.49,94.64,91.82,92.45,9862949.0
1549497600,87.43,91.63,87.15,90.73,8803920.0
1549584000,88.64,89.64,86.78,87.51,5589462.0
1549843200,87.55,89.46,87.45,89.25,4085288.0
1549929600,90.25,93.66,89.835,93.23,6275869.0
1550016000,93.5,93.58,91.6,91.88,4025306.0
1550102400,91.5,92.84,91.5,91.75,3347376.0
1550188800,92.58,93.3,92.02,93.04,3500722.0
1550534400,93.0,93.07,91.96,92.5,2695117.0
1550620800,92.99,94.31,92.6,94.25,4072436.0
1550707200,93.82,94.41,92.9262,94.35,4865795.0
1550793600,95.0,95.32,93.97,94.51,3496590.0
1551052800,95.93,98.2,95.32,97.14,5013403.0
1551139200,96.43,96.78,93.83,94.1,4286785.0
1551225600,93.67,93.67,91.27,91.83,4966211.0
1551312000,91.4,91.89,90.92,91.32,2358117.0
1551398400,92.18,94.735,91.97,94.25,4001126.0
1551657600,94.75,95.11,92.59,93.48,2250964.0
1551744000,93.39,93.77,91.925,93.3,2272942.0
1551830400,92.99,93.49,91.86,91.88,2962705.0
1551916800,93.0,94.32,91.88,94.08,6070120.0
1552003200,92.28,93.43,91.44,93.18,3961560.0
1552262400,93.6,94.99,93.4,94.28,3117343.0
1552348800,94.79,94.79,93.54,93.99,2006764.0
1552435200,94.45,94.79,93.32,93.4,1525672.0
1552521600,93.13,94.02,92.6,92.85,2099892.0
1552608000,93.41,95.85,92.86,93.38,4101267.0
1552867200,93.45,93.74,91.35,92.27,1867141.0
1552953600,92.81,93.653,92.61,92.82,1938415.0
1553040000,92.65,93.08,90.56,91.03,1699057.0
1553126400,91.46,94.9,91.04,94.29,2413939.0
1553212800,93.77,93.77,90.56,90.66,1988107.0
1553472000,90.03,90.37,88.2306,88.93,2364011.0
1553558400,89.44,89.85,88.56,89.29,1820953.0
1553644800,89.08,89.7,85.72,87.35,3900946.0
1553731200,87.4,87.8,85.38,85.92,3056092.0
1553817600,87.07,89.0,87.01,88.39,3212814.0
1554076800,90.0,94.57,90.0,94.39,4016437.0
1554163200,94.34,94.5,92.6,92.79,2712982.0
1554249600,94.69,96.79,94.25,96.18,4330989.0
1554336000,95.69,97.9,95.69,96.57,2867168.0
1554422400,97.73,98.275,96.58,98.15,2818862.0
1554681600,97.75,98.78,96.9,98.61,2297344.0
1554768000,98.5,98.69,97.37,97.59,2684991.0
1554854400,97.45,98.72,96.3,98.13,2297182.0
1554940800,98.2,99.21,97.3,97.65,2076667.0
1555027200,99.18,100.42,98.51,100.34,3327317.0
1555286400,100.4,100.69,98.98,99.23,2563899.0
1555372800,100.59,101.265,100.1501,100.66,2682480.0
1555459200,102.1,103.05,100.42,101.17,3210071.0
1555545600,102.18,102.19,99.72,100.59,2832025.0
1555891200,100.23,100.23,98.43,98.47,2083315.0
1555977600,98.51,99.539,98.28,99.03,4126500.0
1556064000,98.85,101.33,98.5,100.13,3802934.0
1556150400,99.42,99.72,96.4,97.68,2899296.0
1556236800,96.6,99.1,95.7,99.0,2755898.0
1556496000,98.45,99.4,97.29,97.9,4439986.0
1556582400,105.22,107.6999,102.86,105.62,1.0559368E7
1556668800,106.6,108.33,104.92,104.99,4463488.0
1556755200,104.93,107.47,104.3447,106.6,3989109.0
1556841600,107.08,108.51,106.88,108.08,3445596.0
1557100800,104.72,106.16,103.72,106.02,2967838.0
1557187200,104.49,104.74,100.68,102.46,4390773.0
1557273600,101.19,103.65,99.62,101.5,4099538.0
1557360000,100.12,100.78,96.89,100.33,4142809.0
1557446400,99.88,100.98,97.56,100.17,2746204.0
1557705600,96.43,97.36,92.8099,93.12,5061338.0
1557792000,94.88,98.35,94.5956,98.17,4875926.0
1557878400,97.49,101.11,97.01,100.17,4147994.0
1557964800,98.38,99.63,97.175,97.65,3410755.0
1558051200,96.48,98.79,94.965,95.13,3348259.0
1558310400,92.8,93.0,91.06,92.6,4759024.0
1558396800,94.32,96.91,93.61,96.68,5394431.0
1558483200,95.48,96.64,93.57,93.64,3760424.0
1558569600,91.68,92.49,89.8,91.91,5022905.0
1558656000,92.7,93.46,91.75,91.81,3230856.0
1559001600,92.57,92.57,89.08,89.61,1.1811943E7
1559088000,88.49,89.8034,87.26,89.12,4207329.0
1559174400,89.21,91.1,89.13,90.88,2737588.0
1559260800,89.26,89.86,88.09,88.16,4020450.0
1559520000,91.17,91.17,89.0,89.63,3423969.0
1559606400,91.76,94.81,91.29,94.63,4331234.0
1559692800,95.13,95.46,91.67,93.45,2224626.0
1559779200,93.26,93.95,91.78,92.29,3751823.0
1559865600,92.81,92.93,91.9,92.64,1877778.0
1560124800,93.92,97.365,93.61,95.39,3008601.0
1560211200,97.9,98.29,95.12,95.46,2311589.0
1560297600,97.5,97.5,93.68,93.76,3891915.0
1560384000,94.32,94.59,93.1,94.44,2048132.0
1560470400,91.89,92.99,90.88,90.89,3758684.0
1560729600,91.0,91.6,89.53,89.7,2695644.0
1560816000,91.26,94.98,90.66,94.78,3697295.0
1560902400,95.15,97.2,94.76,96.22,2695218.0
1560988800,98.5,98.97,96.94,98.01,3523472.0
1561075200,98.13,98.76,96.415,98.06,3567297.0
1561334400,98.58,99.59,97.56,97.65,3141676.0
1561420800,97.8,98.5,94.89,95.11,2882269.0
1561507200,97.13,98.5,96.08,97.14,2976272.0
1561593600,98.29,100.59,97.955,99.23,4482924.0
1561680000,101.37,101.37,97.47,97.61,2.3376319E7
1561939200,101.91,103.33,99.51,99.92,6155650.0
1562025600,99.41,99.89,97.675,98.08,2834843.0
1562112000,97.17,97.98,96.83,97.68,1597489.0
1562284800,96.39,97.27,95.9,96.53,2688129.0
1562544000,95.69,96.79,95.19,95.55,2904959.0
1562630400,95.05,96.26,94.76,95.92,3327582.0
1562716800,96.84,97.9358,95.99,96.13,2803514.0
1562803200,96.3,96.5,93.95,94.12,2893633.0
1562889600,94.66,97.05,94.11,96.99,2621238.0
1563148800,97.23,99.36,97.12,99.16,3266349.0
1563235200,97.75,97.76,96.09,97.01,2925064.0
1563321600,97.0,97.55,96.11,96.4,1982187.0
1563408000,96.49,97.5228,96.05,97.12,2974608.0
1563494400,97.54,98.63,96.48,97.96,3547577.0
1563753600,98.71,99.64,98.46,98.74,2173932.0
1563840000,99.89,100.94,99.1601,100.94,3086398.0
1563926400,102.75,106.25,102.71,105.5,6759474.0
1564012800,104.53,104.9,101.52,101.77,4053520.0
1564099200,102.5,102.98,101.25,102.36,2941119.0
1564358400,103.66,104.8,102.18,104.23,4042779.0
1564444800,103.5,106.26,101.12,105.79,5185787.0
1564531200,104.13,104.5,101.645,103.39,5025703.0
1564617600,103.34,106.32,99.435,100.0,6704989.0
1564704000,99.56,100.82,97.89,100.46,3231300.0
1564963200,97.7,98.33,96.0,96.9,4565344.0
1565049600,98.12,100.38,97.86,100.27,3871430.0
1565136000,98.75,102.84,98.41,102.37,3998454.0
1565222400,102.61,102.61,100.495,101.48,2916482.0
1565308800,100.44,100.68,99.06,99.88,2389190.0
1565568000,99.41,100.07,97.94,98.25,2106093.0
1565654400,98.1,102.86,97.33,102.17,3534247.0
1565740800,99.26,101.3,99.17,99.99,3573740.0
1565827200,100.27,100.99,99.0,99.77,2392902.0
1565913600,100.99,103.86,100.23,103.56,3260049.0
1566172800,105.4,106.55,103.33,103.46,2987733.0
1566259200,103.85,103.85,102.54,102.87,1800575.0
1566345600,103.06,104.67,102.61,103.36,1398177.0
1566432000,103.56,104.19,102.32,103.29,1265375.0
1566518400,101.66,102.13,97.16,97.99,5242702.0
1566777600,99.64,99.94,98.165,98.71,2519100.0
1566864000,99.96,101.08,98.32,98.72,2475763.0
1566950400,98.34,100.5,97.73,100.28,1689644.0
1567036800,101.98,102.97,101.25,101.56,1726209.0
1567123200,102.23,103.21,101.55,102.14,1630278.0
1567468800,100.59,101.32,99.0,99.17,1902656.0
1567555200,100.28,102.1,100.18,101.85,1936772.0
1567641600,102.66,106.79,102.65,106.0,3276939.0
1567728000,105.64,105.99,104.54,105.81,1422475.0
1567987200,106.5,108.49,104.8,107.39,2929331.0
1568073600,106.56,108.96,105.905,107.86,3374171.0
1568160000,107.63,110.53,107.6,110.0,3418522.0
1568246400,110.4,112.06,109.77,110.03,3031026.0
1568332800,109.62,111.42,108.83,110.73,1751096.0
1568592000,109.24,109.93,107.38,107.57,1980555.0
1568678400,106.73,107.98,106.31,107.76,1490709.0
1568764800,107.25,108.925,106.4,107.82,1261409.0
1568851200,108.14,109.075,107.92,108.36,1434811.0
1568937600,108.46,108.94,104.49,104.8,3345042.0
1569196800,104.8,107.0083,104.31,106.05,1746196.0
1569283200,106.31,107.2,103.66,103.9,2005718.0
1569369600,104.14,108.38,102.83,108.22,3073760.0
1569456000,108.37,109.82,107.84,108.41,3253948.0
1569542400,108.17,108.73,105.42,106.53,2808975.0
1569801600,107.59,109.3769,106.61,109.12,2595092.0
1569888000,111.64,113.5,108.27,108.97,4624601.0
1569974400,108.4,109.23,106.39,106.7,2967989.0
1570060800,107.08,107.41,104.64,107.32,3062957.0
1570147200,107.56,109.98,107.16,109.88,1717659.0
1570406400,109.38,110.34,107.81,107.99,1689230.0
1570492800,106.67,107.42,103.63,103.75,3636300.0
1570579200,106.21,106.62,104.75,105.96,2103096.0
1570665600,106.37,108.29,105.85,107.25,2453966.0
1570752000,108.81,112.24,108.81,110.76,4078324.0
1571011200,109.86,111.545,109.444,111.24,2175614.0
1571097600,111.17,112.47,110.6,111.97,1897483.0
1571184000,111.37,112.42,108.52,108.61,3013768.0
1571270400,110.01,110.51,108.56,109.81,2131399.0
1571356800,109.7,110.42,108.48,109.01,1927178.0
1571616000,109.77,110.34,108.67,109.98,1810019.0
1571702400,110.19,110.45,107.67,107.78,2186221.0
1571788800,105.06,105.49,101.885,103.21,5872244.0
1571875200,104.25,106.29,103.6881,106.07,3159088.0
1571961600,105.68,106.31,103.97,105.86,3594836.0
1572220800,106.25,110.25,106.25,108.65,5513631.0
1572307200,114.5,118.5,113.95,114.41,9320231.0
1572393600,114.55,116.1,113.9,114.81,4095357.0
1572480000,113.91,114.73,113.0988,113.68,3482461.0
1572566400,115.47,118.55,114.83,118.0,4965563.0
1572825600,118.53,119.89,116.455,117.88,3739758.0
1572912000,118.63,120.03,117.51,118.66,5598765.0
1572998400,118.17,118.5,115.53,116.47,3394529.0
1573084800,118.19,119.0125,116.66,117.4,3119523.0
1573171200,116.22,117.71,115.55,117.62,2067122.0
1573430400,116.89,118.47,116.27,118.26,2902555.0
1573516800,118.95,120.84,118.44,118.94,4317340.0
1573603200,117.72,120.25,117.23,118.77,2312375.0
1573689600,118.27,119.0,116.45,117.99,2497174.0
1573776000,119.08,119.49,116.815,117.48,2067214.0
1574035200,116.54,117.53,115.66,115.92,2169899.0
1574121600,116.93,117.47,113.83,114.01,3840541.0
1574208000,114.5,116.12,113.07,114.74,3714893.0
1574294400,114.31,114.99,112.43,114.26,3008627.0
1574380800,114.39,115.96,114.0,115.22,2336324.0
1574640000,116.46,119.23,115.99,117.08,3176849.0
1574726400,116.87,117.48,115.0,116.63,3628164.0
1574812800,116.88,117.91,116.2,117.41,1220476.0
1574985600,116.47,116.935,115.02,115.58,1102665.0
1575244800,115.75,116.01,113.5,114.76,2321501.0
1575331200,113.0,114.85,111.57,114.61,2444247.0
1575417600,115.935,117.69,115.58,116.28,2832364.0
1575504000,116.31,118.14,115.61,117.11,1492400.0
1575590400,118.8,119.98,118.33,118.67,2253529.0
1575849600,118.25,119.13,117.32,117.85,1155253.0
1575936000,118.26,120.6,118.22,119.1,2526339.0
1576022400,118.94,122.28,118.8,121.4,3290044.0
1576108800,121.2,126.06,120.5,123.98,4634538.0
1576195200,123.32,125.24,122.12,123.88,2894821.0
1576454400,125.0,125.22,123.98,124.3,2723020.0
1576540800,124.36,126.97,123.03,125.93,3725512.0
1576627200,125.55,126.45,124.77,125.79,2528323.0
1576713600,125.66,126.15,124.42,125.95,2033098.0
1576800000,126.08,127.84,125.955,127.69,3772695.0
1577059200,128.31,129.47,127.17,128.03,2897532.0
1577145600,128.43,129.36,127.51,129.2,958525.0
1577318400,129.5,129.5,127.53,128.68,972474.0
1577404800,129.04,129.26,127.8,128.19,1011497.0
1577664000,128.27,128.345,126.35,127.55,935309.0
1577750400,127.43,127.9,126.8,127.26,957832.0
1577923200,128.61,129.5,127.19,128.54,2247936.0
1578009600,126.23,128.28,126.12,127.3,1546142.0
1578268800,125.4,126.99,124.68,126.4,2157907.0
1578355200,127.5,129.78,127.0,128.04,2595859.0
1578441600,128.21,129.11,127.13,128.36,1589050.0
1578528000,129.8,130.95,128.685,129.18,2429658.0
1578614400,130.11,130.83,129.18,129.64,2293956.0
1578873600,131.0,132.51,130.15,131.98,2313983.0
1578960000,131.4,133.68,131.29,132.71,2499353.0
1579046400,132.45,132.91,131.56,132.5,2206154.0
1579132800,133.98,134.96,132.8,134.18,2495050.0
1579219200,134.99,135.48,132.47,133.84,2268291.0
1579564800,133.4,134.45,132.69,133.96,2018213.0
1579651200,134.52,136.3,133.48,134.64,2422027.0
1579737600,134.89,137.22,134.855,136.41,2534130.0
1579824000,137.49,137.92,134.55,135.28,2887925.0
1580083200,131.56,131.73,128.06,130.45,3781242.0
1580169600,132.5,133.65,131.24,132.68,2207844.0
1580256000,133.05,134.77,131.74,132.66,2273470.0
1580342400,130.81,132.0053,128.85,131.62,2039836.0
1580428800,130.02,130.9699,126.05,126.86,4448584.0
1580688000,127.69,129.03,125.01,125.7,4207394.0
1580774400,133.0,134.5,127.75,130.51,5559965.0
1580860800,133.4,136.84,132.43,134.23,4386733.0
1580947200,135.37,135.75,133.05,135.34,2082783.0
1581033600,134.49,134.86,132.0,132.26,2522440.0
1581292800,130.75,133.31,130.46,133.19,1769690.0
1581379200,134.13,137.16,133.79,135.52,2406950.0
1581465600,136.58,138.43,136.15,137.83,2592920.0
1581552000,136.87,139.265,135.98,138.69,1426190.0
1581638400,138.88,139.59,134.69,137.08,1846684.0
1581984000,134.41,135.485,132.608,133.87,1919928.0
1582070400,134.91,137.32,134.31,134.95,2028182.0
1582156800,134.33,135.14,131.615,134.8,2294986.0
1582243200,134.59,137.12,129.54,130.5,3522122.0
1582502400,124.55,125.58,123.22,124.04,5135477.0
1582588800,125.59,125.9,119.0,120.82,4628537.0
1582675200,121.54,122.87,118.23,119.47,4415467.0
1582761600,115.34,117.84,113.895,114.64,4950815.0
1582848000,110.02,115.6,110.0,113.69,5507119.0
1583107200,117.59,120.34,114.43,120.08,4306264.0
1583193600,119.41,122.78,116.34,116.56,3969722.0
1583280000,118.22,121.34,117.51,121.27,2755954.0
1583366400,116.55,118.915,114.03,115.27,3161542.0
1583452800,110.74,114.0671,109.13,111.69,3544483.0
1583712000,104.7,108.0,101.4552,101.97,5696661.0
1583798400,104.43,107.395,101.63,106.85,4622472.0
1583884800,103.63,105.3252,98.865,100.52,4958102.0
1583971200,86.4,97.23,86.0,91.97,7271865.0
1584057600,96.0,99.7,87.55,95.54,7099132.0
1584316800,84.54,86.82,78.26,80.32,7781186.0
1584403200,81.65,81.98,75.6001,80.08,9133944.0
1584489600,73.35,76.78,58.41,64.56,1.0744549E7
1584576000,64.83,77.24,63.05,76.12,6107945.0
1584662400,78.84,83.99,72.7,73.58,5722140.0
1584921600,74.21,78.61,69.16,77.27,3664800.0
1585008000,83.03,88.3,81.3,85.73,3691037.0
1585094400,87.16,89.99,82.51,84.86,3174057.0
1585180800,86.46,89.86,83.76,89.72,4068535.0
1585267200,86.13,87.87,80.87,81.3,2923319.0
1585526400,81.65,85.145,79.11,84.93,2963070.0
1585612800,84.83,87.645,82.09,82.93,2697277.0
1585699200,79.48,79.99,73.81,74.73,3433995.0
1585785600,74.15,79.27,73.51,77.78,2455262.0
1585872000,77.26,79.11,72.86,75.75,2330855.0
1586131200,80.07,87.19,79.895,86.94,3657851.0
1586217600,91.87,91.87,83.73,84.28,3938535.0
1586304000,86.0,93.82,85.44,91.58,4222075.0
1586390400,92.76,96.97,89.41,89.97,4008285.0
1586736000,88.59,89.49,87.28,89.11,1718058.0
1586822400,90.97,92.71,89.05,92.28,2561445.0
1586908800,90.36,90.49,86.06,87.14,3902217.0
1586995200,87.4,89.2,85.99,89.01,2985575.0
1587081600,91.85,93.35,88.71,90.17,3477282.0
1587340800,89.54,89.73,86.47,86.7,2798675.0
1587427200,84.1,85.47,80.46,81.06,5091836.0
1587513600,85.45,89.45,84.8,89.06,3599235.0
1587600000,88.56,91.16,87.57,88.08,2398665.0
1587686400,87.84,95.13,87.84,94.43,4025674.0
1587945600,95.2,97.67,94.93,97.13,4775903.0
1588032000,105.02,105.48,98.28,98.34,5908840.0
1588118400,100.995,107.83,100.995,106.77,6470986.0
1588204800,105.9,106.215,98.535,99.57,4967866.0
1588291200,97.48,99.0,95.01,95.5,2799904.0
1588550400,94.23,96.7,92.6,96.56,3739163.0
1588636800,98.66,100.73,98.23,99.2,2913325.0
1588723200,99.71,102.5247,98.82,100.38,2703273.0
1588809600,102.2,103.12,100.13,102.66,2341125.0
1588896000,102.69,105.36,101.69,104.84,2694108.0
1589155200,103.77,103.85,102.02,102.56,1839585.0
1589241600,102.82,103.48,98.13,98.33,2000210.0
1589328000,95.02,96.795,91.7,93.03,5532632.0
1589414400,91.75,94.79,89.1,93.59,3380085.0
1589500800,89.91,92.38,89.33,90.45,4376441.0
1589760000,94.14,102.41,93.42,102.07,5700616.0
1589846400,100.84,102.1,98.375,99.04,3498741.0
1589932800,101.74,105.16,101.675,103.6,4409521.0
1590019200,102.85,103.59,97.62,98.89,3395104.0
1590105600,98.86,99.43,96.85,98.33,2694801.0
1590451200,103.17,105.26,101.61,102.01,4900704.0
1590537600,102.28,104.74,101.36,104.39,5118108.0
1590624000,103.78,103.81,99.12,99.26,3774868.0
1590710400,99.21,100.7,96.1,96.1,4.2777109E7
1590969600,97.7,100.3829,96.59,99.19,6321762.0
1591056000,100.2,103.1,99.27,101.45,5259661.0
1591142400,106.0,110.18,105.78,108.55,7679642.0
1591228800,107.75,111.1399,106.8,109.55,6754160.0
1591315200,115.93,118.85,113.295,113.82,7954062.0
1591574400,117.48,117.89,113.29,114.1,4465111.0
1591660800,111.55,113.86,110.16,111.51,3161739.0
1591747200,112.09,112.4099,109.875,110.29,2926008.0
1591833600,105.56,107.47,102.36,102.47,2980744.0
1591920000,106.64,107.3,103.2,106.17,3346793.0
1592179200,104.89,110.45,103.2,109.46,4031520.0
1592265600,114.145,116.26,110.54,113.26,5840021.0
1592352000,114.63,117.74,114.4,116.75,4844349.0
1592438400,115.34,119.265,115.34,117.19,5303439.0
1592524800,118.95,121.68,117.0,117.27,2.2349928E7
1592784000,117.71,118.09,114.61,117.04,3762261.0
1592870400,118.5,120.34,117.81,119.92,2487216.0
1592956800,117.64,118.885,112.6,113.06,4056411.0
1593043200,113.21,113.96,110.98,113.37,3482142.0
1593129600,112.35,113.15,106.75,108.15,4922244.0
1593388800,109.61,112.6,107.0,111.58,2510300.0
1593475200,113.35,114.79,111.35,114.04,2681520.0
1593561600,114.05,114.6,111.68,111.91,1824384.0
1593648000,114.22,115.67,112.58,112.72,2030592.0
1593993600,115.68,116.86,115.02,116.53,2001997.0
1594080000,116.25,117.46,115.22,115.43,1327206.0
1594166400,116.17,116.725,114.53,116.43,1499155.0
1594252800,116.57,119.0,113.25,117.9,2320787.0
1594339200,118.49,119.5,116.07,117.1,1621869.0
1594598400,120.71,122.71,116.87,117.04,3100804.0
1594684800,116.4,120.8,115.49,120.45,2583212.0
1594771200,121.96,122.97,120.25,121.83,2038144.0
1594857600,119.23,121.7,118.53,121.13,1534740.0
1594944000,122.67,122.82,120.66,122.71,2173176.0
1595203200,121.89,124.01,120.405,123.56,1731219.0
1595289600,125.0,126.12,122.95,123.49,2380166.0
1595376000,122.97,124.19,120.89,121.36,2333631.0
1595462400,121.58,121.6699,117.31,119.18,2605380.0
1595548800,116.86,118.04,114.38,115.75,3147650.0
1595808000,117.05,120.38,116.29,120.24,2978551.0
1595894400,116.5681,119.0,115.0,115.24,6709086.0
1595980800,115.75,119.75,115.75,119.09,2861593.0
1596067200,116.89,117.87,115.66,117.22,3058038.0
1596153600,118.36,118.63,114.77,117.53,3344893.0
1596412800,118.41,119.75,117.8852,119.15,1606232.0
1596499200,119.47,121.555,119.29,120.91,2327790.0
1596585600,118.18,120.05,117.25,119.86,2182880.0
1596672000,119.57,122.58,119.05,122.45,2338055.0
1596758400,121.89,122.67,119.4,120.71,1842737.0
1597017600,120.52,121.84,119.69,121.39,1224424.0
1597104000,122.18,124.48,121.15,121.33,1764294.0
1597190400,122.14,125.41,121.86,124.91,1735528.0
1597276800,124.3,124.5599,122.52,122.74,1096809.0
1597363200,122.36,123.66,122.18,123.04,739346.0
1597622400,124.44,125.02,123.73,124.8,1171822.0
1597708800,125.94,126.2,122.89,124.38,2000757.0
1597795200,125.1,125.56,123.12,123.75,1560994.0
1597881600,122.07,122.76,120.61,121.45,1112967.0
1597968000,120.93,121.5,119.8,121.5,1375995.0
1598227200,122.7,123.85,122.16,123.78,1042481.0
1598313600,125.92,127.8,124.92,127.31,2054998.0
1598400000,127.2,128.422,126.1137,127.53,1422861.0
1598486400,128.14,128.35,125.44,126.05,1376391.0
1598572800,125.93,127.45,125.26,127.23,1736638.0
1598832000,126.96,127.71,124.85,125.76,2257594.0
1598918400,126.0,129.02,125.95,128.2,2090576.0
1599004800,129.68,132.945,128.7,132.1,1541448.0
1599091200,130.99,130.99,125.05,126.1,2010064.0
1599177600,126.37,127.08,122.32,126.33,1607662.0
1599523200,121.02,122.65,119.21,119.72,2541781.0
1599609600,122.17,125.63,121.395,124.24,2269290.0
1599696000,125.2,127.77,122.55,123.1,1487822.0
1599782400,124.47,126.65,123.155,124.75,1397478.0
1600041600,126.17,127.62,124.48,125.7,1538829.0
1600128000,127.39,128.8,126.82,127.41,1601386.0
1600214400,129.0,131.31,128.36,128.59,2053261.0
1600300800,123.62,128.14,122.86,127.76,2066306.0
1600387200,128.68,128.99,123.39,126.09,4200604.0
1600646400,122.95,123.51,119.28,121.35,2024521.0
1600732800,122.79,123.48,120.69,122.63,1606958.0
1600819200,123.17,124.0,119.43,119.94,1595706.0
1600905600,118.64,121.22,118.15,119.16,1810500.0
1600992000,118.56,120.17,117.25,119.83,2039641.0
1601251200,122.46,124.17,121.905,124.0,2143414.0
1601337600,126.1,126.14,123.16,123.29,1626650.0
1601424000,123.87,126.77,123.22,124.81,2005227.0
1601510400,129.63,132.18,128.0,130.99,3429335.0
1601596800,127.17,130.48,126.64,127.39,2130571.0
1601856000,129.48,132.07,129.0,132.0,2269271.0
1601942400,131.7,135.01,130.39,130.9,2187538.0
1602028800,133.33,134.91,133.005,133.6,1838974.0
1602115200,135.07,135.92,134.13,134.83,2208206.0
1602201600,142.4807,145.15,138.8,141.53,5037614.0
1602460800,143.0,143.25,140.41,142.08,2861315.0
1602547200,141.0,141.99,136.58,136.84,2605447.0
1602633600,136.8,138.1,135.835,137.11,2318114.0
1602720000,134.59,137.59,133.69,136.87,1556938.0
1602806400,139.33,139.67,136.96,137.23,1300903.0
1603065600,137.63,138.85,135.53,136.33,1606896.0
1603152000,137.67,137.8,134.89,135.21,1353879.0
1603238400,137.93,138.12,135.27,135.86,1681879.0
1603324800,136.06,136.43,133.32,134.89,1514326.0
1603411200,135.51,137.75,134.3601,137.18,1439669.0
1603670400,135.19,136.1,132.71,134.89,2856133.0
1603756800,136.38,136.57,131.65,133.23,2530490.0
1603843200,130.065,130.91,126.8,129.77,3015698.0
1603929600,128.7858,137.5142,128.7858,136.17,2721746.0
1604016000,133.52,135.79,132.98,135.12,2286285.0
1604275200,137.09,138.335,136.015,137.31,1903499.0
1604361600,137.65,141.49,137.0,138.88,1747443.0
1604448000,141.05,141.49,136.7,139.38,2354748.0
1604534400,142.0,145.24,141.08,144.38,2242444.0
1604620800,144.28,147.47,143.615,146.72,2748176.0
1604880000,149.74,152.48,144.55,144.86,3523968.0
1604966400,142.78,144.49,139.94,140.24,2172299.0
1605052800,143.31,145.94,142.7,145.07,1659792.0
1605139200,146.0,146.59,143.63,144.3,1431866.0
1605225600,146.01,147.58,145.66,146.49,1084984.0
1605484800,149.39,151.22,148.3,149.99,1888311.0
1605571200,150.75,151.55,147.92,149.39,1798108.0
1605657600,149.49,150.61,147.82,148.15,1218392.0
1605744000,148.0,151.83,147.07,151.35,1765687.0
1605830400,151.93,153.03,150.55,150.57,1533167.0
1606089600,152.52,156.35,151.28,155.91,2137117.0
1606176000,158.37,158.62,154.74,158.47,2314069.0
1606262400,159.0,159.28,156.655,157.67,1700284.0
1606435200,158.45,161.84,158.17,158.94,1038581.0
1606694400,159.0,160.92,156.85,158.42,2267996.0
1606780800,160.4,161.77,158.65,159.08,1932934.0
1606867200,159.09,160.83,157.47,160.54,1144955.0
1606953600,161.1131,162.15,158.75,158.79,1576760.0
1607040000,159.62,164.17,159.09,163.99,2248990.0
1607299200,165.61,167.27,164.3,165.09,2213450.0
1607385600,164.92,167.11,163.81,166.37,1329330.0
1607472000,163.96,164.91,155.885,157.32,3678858.0
1607558400,156.5,160.36,156.5,158.27,3002427.0
1607644800,157.5,158.7,154.57,157.1,1442657.0
1607904000,159.67,159.74,155.52,158.46,2046555.0
1607990400,157.26,160.69,156.05,160.06,2472583.0
1608076800,161.14,161.2,156.61,157.28,2167075.0
1608163200,158.48,158.8,156.36,158.06,1686710.0
1608249600,158.07,158.92,154.68,155.51,4232008.0
1608508800,153.18,157.25,152.93,157.03,1529461.0
1608595200,157.13,159.6,155.76,156.38,1489891.0
1608681600,157.94,158.63,156.81,156.86,1571319.0
1608768000,157.72,157.93,156.515,157.33,480480.0
1609113600,159.5,161.8,157.91,158.17,1063626.0
1609200000,158.8,159.525,154.75,155.91,1043352.0
1609286400,157.5,159.74,156.71,159.39,888929.0
1609372800,159.86,160.23,158.61,159.01,839304.0
1609718400,160.33,165.84,158.615,162.04,2931612.0
1609804800,161.53,165.965,161.12,165.67,1980562.0
1609891200,164.61,171.8,164.61,168.72,2686489.0
1609977600,172.09,176.5,171.93,174.99,2485549.0
1610064000,181.375,182.55,171.5,175.03,2827979.0
1610323200,174.39,176.46,171.93,173.21,3001045.0
1610409600,174.29,179.0,173.23,176.08,3112116.0
1610496000,177.99,177.99,176.18,177.42,1750309.0
1610582400,178.62,181.09,178.62,180.0,2617678.0
1610668800,179.64,179.84,168.451,172.22,3598873.0
1611014400,177.31,178.5,174.54,175.0,2522440.0
1611100800,178.86,180.305,173.71,174.49,2590775.0
1611187200,176.64,176.75,171.73,173.62,2187707.0
1611273600,172.57,175.17,171.915,172.3,1974237.0
1611532800,176.69,176.75,171.03,174.42,2006144.0
1611619200,174.42,174.46,168.66,168.75,2231333.0
1611705600,162.72,164.43,156.02,160.56,3714458.0
1611792000,166.525,166.8,162.38,164.33,2484770.0
1611878400,164.15,167.545,159.805,160.47,3535396.0
1612137600,166.44,172.44,166.0951,171.53,4953011.0
1612224000,180.0,183.0,170.7,177.21,6621774.0
1612310400,179.99,181.74,173.11,174.1,3272585.0
1612396800,175.89,181.45,175.15,181.45,2703071.0
1612483200,182.95,184.13,181.06,181.99,3031417.0
1612742400,184.7,188.15,184.0,188.12,2333011.0
1612828800,187.35,188.4,184.47,188.04,1702813.0
1612915200,191.61,191.925,183.39,187.9,2839843.0
1613001600,188.4,194.7566,188.4,194.0,2611688.0
1613088000,193.17,195.89,190.856,194.39,1671733.0
1613433600,199.46,200.19,193.685,195.43,2177964.0
1613520000,192.575,194.9394,187.91,189.69,2395727.0
1613606400,187.5,188.95,183.05,185.88,2774932.0
1613692800,189.41,192.755,188.49,191.59,2193910.0
1613952000,190.8,192.4,184.97,185.61,2407842.0
1614038400,183.87,183.87,175.33,181.08,5191278.0
1614124800,178.0,186.82,176.93,186.21,3161739.0
1614211200,186.51,188.0,178.05,178.52,3366284.0
1614297600,182.04,184.17,177.1248,182.55,2929054.0
1614556800,186.52,187.9,183.32,187.3,4355404.0
1614643200,189.0,189.76,182.06,182.27,2770941.0
1614729600,182.6,184.17,175.53,175.99,2418931.0
1614816000,173.59,176.6766,164.19,167.28,3754462.0
1614902400,174.2284,182.06,166.04,180.9,5076480.0
1615161600,178.82,183.58,170.15,171.0,3168847.0
1615248000,176.13,185.24,175.0,183.82,3687954.0
1615334400,186.04,187.35,180.23,180.43,2240150.0
1615420800,186.69,189.4894,185.03,188.5,3206896.0
1615507200,184.89,186.66,181.79,183.47,2077994.0
1615766400,196.8041,200.0,194.21,199.91,1.2106497E7
1615852800,201.1,206.21,200.64,202.78,6890131.0
1615939200,199.5616,209.59,199.0,208.34,7321590.0
1616025600,204.15,208.25,197.69,198.59,8299011.0
1616112000,196.35,204.53,193.22,202.04,5.3102151E7
1616371200,203.11,206.12,196.65,200.4,5876913.0
1616457600,200.11,200.23,189.79,191.62,4748174.0
1616544000,193.2534,194.51,187.25,187.28,2892968.0
1616630400,182.66,192.0,182.28,191.31,3512554.0
1616716800,190.79,199.43,189.07,199.0,3096230.0
1616976000,196.91,197.66,191.88,194.14,2707334.0
1617062400,192.39,198.81,192.2701,197.77,2324541.0
1617148800,200.02,203.2,198.0,201.34,2854055.0
1617235200,205.2684,208.31,204.1406,208.08,2662814.0
1617580800,211.34,216.43,209.63,214.7,2663653.0
1617667200,212.61,214.7,208.66,212.91,2177545.0
1617753600,211.9,213.39,210.26,212.14,1522760.0
1617840000,209.0,210.67,207.09,209.21,3177343.0
1617926400,207.45,209.515,206.04,209.19,1878028.0
1618185600,207.98,208.22,204.87,207.94,1686526.0
1618272000,207.32,207.79,200.72,202.0,3033617.0
1618358400,201.1968,203.33,198.59,199.89,2879118.0
1618444800,202.76,202.76,198.53,201.77,1858183.0
1618531200,201.19,202.08,199.0109,199.38,2187730.0
1618790400,199.37,199.555,191.99,194.76,2686010.0
1618876800,193.86,196.59,192.355,193.86,3197858.0
1618963200,194.16,201.345,192.46,201.13,2747806.0
1619049600,201.24,202.07,195.88,196.25,2380142.0
1619136000,198.09,202.77,197.94,201.56,3211226.0
1619395200,202.4,206.72,202.1,205.02,3238934.0
1619481600,207.78,209.19,202.46,203.4,2790727.0
1619568000,203.89,203.89,198.35,198.65,2191533.0
1619654400,201.2,201.655,196.4,200.76,1982458.0
1619740800,197.27,198.33,191.05,192.51,3704579.0
1620000000,194.75,195.94,190.47,191.84,2245296.0
1620086400,188.5,191.75,185.2,191.09,4444270.0
1620172800,192.02,192.73,188.47,190.41,4243267.0
1620259200,189.42,192.62,186.26,192.52,2785646.0
1620345600,195.0,198.5,193.33,197.92,3321426.0
1620604800,195.3,196.41,188.91,189.03,2850684.0
1620691200,183.42,192.825,182.59,192.54,3037617.0
1620777600,187.79,189.99,181.72,182.78,3820518.0
1620864000,184.85,189.13,184.69,186.44,2586306.0
1620950400,188.8,194.95,188.155,192.27,2953904.0
1621209600,190.26,191.47,187.24,191.18,2244611.0
1621296000,193.07,195.35,191.175,191.25,2288571.0
1621382400,187.16,195.81,186.12,194.94,2749191.0
1621468800,195.59,200.62,195.59,199.67,2641454.0
1621555200,201.13,202.32,199.18,199.84,2237229.0
1621814400,200.7404,205.7,200.7404,204.38,2078638.0
1621900800,206.0,206.635,204.13,204.76,1916588.0
1621987200,204.69,207.86,204.02,206.14,1983290.0
1622073600,206.51,210.41,205.0,210.22,3503847.0
1622160000,210.5,213.29,209.7,211.42,2239041.0
1622505600,212.85,214.3,207.65,207.91,2264873.0
1622592000,207.12,208.56,205.49,207.85,1764834.0
1622678400,205.59,205.77,200.63,200.75,3895075.0
1622764800,201.35,203.25,200.67,202.0,3485632.0
1623024000,202.0,202.0,199.72,201.15,2587813.0
1623110400,203.08,203.08,197.5,198.25,3322628.0
1623196800,198.71,199.6,196.52,197.38,1939020.0
1623283200,198.0,202.66,197.7,201.05,2371541.0
1623369600,201.01,202.4139,199.43,201.13,1811078.0
1623628800,201.55,204.47,199.08,203.57,2099760.0
1623715200,202.79,204.9645,201.86,202.99,2071361.0
1623801600,204.0,204.44,197.41,200.26,2017800.0
1623888000,199.77,201.18,195.29,198.43,1781262.0
1623974400,195.62,197.02,192.71,193.1,4796644.0
1624233600,194.35,198.68,193.492,198.46,2312304.0
1624320000,197.71,198.71,195.72,197.4,1645993.0
1624406400,196.0941,199.87,195.9363,199.15,1672159.0
1624492800,200.99,205.11,200.39,203.83,2570373.0
1624579200,204.47,206.4,202.44,204.17,1.3139833E7
1624838400,205.85,206.77,203.46,206.18,1931315.0
1624924800,205.68,207.95,204.91,207.7,1802303.0
1625011200,207.58,207.67,203.63,205.72,2168235.0
1625097600,205.54,205.71,201.27,201.86,1551643.0
1625184000,203.19,203.94,200.94,202.73,1197251.0
1625529600,202.73,203.92,199.85,201.74,2135924.0
1625616000,203.0,203.47,197.785,198.35,2079248.0
1625702400,194.22,197.13,191.75,195.99,1930507.0
1625788800,196.1,201.25,194.805,200.35,1384639.0
1626048000,202.4,204.49,200.72,204.41,2090411.0
1626134400,203.71,204.83,202.885,204.0,1708456.0
1626220800,206.56,208.75,202.56,203.55,1612932.0
1626307200,197.25,199.565,192.81,194.41,3958025.0
1626393600,195.39,197.27,189.54,190.11,2342466.0
1626652800,187.56,189.37,184.92,188.62,2592730.0
1626739200,189.09,195.02,187.84,193.31,1797142.0
1626825600,193.0,198.68,193.0,198.62,1890946.0
1626912000,196.84,196.84,192.25,194.31,1926367.0
1626998400,195.69,196.94,193.79,196.35,1933382.0
1627257600,196.0,198.72,195.73,198.16,1535792.0
1627344000,196.53,197.0,190.65,194.25,2024750.0
1627430400,195.16,200.1,195.16,198.58,1752904.0
1627516800,201.765,204.825,201.02,204.27,1671267.0
1627603200,202.34,206.67,202.02,206.39,1635734.0
1627862400,210.195,215.89,208.56,208.98,3383940.0
1627948800,210.1,210.99,203.04,210.53,2082363.0
1628035200,211.13,214.34,209.64,212.43,1818050.0
1628121600,213.32,214.88,211.11,212.9,1778006.0
1628208000,211.69,214.32,211.69,213.75,1259830.0
1628467200,215.12,218.16,212.92,217.11,2147325.0
1628553600,216.71,218.03,214.19,217.26,1564729.0
1628640000,217.67,218.84,214.01,218.42,1475465.0
1628726400,216.45,217.23,213.38,214.53,2399837.0
1628812800,214.14,216.82,213.515,215.26,1421455.0
1629072000,212.98,214.6,211.98,213.18,1543381.0
1629158400,211.28,211.77,204.6,206.5,2280923.0
1629244800,206.5,208.07,203.6,203.82,1536738.0
1629331200,200.75,203.42,199.61,203.02,2372224.0
1629417600,202.7,205.23,202.35,205.0,1325109.0
1629676800,206.34,211.31,206.34,210.63,1739300.0
1629763200,212.275,215.06,211.825,214.52,1688089.0
1629849600,216.0,219.08,215.29,217.79,1909335.0
1629936000,217.24,223.38,215.63,222.24,2331314.0
1630022400,222.77,226.88,221.99,226.51,1746227.0
1630281600,227.34,228.72,225.55,227.64,1150568.0
1630368000,222.25,222.25,209.8,215.13,5156665.0
1630454400,215.445,215.86,211.45,211.5,2541811.0
1630540800,212.92,213.225,210.705,211.91,1856214.0
1630627200,213.09,215.38,212.3,212.99,1813864.0
1630972800,213.45,213.49,211.36,212.86,1822880.0
1631059200,211.94,212.74,207.25,208.12,1740924.0
1631145600,209.83,211.914,209.0,210.46,2448040.0
1631232000,212.94,216.5,212.0,212.12,1835643.0
1631491200,214.43,216.26,211.68,214.77,1416557.0
1631577600,216.11,216.3236,211.15,211.48,1405483.0
1631664000,212.67,212.7,209.9672,212.34,1414786.0
1631750400,211.0293,213.71,208.785,213.03,1502921.0
1631836800,211.63,212.19,207.91,209.33,4877768.0
1632096000,204.91,205.0,198.94,202.78,2959538.0
1632182400,204.66,207.77,203.01,206.06,1524286.0
1632268800,207.8052,213.27,207.11,213.08,1734668.0
1632355200,214.15,218.08,213.01,216.35,1430769.0
1632441600,215.01,218.02,214.03,216.67,1096875.0
1632700800,214.2,218.14,212.72,216.69,1069800.0
1632787200,212.65,214.0,205.95,206.19,2201949.0
1632873600,202.91,203.79,197.86,198.75,1976559.0
1632960000,200.57,201.49,195.71,195.87,2344655.0
1633046400,196.33,197.28,191.0,192.89,3381558.0
1633305600,193.71,193.94,187.91,188.95,2551739.0
1633392000,190.69,193.59,188.68,191.63,2246386.0
1633478400,188.67,191.94,188.41,190.9,1847474.0
1633564800,193.51,197.37,193.51,193.85,1514519.0
1633651200,194.51,194.67,189.99,190.31,1394358.0
1633910400,189.34,191.16,185.735,185.94,2144042.0
1633996800,187.15,187.745,182.335,183.19,3021017.0
1634083200,184.42,186.22,182.41,183.1,2767065.0
1634169600,187.0,189.94,186.76,189.1,2682375.0
1634256000,190.39,191.73,189.1,189.81,1772478.0
1634515200,188.21,192.32,187.15,192.26,2028233.0
1634601600,192.83,197.13,191.52,196.95,2100596.0
1634688000,196.56,199.79,194.79,197.52,2100397.0
1634774400,196.3,201.52,196.0,201.25,1688657.0
1634860800,201.58,203.43,199.88,199.93,1829466.0
1635120000,200.66,202.13,199.775,200.29,1390539.0
1635206400,201.08,201.1625,193.77,196.15,2706811.0
1635292800,193.72,195.18,190.84,192.41,2882646.0
1635379200,194.34,200.13,194.14,199.9,1931000.0
1635465600,197.74,201.81,197.215,200.86,1604843.0
1635724800,202.62,206.58,202.01,205.13,3419033.0
1635811200,205.52,208.47,203.18,206.56,2991342.0
1635897600,207.49,217.13,206.72,215.78,3378886.0
1635984000,215.99,219.43,215.0,219.26,2326381.0
1636070400,220.0,224.79,219.945,224.25,2835945.0
1636329600,223.6629,227.5,221.26,223.08,3829726.0
1636416000,223.24,223.38,218.34,221.05,1625224.0
1636502400,218.46,220.185,212.77,214.22,2262187.0
1636588800,223.26,223.34,214.15,219.1,4639660.0
1636675200,219.58,220.54,214.41,217.82,2828996.0
1636934400,221.0,221.0,215.19,215.68,2003327.0
1637020800,215.2,219.97,214.4,219.26,1497233.0
1637107200,219.26,219.26,215.67,217.81,1376544.0
1637193600,218.76,220.67,216.36,220.58,2495127.0
1637280000,220.58,221.81,219.64,221.26,2124255.0
1637539200,222.31,225.6615,219.44,221.87,2846054.0
1637625600,221.41,224.09,215.57,219.12,2070018.0
1637712000,216.6,221.22,214.32,221.03,1631247.0
1637884800,213.12,217.56,210.25,212.45,1776506.0
1638144000,216.75,224.26,215.1,223.94,2412931.0
1638230400,222.7,227.815,218.3,223.36,5141720.0
1638316800,227.34,234.6799,222.71,223.0,3223503.0
1638403200,220.27,225.9,218.18,222.73,1934818.0
1638489600,225.0,228.455,221.56,227.12,2743793.0
1638748800,227.8,228.309,217.43,224.28,2223768.0
1638835200,228.99,239.91,228.0,238.9,2934410.0
1638921600,229.01,229.8,221.09,228.09,3880058.0
1639008000,225.35,228.56,224.75,225.16,1990848.0
1639094400,228.56,228.88,223.03,226.46,1751518.0
1639353600,228.3776,228.3776,220.06,221.79,1966590.0
1639440000,218.91,221.63,216.75,219.99,1687336.0
1639526400,221.34,229.62,218.775,229.38,2565658.0
1639612800,228.84,229.31,217.65,217.95,3223834.0
1639699200,216.235,222.54,214.45,218.71,4671428.0
1639958400,215.49,219.685,214.6101,217.65,1336333.0
1640044800,221.55,224.7,219.05,224.37,1603774.0
1640131200,223.05,226.88,221.71,226.76,1057962.0
1640217600,226.76,229.185,226.26,227.35,920491.0
1640563200,228.65,232.85,227.6,232.78,1235993.0
1640649600,233.81,234.42,228.58,231.02,1362273.0
1640736000,230.39,233.37,229.9,230.52,1116978.0
1640822400,230.53,232.6,228.3,228.6,886359.0
1640908800,229.15,231.5,227.35,227.78,1022900.0
