1483401600,40.05,40.65,39.72,40.2,6951679.0
1483488000,40.4,41.34,40.34,41.22,8892852.0
1483574400,40.97,41.479,40.5,40.97,6336234.0
1483660800,41.3,41.52,40.66,41.23,5639831.0
1483920000,41.0,41.25,40.64,41.12,4413636.0
1484006400,41.19,41.49,40.99,41.19,5197946.0
1484092800,41.14,41.42,40.82,41.32,4778287.0
1484179200,41.06,41.33,40.42,41.26,6946398.0
1484265600,41.55,41.845,41.3,41.41,7671798.0
1484611200,41.07,41.33,40.26,40.33,1.1114861E7
1484697600,40.07,41.255,39.14,41.1,1.3651664E7
1484784000,41.38,41.6,40.95,41.44,1.0399267E7
1484870400,41.52,41.74,40.94,41.31,7369284.0
1485129600,41.11,41.32,40.75,41.19,4866162.0
1485216000,41.43,42.11,41.23,41.8,5451697.0
1485302400,42.25,42.4454,41.93,42.29,7747738.0
1485388800,42.48,42.61,42.19,42.45,5146653.0
1485475200,42.5,42.54,42.11,42.31,4052153.0
1485734400,42.04,42.04,41.405,41.83,6281585.0
1485820800,41.62,41.82,41.09,41.24,8055306.0
1485907200,41.67,41.98,41.12,41.34,1.0398102E7
1485993600,39.87,40.55,39.03,39.17,2.0291322E7
1486080000,39.87,40.68,39.69,40.17,1.234867E7
1486339200,39.75,40.08,39.51,39.74,7212652.0
1486425600,39.93,40.13,39.62,39.68,5612343.0
1486512000,39.42,39.6445,39.19,39.44,8493222.0
1486598400,39.74,40.3,39.55,40.08,7484857.0
1486684800,40.3,40.37,39.905,39.94,6789913.0
1486944000,40.23,40.99,40.2,40.72,7576310.0
1487030400,40.69,41.49,40.445,41.26,7895938.0
1487116800,41.63,42.46,41.31,42.16,1.1623374E7
1487203200,42.08,42.15,41.2442,41.55,4987197.0
1487289600,41.17,41.59,41.0,41.55,4713579.0
1487635200,41.82,42.125,41.665,41.78,4933286.0
1487721600,41.33,41.94,41.32,41.62,5368760.0
1487808000,41.61,41.61,40.84,41.24,4494640.0
1487894400,40.75,41.11,40.54,41.11,5223556.0
1488153600,41.09,41.9,41.09,41.73,5547192.0
1488240000,40.13,40.91,39.78,40.41,2.2639196E7
1488326400,41.5,43.36,41.4,42.99,1.5066494E7
1488412800,42.98,42.99,42.03,42.23,8817492.0
1488499200,42.17,42.75,42.09,42.45,7623231.0
1488758400,42.08,42.29,41.8,42.11,6600294.0
1488844800,42.07,42.21,41.6,41.66,6561273.0
1488931200,42.27,42.65,41.82,41.86,6715928.0
1489017600,42.07,42.385,41.96,42.25,5263415.0
1489104000,42.54,42.82,42.1,42.48,5615705.0
1489363200,42.63,43.21,42.51,42.98,5034377.0
1489449600,42.88,42.98,42.13,42.67,6257070.0
1489536000,42.92,43.3,42.39,42.72,8169826.0
1489622400,42.88,43.64,42.78,43.53,7391634.0
1489708800,43.62,43.65,42.81,42.86,8913912.0
1489968000,42.74,42.885,42.22,42.25,6191388.0
1490054400,42.56,42.6,40.32,40.44,1.0427916E7
1490140800,40.22,40.54,39.54,40.16,8935033.0
1490227200,40.03,40.69,39.98,40.17,7387849.0
1490313600,40.35,40.425,39.715,40.02,7528339.0
1490572800,38.34,39.46,37.62,39.42,1.3739537E7
1490659200,39.39,40.87,39.26,40.49,8934358.0
1490745600,40.33,40.575,40.0699,40.45,5261278.0
1490832000,40.42,41.34,40.38,41.14,5817230.0
1490918400,40.95,41.235,40.79,40.81,5280797.0
1491177600,40.83,40.96,39.83,40.57,8765644.0
1491264000,40.45,40.64,40.02,40.23,6447475.0
1491350400,40.5,40.78,39.43,39.48,8835393.0
1491436800,39.47,40.29,39.21,40.06,6634645.0
1491523200,39.66,40.24,39.38,39.9,9337372.0
1491782400,39.82,40.1325,39.12,39.3,6916406.0
1491868800,39.04,39.1,38.18,38.93,9730044.0
1491955200,38.9,38.9,38.135,38.4,1.0462356E7
1492041600,38.19,38.56,37.51,37.53,1.021572E7
1492387200,37.64,38.22,37.47,38.14,7836348.0
1492473600,38.1,38.55,37.16,37.91,1.5029082E7
1492560000,38.33,38.76,38.05,38.28,1.0364582E7
1492646400,38.65,38.94,38.38,38.68,8466428.0
1492732800,38.68,38.74,38.01,38.33,7074491.0
1492992000,39.46,39.66,39.06,39.19,1.092454E7
1493078400,39.64,39.91,39.43,39.62,8126554.0
1493164800,39.51,40.58,39.475,40.06,1.2762076E7
1493251200,40.06,40.12,39.22,39.25,7836877.0
1493337600,39.23,39.23,38.78,38.85,7001596.0
1493596800,39.1,39.87,39.09,39.73,9400625.0
1493683200,39.79,40.05,39.62,40.03,7735227.0
1493769600,39.82,40.47,39.68,40.4,8754769.0
1493856000,40.64,40.82,39.87,40.16,5618939.0
1493942400,40.25,40.3,39.82,40.13,5266167.0
1494201600,40.16,40.42,39.905,40.41,5508804.0
1494288000,40.44,40.81,40.35,40.5,5813652.0
1494374400,40.24,40.33,39.875,40.15,6334313.0
1494460800,39.89,40.14,39.5901,40.02,7988889.0
1494547200,39.78,39.89,39.25,39.61,5451791.0
1494806400,39.72,40.57,39.72,40.54,6196556.0
1494892800,40.69,40.74,40.18,40.67,5698291.0
1494979200,39.79,39.83,37.725,38.12,1.3063868E7
1495065600,38.49,38.64,37.86,38.33,8607677.0
1495152000,38.46,38.71,38.21,38.26,8656148.0
1495411200,38.7,38.7,38.13,38.52,5755238.0
1495497600,38.5,39.125,38.1803,38.87,4586519.0
1495584000,39.03,39.22,38.81,39.01,5538890.0
1495670400,39.27,39.51,39.07,39.41,4565924.0
1495756800,39.3,39.63,39.12,39.52,4325951.0
1496102400,39.3,39.34,38.62,38.66,7104195.0
1496188800,38.65,38.895,37.63,38.75,1.2278005E7
1496275200,39.09,39.71,38.65,39.7,8087533.0
1496361600,39.19,39.39,38.69,38.95,8772579.0
1496620800,39.0,39.4,38.97,39.1,5954892.0
1496707200,38.7,38.89,38.33,38.72,7387464.0
1496793600,38.75,39.27,38.64,38.87,5800878.0
1496880000,38.95,40.01,38.78,39.76,8588698.0
1496966400,40.18,41.325,39.96,41.29,1.1592615E7
1497225600,41.37,41.92,41.305,41.88,8076875.0
1497312000,41.99,42.35,41.8801,42.05,6808344.0
1497398400,41.5,42.33,41.11,42.3,9060235.0
1497484800,41.99,42.6,41.75,42.12,6692028.0
1497571200,42.24,42.35,41.84,41.92,8880631.0
1497830400,42.22,42.61,42.14,42.46,4860198.0
1497916800,42.33,42.415,42.0,42.14,6913674.0
1498003200,42.2,42.2,41.6,41.75,6362161.0
1498089600,41.62,41.84,41.43,41.63,5804232.0
1498176000,41.93,41.93,41.355,41.62,8464325.0
1498435200,41.75,42.1,41.35,41.85,5263239.0
1498521600,42.28,43.29,42.08,42.62,8519622.0
1498608000,43.03,43.25,42.77,42.85,8843285.0
1498694400,43.88,44.1,42.68,43.01,8844034.0
1498780800,43.38,43.5192,42.82,42.96,7231212.0
1499040000,43.21,43.64,43.09,43.48,5259418.0
1499212800,43.65,44.1,43.53,43.68,7350607.0
1499299200,43.61,43.95,43.365,43.48,7903069.0
1499385600,43.67,43.69,43.19,43.32,4718030.0
1499644800,43.21,43.77,43.12,43.63,3780214.0
1499731200,43.28,43.34,42.77,43.1,6077156.0
1499817600,43.0,43.22,42.74,43.05,6126584.0
1499904000,43.11,43.425,42.98,43.18,4526280.0
1499990400,42.6,43.26,42.47,43.04,6035251.0
1500249600,43.01,43.04,42.65,42.93,6778762.0
1500336000,42.49,43.06,42.26,42.86,7167953.0
1500422400,43.06,43.15,41.99,42.17,8002888.0
1500508800,42.07,42.24,41.92,42.14,7073132.0
1500595200,42.0,42.43,41.71,42.15,7452411.0
1500854400,41.9,42.17,41.75,41.96,6520050.0
1500940800,42.54,43.05,42.47,42.95,7337777.0
1501027200,43.04,43.06,42.68,42.78,8569475.0
1501113600,42.9,43.09,42.18,42.54,8536025.0
1501200000,42.58,42.74,42.275,42.55,5195184.0
1501459200,42.69,42.99,42.475,42.9,6081314.0
1501545600,43.18,43.38,42.97,43.13,6621639.0
1501632000,43.06,43.2,42.745,43.02,9489009.0
1501718400,42.83,43.02,42.59,42.88,5884033.0
1501804800,43.35,43.78,43.06,43.11,4507607.0
1502064000,43.18,43.21,42.79,42.88,2673226.0
1502150400,42.73,43.25,42.56,42.72,5346705.0
1502236800,42.12,42.38,41.69,42.02,5967236.0
1502323200,41.59,41.6,40.6,40.61,6709028.0
1502409600,40.7,40.88,40.485,40.65,4896693.0
1502668800,41.22,41.481,40.96,41.12,4165984.0
1502755200,41.55,41.59,40.53,40.93,5668518.0
1502841600,41.1,41.23,40.6,40.74,4515515.0
1502928000,40.61,40.68,39.65,39.67,6347113.0
1503014400,39.51,39.91,39.257,39.51,6571943.0
1503273600,39.42,39.44,39.0089,39.27,5226009.0
1503360000,39.54,39.93,39.39,39.77,4925143.0
1503446400,39.42,39.92,39.192,39.76,4392321.0
1503532800,40.0,40.0,39.62,39.64,3604533.0
1503619200,39.79,40.02,39.64,39.76,3112035.0
1503878400,39.84,39.85,39.38,39.54,3292007.0
1503964800,38.99,39.51,38.73,39.18,8217515.0
1504051200,39.31,39.65,39.14,39.57,4627781.0
1504137600,39.83,40.08,39.65,39.9,7435809.0
1504224000,40.0,40.2398,39.79,40.16,4705261.0
1504569600,39.75,39.9,38.68,38.77,8340532.0
1504656000,38.88,39.1,38.57,38.93,5883402.0
1504742400,38.97,38.98,38.06,38.11,7096561.0
1504828800,38.22,39.155,38.15,38.68,6466377.0
1505088000,39.25,39.55,39.14,39.31,6957941.0
1505174400,39.67,40.185,39.56,39.84,7939797.0
1505260800,39.69,39.86,39.289,39.8,6845759.0
1505347200,39.69,40.265,39.59,39.99,5916089.0
1505433600,38.47,40.21,38.2,40.21,1.4222833E7
1505692800,40.33,41.0,40.3,40.65,6517640.0
1505779200,40.79,41.16,40.6,41.04,6048876.0
1505865600,41.12,41.92,40.92,41.61,6982608.0
1505952000,41.58,42.265,41.36,42.08,6502725.0
1506038400,41.8,42.63,41.66,42.54,7360466.0
1506297600,42.36,42.64,42.26,42.5,8484910.0
1506384000,42.68,42.95,42.42,42.83,6479367.0
1506470400,43.52,44.345,43.5,44.04,1.0213559E7
1506556800,44.14,44.31,43.56,43.63,6789536.0
1506643200,43.53,43.96,43.39,43.74,5346806.0
1506902400,43.82,44.06,43.56,44.04,4642450.0
1506988800,44.1,44.51,44.01,44.46,5231491.0
1507075200,44.42,44.61,44.14,44.28,4260508.0
1507161600,44.33,45.29,44.25,45.18,7001352.0
1507248000,45.62,46.21,44.5,45.34,1.4787083E7
1507507200,45.35,45.48,45.11,45.41,5006178.0
1507593600,45.41,45.62,44.86,45.09,7953015.0
1507680000,45.02,45.45,44.76,45.31,5039997.0
1507766400,45.5,45.5,44.93,45.03,5896051.0
1507852800,44.8,45.04,44.33,44.73,6821689.0
1508112000,44.16,44.75,43.91,44.47,6709512.0
1508198400,44.78,44.89,43.34,43.39,7189357.0
1508284800,43.62,43.69,43.3071,43.48,4309589.0
1508371200,43.02,43.35,42.2,43.27,4395276.0
1508457600,43.89,44.865,43.58,44.68,9190582.0
1508716800,44.72,44.9,44.25,44.47,6502699.0
1508803200,44.9,45.32,44.62,45.19,8614602.0
1508889600,45.38,45.48,44.215,44.65,5985999.0
1508976000,44.74,45.64,44.545,45.35,5767231.0
1509062400,45.25,45.31,44.58,44.91,5233009.0
1509321600,44.51,44.89,44.47,44.85,3256440.0
1509408000,44.78,45.57,44.77,44.84,6398241.0
1509494400,45.09,45.315,44.2,44.24,6465722.0
1509580800,44.08,45.3553,43.825,45.06,4980638.0
1509667200,44.79,44.89,44.48,44.82,3627495.0
1509926400,44.69,44.905,44.43,44.65,2813160.0
1510012800,44.71,44.86,43.86,44.15,4318089.0
1510099200,44.12,44.379,43.87,44.28,3927882.0
1510185600,43.95,44.2,43.325,44.0,4613646.0
1510272000,44.12,44.5,43.92,44.27,4512049.0
1510531200,44.0,44.85,43.93,44.6,4225822.0
1510617600,44.42,44.72,44.17,44.59,3747501.0
1510704000,44.22,45.1,44.0,44.54,6834890.0
1510790400,44.83,45.28,44.595,44.64,3842352.0
1510876800,44.33,44.86,44.18,44.68,4272456.0
1511136000,44.82,45.37,44.64,45.12,4430022.0
1511222400,45.36,46.325,45.25,46.08,7767059.0
1511308800,46.11,46.25,45.76,45.8,4212746.0
1511481600,46.03,46.07,45.73,45.78,1269015.0
1511740800,45.8,46.16,45.74,45.77,3967368.0
1511827200,45.85,47.265,45.66,47.14,6663462.0
1511913600,47.63,48.58,47.54,48.42,1.2387383E7
1512000000,48.74,49.54,48.39,48.79,1.1493432E7
1512086400,48.82,49.55,48.0,49.5,1.0350498E7
1512345600,50.41,51.89,49.82,51.55,1.3058546E7
1512432000,51.74,51.78,50.64,50.78,7799182.0
1512518400,50.56,51.03,50.3,50.54,6505383.0
1512604800,50.33,51.41,50.22,51.08,5449806.0
1512691200,51.38,51.41,50.6,51.39,6265962.0
1512950400,51.42,51.45,50.51,50.72,7238351.0
1513036800,51.0,51.98,50.89,51.56,7251146.0
1513123200,51.45,51.45,50.31,50.33,8193384.0
1513209600,50.54,50.78,50.1,50.2,6911589.0
1513296000,50.62,51.6701,50.26,51.28,1.0621877E7
1513555200,52.0,52.2,51.505,51.74,6092546.0
1513641600,52.03,52.3,51.6,51.81,5573981.0
1513728000,52.36,52.52,51.575,51.81,7401525.0
1513814400,52.07,52.51,51.96,52.28,4890045.0
1513900800,52.4,52.51,51.835,52.08,4728956.0
1514246400,52.0,52.17,51.56,51.87,2330581.0
1514332800,52.03,52.1,51.67,51.85,4395815.0
1514419200,51.96,52.055,51.63,52.04,2058854.0
1514505600,52.2,52.4,51.36,51.37,3895263.0
1514851200,51.55,51.61,50.96,51.44,7220792.0
1514937600,51.2,51.77,51.04,51.52,5522692.0
1515024000,51.93,52.48,51.64,51.81,5310435.0
1515110400,51.99,52.05,51.47,52.01,5696212.0
1515369600,51.9,52.325,51.84,52.24,4803621.0
1515456000,52.41,53.59,52.32,53.34,6660649.0
1515542400,53.48,54.475,53.35,53.56,9043341.0
1515628800,53.75,54.23,53.2402,54.17,5379327.0
1515715200,54.66,55.52,54.66,55.39,7516978.0
1516060800,55.73,56.13,54.97,55.53,9365297.0
1516147200,55.61,56.25,54.52,56.09,8312166.0
1516233600,55.78,56.22,55.135,55.33,5837280.0
1516320000,55.44,55.6,55.15,55.48,7439457.0
1516579200,55.4,55.61,54.73,55.44,7245606.0
1516665600,55.16,55.86,55.03,55.32,7011542.0
1516752000,55.75,55.87,54.955,55.39,6351387.0
1516838400,55.61,55.66,53.985,54.18,7453650.0
1516924800,54.37,54.43,53.74,54.27,8782004.0
1517184000,54.36,54.75,53.87,54.05,8052354.0
1517270400,53.76,54.38,53.195,53.2,8368045.0
1517356800,53.44,53.81,53.065,53.34,7737225.0
1517443200,53.28,54.92,53.14,54.91,6938091.0
1517529600,54.75,55.05,53.14,53.34,9097595.0
1517788800,52.54,54.1,50.95,51.29,1.1267092E7
1517875200,50.0,53.16,49.15,52.86,1.4434784E7
1517961600,51.79,53.02,51.64,52.03,1.0182203E7
1518048000,51.99,52.17,48.9,48.9,1.1895231E7
1518134400,50.21,50.52,48.04,50.12,1.2923565E7
1518393600,50.72,51.5,50.43,50.94,7561259.0
1518480000,50.63,51.22,50.291,51.15,6467148.0
1518566400,50.95,52.61,50.9,52.4,5995493.0
1518652800,52.92,53.133,51.66,52.33,4921352.0
1518739200,52.04,52.59,51.72,52.17,5886242.0
1519084800,51.95,52.72,51.95,52.34,4671544.0
1519171200,52.28,53.13,52.21,52.3,5896557.0
1519257600,52.69,53.09,51.85,52.03,6315592.0
1519344000,52.2,52.76,52.025,52.74,5252790.0
1519603200,53.0,53.73,52.52,53.73,5767308.0
1519689600,53.74,55.39,53.74,53.8,8601863.0
1519776000,54.0,54.51,53.0,53.02,5915609.0
1519862400,52.9,53.49,51.49,52.05,7096084.0
1519948800,51.56,52.76,50.47,52.63,8586603.0
1520208000,51.96,53.84,51.8,53.61,5762427.0
1520294400,53.7,54.74,53.3484,54.73,7464515.0
1520380800,53.94,55.47,53.15,55.43,7656058.0
1520467200,55.67,55.97,54.89,55.91,8160751.0
1520553600,56.41,57.73,56.4,57.7,7152232.0
1520812800,57.86,58.04,57.54,57.76,6019959.0
1520899200,57.92,58.11,56.555,56.68,7049993.0
1520985600,56.35,57.04,55.58,55.94,9871107.0
1521072000,56.32,56.32,55.191,55.59,5309745.0
1521158400,55.79,56.51,55.57,55.71,8231300.0
1521417600,55.66,55.96,54.63,55.67,6769893.0
1521504000,55.7,56.2799,55.49,55.97,5486653.0
1521590400,55.96,56.69,55.61,55.84,5274669.0
1521676800,55.09,55.28,53.1561,53.4,7755190.0
1521763200,53.5,53.62,51.18,51.32,7260881.0
1522022400,52.34,53.11,51.5738,52.96,6043943.0
1522108800,53.1,53.49,51.02,51.53,7747061.0
1522195200,51.66,51.82,50.02,50.9,7477167.0
1522281600,51.14,52.39,50.62,52.22,8226055.0
1522627200,52.0,52.14,49.74,50.41,8356364.0
1522713600,50.88,51.32,50.32,51.15,7848401.0
1522800000,50.06,51.92,49.93,51.75,7313303.0
1522886400,52.26,52.74,51.67,52.35,6266292.0
1522972800,51.48,51.66,49.78,50.11,8171377.0
1523232000,50.45,51.49,50.06,50.21,5578547.0
1523318400,51.06,51.57,50.575,51.51,6858513.0
1523404800,50.81,51.39,50.57,50.92,5428169.0
1523491200,51.37,52.16,51.12,51.73,4451654.0
1523577600,52.54,52.6,50.63,51.04,6443671.0
1523836800,52.01,53.19,51.8,53.08,8967790.0
1523923200,53.53,53.94,53.06,53.61,7139226.0
1524009600,53.71,53.78,52.11,52.18,7913881.0
1524096000,52.12,53.691,52.12,53.68,8837575.0
1524182400,53.64,55.6,53.4,54.99,1.0153457E7
1524441600,55.24,55.83,54.825,55.37,9128267.0
1524528000,55.77,56.27,53.99,54.49,9931666.0
1524614400,54.11,54.895,53.37,54.6,7878940.0
1524700800,54.81,55.78,54.26,55.65,7232897.0
1524787200,55.5,56.1,55.37,55.99,5342053.0
1525046400,56.2,56.42,55.67,55.68,5483782.0
1525132800,55.52,55.61,54.93,55.61,5150074.0
1525219200,55.34,56.22,54.95,55.65,5327789.0
1525305600,55.14,55.27,54.06,55.0,5869908.0
1525392000,54.62,56.46,54.28,56.09,5001518.0
1525651200,56.35,57.2,56.11,56.97,6278156.0
1525737600,56.89,57.61,56.79,57.3,7039270.0
1525824000,57.74,58.82,57.46,58.73,6119181.0
1525910400,58.47,59.23,58.08,59.0,6015340.0
1525996800,59.21,59.94,58.9,59.46,6452879.0
1526256000,59.59,59.75,58.43,58.93,6120255.0
1526342400,58.74,59.15,58.45,58.82,6439345.0
1526428800,58.78,59.27,58.67,58.88,7406750.0
1526515200,59.0,59.78,58.72,59.32,6028389.0
1526601600,59.29,59.48,58.88,59.14,3312043.0
1526860800,59.54,60.22,59.34,59.44,6876388.0
1526947200,59.67,60.0447,59.475,59.59,6790440.0
1527033600,59.14,59.35,58.2639,58.93,5026439.0
1527120000,58.58,58.65,57.4,58.14,7279481.0
1527206400,57.85,58.01,56.8,57.3,6375057.0
1527552000,56.49,56.755,54.81,55.14,8237095.0
1527638400,56.15,56.39,55.3894,56.01,7637904.0
1527724800,55.85,56.26,55.425,55.62,9514286.0
1527811200,56.53,57.02,56.34,56.73,6694538.0
1528070400,57.09,57.26,56.66,56.86,4588504.0
1528156800,56.52,56.95,56.13,56.3,4364900.0
1528243200,56.63,57.95,56.63,57.95,4799281.0
1528329600,58.11,58.25,56.78,57.34,3851875.0
1528416000,57.29,57.7725,56.96,57.73,2843591.0
1528675200,57.85,58.04,57.26,57.41,2731952.0
1528761600,57.7,57.755,56.98,57.31,3495421.0
1528848000,57.4,58.22,57.02,57.36,4353906.0
1528934400,57.59,57.83,56.01,56.61,6049696.0
1529020800,56.34,56.6,55.37,56.09,8367326.0
1529280000,55.45,55.7,55.02,55.48,5051678.0
1529366400,54.72,55.505,54.51,55.27,4881926.0
1529452800,55.47,56.15,55.39,55.54,3743897.0
1529539200,55.31,55.58,54.58,55.31,4311048.0
1529625600,55.79,55.84,54.85,54.9,7593533.0
1529884800,54.5,54.5301,52.73,53.41,6193418.0
1529971200,53.44,53.685,53.01,53.07,5021456.0
1530057600,53.22,53.68,51.9,51.9,6768809.0
1530144000,51.9,52.05,51.11,51.71,7194298.0
1530230400,52.23,52.49,51.05,51.1,6827650.0
1530489600,50.56,51.325,50.32,51.3,6474768.0
1530576000,51.5,51.7,50.19,50.24,2490104.0
1530748800,50.57,50.57,49.42,49.48,8985588.0
1530835200,49.49,51.06,49.35,50.65,6753370.0
1531094400,50.9,52.02,50.84,51.9,6146245.0
1531180800,51.9,51.98,51.03,51.11,5354302.0
1531267200,50.71,51.015,50.24,50.47,6404555.0
1531353600,50.78,50.99,50.34,50.75,5750047.0
1531440000,50.72,50.78,49.9,50.62,4965955.0
1531699200,50.79,51.385,50.66,51.06,6211244.0
1531785600,52.53,53.78,52.49,52.88,8638664.0
1531872000,53.14,54.26,53.12,54.22,7565288.0
1531958400,53.91,54.07,52.72,52.88,6194448.0
1532044800,52.56,52.64,51.93,52.15,8036792.0
1532304000,52.15,52.7261,52.0,52.61,3954546.0
1532390400,52.95,53.61,52.41,52.86,5280498.0
1532476800,52.83,53.11,52.46,52.94,5442826.0
1532563200,53.08,53.235,52.54,52.65,4841136.0
1532649600,52.75,53.01,52.14,52.55,3362084.0
1532908800,52.7,52.75,51.25,51.32,4894310.0
1532995200,51.7,51.74,50.87,51.06,5523315.0
1533081600,51.49,52.61,49.67,50.88,1.5252644E7
1533168000,50.2,50.49,49.74,50.13,7535913.0
1533254400,50.39,50.68,49.96,50.29,4219492.0
1533513600,50.25,50.47,49.91,50.4,5060215.0
1533600000,50.7,51.87,50.55,50.79,4598578.0
1533686400,50.79,50.79,50.42,50.5,4679636.0
1533772800,50.41,50.96,50.3,50.73,3993665.0
1533859200,50.18,50.71,49.79,50.61,4341718.0
1534118400,50.68,50.97,50.065,50.11,4798143.0
1534204800,50.25,50.7,50.22,50.53,3485115.0
1534291200,50.0,50.56,49.82,50.24,4024518.0
1534377600,50.45,51.415,50.33,51.13,3501177.0
1534464000,51.0,51.01,50.32,50.9,3627104.0
1534723200,51.0,51.53,50.94,51.42,2728710.0
1534809600,49.79,50.77,49.32,50.17,1.632047E7
1534896000,49.97,51.5,49.9,50.93,4539457.0
1534982400,50.95,50.99,49.9143,50.17,4859557.0
1535068800,50.47,50.91,50.41,50.55,3753317.0
1535328000,50.83,51.79,50.83,51.37,5549222.0
1535414400,51.58,51.8,51.18,51.24,4616919.0
1535500800,51.35,51.72,51.14,51.33,5642830.0
1535587200,51.15,51.289,50.51,50.56,4274325.0
1535673600,50.38,50.89,50.2088,50.79,5005234.0
1536019200,50.78,51.58,50.61,51.32,3872881.0
1536105600,51.13,51.42,50.465,50.52,3995146.0
1536192000,50.5,50.77,49.15,49.51,7570685.0
1536278400,49.73,50.38,49.26,50.16,7999779.0
1536537600,50.5,50.9,50.38,50.62,5688268.0
1536624000,50.52,51.245,50.5,50.98,5720571.0
1536710400,51.0,51.12,50.58,50.71,5571089.0
1536796800,50.82,50.97,50.36,50.42,5870735.0
1536883200,50.59,51.565,50.59,51.16,4528229.0
1537142400,51.29,51.49,50.12,50.32,5915994.0
1537228800,50.31,50.825,50.22,50.62,4134129.0
1537315200,50.83,52.09,50.82,51.99,7506747.0
1537401600,52.33,52.7,51.89,52.07,4990526.0
1537488000,52.37,52.39,51.77,51.84,1.0145739E7
1537747200,51.79,51.83,51.28,51.56,3408126.0
1537833600,51.65,51.74,51.165,51.62,3002263.0
1537920000,51.73,51.86,50.66,50.72,4720896.0
1538006400,50.83,50.91,50.42,50.52,4687088.0
1538092800,50.26,50.29,49.06,49.15,8911001.0
1538352000,49.35,49.75,49.22,49.55,8177283.0
1538438400,49.52,49.92,48.98,49.85,5372752.0
1538524800,50.37,51.11,50.24,50.8,6494761.0
1538611200,51.01,52.47,50.8,51.68,8713516.0
1538697600,51.89,52.1499,51.12,51.48,5824669.0
1538956800,51.25,51.83,51.04,51.67,4978943.0
1539043200,51.38,52.35,51.33,52.17,5211826.0
1539129600,52.08,52.17,49.57,49.59,1.0251521E7
1539216000,49.37,50.06,47.64,48.13,1.1334744E7
1539302400,49.41,49.47,47.79,49.01,9760490.0
1539561600,49.0,49.4299,47.63,47.64,7733752.0
1539648000,48.06,48.42,47.14,48.23,1.2448544E7
1539734400,48.02,48.4,47.03,48.04,9183860.0
1539820800,47.99,48.11,46.4346,46.7,8541879.0
1539907200,46.52,47.49,46.25,46.83,9329324.0
1540166400,46.94,47.01,45.575,45.6,7684581.0
1540252800,44.4,45.0,43.76,44.54,1.393502E7
1540339200,44.51,44.565,42.45,42.57,1.1439232E7
1540425600,43.07,43.4,42.31,43.18,1.2270633E7
1540512000,42.63,43.48,42.01,43.19,1.3460613E7
1540771200,43.92,44.69,43.18,43.7,1.3380782E7
1540857600,44.37,45.67,44.19,45.57,1.131078E7
1540944000,46.16,47.0542,46.12,46.24,1.1654688E7
1541030400,46.34,46.695,45.96,46.39,7161290.0
1541116800,46.86,47.3,46.32,46.58,9786557.0
1541376000,46.63,47.48,46.42,47.28,7046048.0
1541462400,47.11,47.86,47.11,47.76,5272597.0
1541548800,48.0,48.72,47.54,48.58,7716406.0
1541635200,48.18,49.24,48.125,48.63,6938284.0
1541721600,48.46,48.52,47.52,47.64,7085572.0
1541980800,47.5,47.79,46.6,46.73,6605139.0
1542067200,46.85,47.76,46.75,47.05,6032909.0
1542153600,47.48,47.97,46.17,46.86,7682218.0
1542240000,46.39,47.54,45.98,47.32,1.0268966E7
1542326400,46.78,47.24,46.61,46.96,9703065.0
1542585600,46.4,46.9,45.35,45.97,7900643.0
1542672000,45.25,45.46,44.13,44.53,1.0363929E7
1542758400,45.02,45.6259,44.69,44.87,4814745.0
1542931200,44.46,44.67,44.01,44.08,3012971.0
1543190400,45.03,45.78,44.75,45.09,8136257.0
1543276800,45.04,45.75,44.91,45.33,6842004.0
1543363200,45.42,45.71,44.8,45.66,7123493.0
1543449600,45.2,45.57,44.12,44.16,1.0844358E7
1543536000,44.07,44.81,43.92,44.8,1.3690976E7
1543795200,45.79,46.365,45.37,45.46,1.0053933E7
1543881600,45.23,45.31,42.735,43.01,1.1956781E7
1544054400,41.87,42.7,41.13,42.6,1.437936E7
1544140800,42.5,43.25,41.315,41.47,9727402.0
1544400000,41.15,41.379,40.08,41.1,1.1550175E7
1544486400,41.9,42.225,41.08,41.25,9064095.0
1544572800,41.9,43.13,41.725,41.88,1.1777193E7
1544659200,41.78,42.37,41.125,41.43,8997061.0
1544745600,40.72,41.905,40.43,41.19,7750642.0
1545004800,40.89,41.725,40.445,40.7,7481368.0
1545091200,41.04,41.45,40.2,40.45,9218703.0
1545177600,40.39,41.14,39.4,39.72,1.2819392E7
1545264000,39.38,40.085,39.23,39.62,1.3918982E7
1545350400,39.25,40.13,38.92,39.14,1.7656475E7
1545609600,38.81,39.23,38.25,38.25,6655105.0
1545782400,38.25,40.56,37.83,40.56,9391118.0
1545868800,39.83,41.06,39.495,41.06,8412425.0
1545955200,41.41,41.68,40.76,41.06,6725446.0
1546214400,41.36,41.77,40.91,41.53,4546408.0
1546387200,40.7,41.85,40.58,41.58,5835531.0
1546473600,41.35,41.7,40.495,40.72,1.0235967E7
1546560000,41.53,42.63,41.51,42.44,7058675.0
1546819200,42.22,43.07,42.0,42.74,8543657.0
1546905600,43.37,43.63,42.655,43.28,7784663.0
1546992000,43.55,43.92,43.3243,43.83,5166136.0
1547078400,43.47,43.93,43.27,43.71,5205495.0
1547164800,43.31,44.0636,43.18,43.82,4217453.0
1547424000,43.45,44.11,43.3,43.8,5815545.0
1547510400,43.55,44.29,43.35,44.25,6481807.0
1547596800,45.65,47.18,44.99,46.7,1.25997E7
1547683200,46.37,47.25,46.03,46.92,7783191.0
1547769600,47.22,48.2,46.93,47.98,7954753.0
1548115200,47.65,47.979,47.18,47.47,9036568.0
1548201600,47.96,47.96,46.81,47.32,6993053.0
1548288000,47.21,47.85,47.14,47.38,4317676.0
1548374400,48.15,48.2331,47.55,47.97,7786884.0
1548633600,47.46,47.87,47.26,47.52,7852529.0
1548720000,47.44,47.81,47.07,47.72,5303571.0
1548806400,47.81,47.81,46.76,46.87,7874970.0
1548892800,46.72,46.945,46.43,46.77,8322170.0
1548979200,46.88,47.52,46.77,47.03,6323278.0
1549238400,47.0,47.22,46.805,47.2,5377660.0
1549324800,47.2,47.5,46.12,46.59,1.1507321E7
1549411200,46.33,46.69,45.8,46.11,6299684.0
1549497600,45.76,46.0,44.765,45.18,6526143.0
1549584000,44.84,45.0,43.88,44.76,6512073.0
1549843200,45.04,45.21,44.5,44.74,4456229.0
1549929600,45.25,46.135,45.12,45.88,7018163.0
1550016000,46.12,46.605,45.87,45.98,6148408.0
1550102400,45.3,45.56,44.74,45.29,6082474.0
1550188800,45.75,46.38,45.64,46.36,7000238.0
1550534400,46.0,47.2,46.0,47.06,4977802.0
1550620800,46.06,46.52,45.695,46.45,8832256.0
1550707200,46.25,46.45,45.59,45.72,5519555.0
1550793600,45.91,46.18,45.745,46.17,3571792.0
1551052800,46.64,46.96,45.97,46.01,5390953.0
1551139200,45.77,46.94,45.76,46.56,3938111.0
1551225600,46.57,46.88,46.41,46.57,3582506.0
1551312000,46.55,46.69,45.98,46.01,5900400.0
1551398400,46.49,47.1,46.44,46.81,7008992.0
1551657600,47.0,47.06,45.14,45.65,6353859.0
1551744000,45.75,46.03,45.22,45.88,4432296.0
1551830400,45.84,46.16,45.225,45.26,3776283.0
1551916800,44.96,45.0112,43.49,44.02,7948290.0
1552003200,43.63,43.67,43.105,43.45,6597850.0
1552262400,43.75,44.18,43.52,43.79,6048549.0
1552348800,43.94,44.16,43.73,43.99,4524196.0
1552435200,44.37,44.63,44.16,44.41,5602402.0
1552521600,44.27,45.36,44.01,45.3,9023410.0
1552608000,45.2,45.69,45.2,45.45,7283885.0
1552867200,45.67,46.0,45.61,45.9,3489078.0
1552953600,46.28,46.68,45.59,45.74,4461963.0
1553040000,45.58,45.92,44.5,44.56,8102205.0
1553126400,44.24,44.49,43.78,43.81,8840367.0
1553212800,43.13,43.35,41.55,41.8,1.1708681E7
1553472000,41.85,42.25,41.455,41.83,7921708.0
1553558400,42.31,42.75,42.21,42.55,1.0285454E7
1553644800,42.5,42.525,41.59,41.91,6557265.0
1553731200,42.04,42.69,41.76,42.69,8216982.0
1553817600,43.21,43.29,42.71,42.76,6539723.0
1554076800,43.35,44.24,43.2,44.13,5281304.0
1554163200,43.88,44.42,43.68,44.38,4147788.0
1554249600,44.89,44.95,44.42,44.63,5965476.0
1554336000,44.63,44.97,44.63,44.87,9045088.0
1554422400,44.95,44.99,44.41,44.55,6729074.0
1554681600,44.34,44.79,44.13,44.78,8415966.0
1554768000,44.3,44.6253,44.08,44.45,6747875.0
1554854400,44.47,44.47,43.97,44.27,5796424.0
1554940800,44.48,44.74,44.05,44.26,6533527.0
1555027200,45.0,45.79,44.95,45.35,6815756.0
1555286400,46.75,46.75,44.5,45.03,8764674.0
1555372800,45.26,45.765,45.16,45.66,6166219.0
1555459200,45.92,46.185,45.295,46.1,7101961.0
1555545600,45.8,46.0,44.92,45.55,5666689.0
1555891200,45.49,45.55,45.18,45.45,4923474.0
1555977600,45.32,45.86,45.08,45.56,6883302.0
1556064000,45.34,45.34,44.37,45.07,4959905.0
1556150400,44.95,45.77,44.77,45.31,4214622.0
1556236800,45.29,45.4,44.41,44.9,6664201.0
1556496000,45.12,46.08,45.045,45.9,5292166.0
1556582400,45.85,46.14,45.11,45.78,6629027.0
1556668800,45.96,46.18,45.0947,45.56,7019289.0
1556755200,45.49,46.33,45.41,45.88,4387342.0
1556841600,46.06,46.537,45.91,46.24,4086103.0
1557100800,45.39,46.405,45.1,46.26,4663680.0
1557187200,45.67,46.145,45.3,45.68,7113880.0
1557273600,45.55,46.15,45.52,45.58,3600677.0
1557360000,44.9,45.86,44.49,45.82,6288765.0
1557446400,45.59,46.15,44.72,45.85,6131874.0
1557705600,44.82,44.96,43.62,43.81,7828980.0
1557792000,43.71,44.79,43.62,44.34,5098176.0
1557878400,43.66,43.77,42.73,42.74,1.0343621E7
1557964800,43.01,44.11,42.955,43.74,8458499.0
1558051200,43.26,43.895,43.04,43.21,8971242.0
1558310400,43.13,43.78,43.08,43.55,7054979.0
1558396800,43.82,44.26,43.7,44.02,5868630.0
1558483200,43.74,43.84,43.41,43.57,5378599.0
1558569600,43.06,43.06,42.22,42.54,9351867.0
1558656000,42.72,43.34,42.72,43.25,4153236.0
1559001600,43.18,43.355,42.76,42.79,5174806.0
1559088000,42.42,42.92,41.945,42.77,6469811.0
1559174400,42.96,43.29,42.36,42.55,6269962.0
1559260800,41.91,42.14,41.45,41.61,9217868.0
1559520000,41.44,42.245,41.35,41.63,7054514.0
1559606400,42.36,43.95,42.34,43.84,8709584.0
1559692800,43.86,44.05,43.31,43.78,6189664.0
1559779200,43.72,44.145,43.481,43.93,5798684.0
1559865600,43.89,43.98,42.855,43.0,7468434.0
1560124800,43.45,44.04,43.19,43.31,7054767.0
1560211200,43.75,43.88,42.695,42.85,7601265.0
1560297600,42.73,42.88,41.68,42.1,7755376.0
1560384000,42.18,42.665,42.18,42.36,7258129.0
1560470400,42.33,42.46,40.62,41.01,1.4013632E7
1560729600,41.03,41.455,40.485,40.61,9341714.0
1560816000,40.16,41.44,40.06,40.91,1.0194219E7
1560902400,41.03,41.26,39.755,39.89,1.2627626E7
1560988800,40.18,40.32,39.36,40.03,1.2498797E7
1561075200,40.29,40.79,40.12,40.63,1.1441287E7
1561334400,40.19,40.34,39.13,39.15,9905502.0
1561420800,39.01,39.525,38.33,39.23,1.4207521E7
1561507200,39.37,39.99,39.31,39.67,8437843.0
1561593600,39.71,40.74,39.71,40.2,1.0128148E7
1561680000,40.66,41.21,40.12,40.19,1.5515652E7
1561939200,40.88,41.18,40.425,40.76,2.1533526E7
1562025600,40.46,40.74,40.13,40.19,6426921.0
1562112000,40.41,40.59,40.15,40.45,3019524.0
1562284800,40.82,41.48,40.725,40.86,6522313.0
1562544000,40.38,40.83,39.91,39.99,7209406.0
1562630400,39.75,40.31,39.61,40.27,7138845.0
1562716800,39.89,40.4202,39.3,39.66,8562394.0
1562803200,39.85,40.54,39.66,40.46,6566220.0
1562889600,40.25,40.37,39.9,40.13,9983672.0
1563148800,40.2,42.13,39.87,40.3,8655043.0
1563235200,41.0,42.14,40.9,41.63,1.6155394E7
1563321600,41.46,41.61,40.805,41.21,7673782.0
1563408000,41.31,42.09,41.15,41.48,1.0956806E7
1563494400,41.75,43.04,41.63,42.72,1.2138906E7
1563753600,42.76,43.45,42.56,43.16,8774205.0
1563840000,43.26,43.75,43.22,43.53,1.0276961E7
1563926400,43.49,44.28,43.46,44.28,1.134734E7
1564012800,44.45,44.55,43.755,44.07,8571957.0
1564099200,44.08,44.24,43.71,44.05,1.2260577E7
1564358400,43.9,44.09,43.51,43.71,7837476.0
1564444800,43.31,43.3909,42.8,43.02,6223447.0
1564531200,43.17,43.49,42.795,43.22,9018404.0
1564617600,42.93,43.015,41.12,41.29,2.1228901E7
1564704000,41.32,41.55,40.33,40.75,8811908.0
1564963200,39.82,39.9,38.45,38.84,1.3878256E7
1565049600,39.36,39.57,38.73,39.41,9929988.0
1565136000,38.38,38.43,37.1,37.58,2.1892114E7
1565222400,37.69,37.8,37.16,37.45,1.445208E7
1565308800,37.19,37.34,36.49,36.87,1.3647576E7
1565568000,36.35,36.53,36.01,36.41,8733229.0
1565654400,36.33,38.02,36.2819,37.68,1.1458292E7
1565740800,36.52,37.13,36.085,36.59,1.3862219E7
1565827200,36.85,37.04,36.105,36.56,7587123.0
1565913600,36.85,37.53,36.78,37.14,6311761.0
1566172800,37.85,38.09,37.46,37.7,5361664.0
1566259200,37.4,37.59,37.01,37.32,6790544.0
1566345600,37.87,37.9,37.35,37.61,4950378.0
1566432000,37.99,38.16,37.615,37.87,6901632.0
1566518400,37.55,38.03,36.35,36.58,8736678.0
1566777600,37.0,37.15,36.52,36.67,5920464.0
1566864000,36.84,37.095,36.11,36.12,9081812.0
1566950400,35.87,36.815,35.85,36.73,1.0094382E7
1567036800,37.09,37.95,37.06,37.76,7658240.0
1567123200,38.18,38.42,37.91,38.27,6896913.0
1567468800,38.01,38.11,37.3,37.96,7749754.0
1567555200,38.53,38.73,38.33,38.67,6904044.0
1567641600,39.49,40.37,39.32,39.62,9395037.0
1567728000,39.59,40.1,39.44,39.9,7047941.0
1567987200,40.28,41.32,40.28,41.1,7962576.0
1568073600,41.37,41.95,41.265,41.95,8701733.0
1568160000,42.0,42.78,41.51,42.76,6799691.0
1568246400,42.16,43.16,41.68,43.07,8829392.0
1568332800,43.6,44.0,43.49,43.62,6777611.0
1568592000,43.08,43.74,42.99,43.6,6585000.0
1568678400,43.13,43.2208,42.645,43.11,6254017.0
1568764800,42.67,43.36,42.23,43.23,6670484.0
1568851200,43.14,43.33,42.74,42.92,5303889.0
1568937600,42.99,43.4,42.75,42.78,1.1012576E7
1569196800,42.25,42.815,41.94,42.58,4496132.0
1569283200,42.78,42.95,41.57,41.79,5742297.0
1569369600,41.82,42.34,41.68,41.8,7366008.0
1569456000,41.69,41.8,40.64,40.89,8441250.0
1569542400,41.28,41.61,41.15,41.41,6272323.0
1569801600,41.74,41.93,41.3,41.83,4983902.0
1569888000,39.8,39.876,36.92,37.76,3.5786402E7
1569974400,37.21,37.36,36.41,36.51,2.0983511E7
1570060800,36.14,36.43,34.92,35.1,2.46065E7
1570147200,35.1,35.79,35.077,35.67,1.4484509E7
1570406400,35.87,36.145,35.44,35.45,1.0404789E7
1570492800,35.0,35.415,34.58,35.23,1.3205959E7
1570579200,35.59,36.0599,35.49,35.67,1.4299734E7
1570665600,36.2,36.58,35.99,36.14,1.3075047E7
1570752000,36.99,37.71,36.82,37.28,1.1354443E7
1571011200,37.03,37.83,37.03,37.72,9574076.0
1571097600,38.97,40.23,38.27,39.74,1.2858469E7
1571184000,38.68,39.57,38.67,39.02,1.3131328E7
1571270400,39.56,39.725,39.2,39.45,7087623.0
1571356800,39.43,40.05,39.43,39.94,7582813.0
1571616000,40.53,41.01,40.23,40.9,7694384.0
1571702400,40.89,41.435,40.635,40.92,7267852.0
1571788800,40.77,41.535,40.65,41.37,6002279.0
1571875200,41.42,41.48,40.58,40.99,6364753.0
1571961600,40.75,41.26,40.61,40.98,3928346.0
1572220800,41.18,41.77,41.05,41.48,5534541.0
1572307200,41.18,41.595,40.865,40.96,5708320.0
1572393600,40.75,41.66,40.45,41.3,5284737.0
1572480000,41.05,41.3,40.01,40.71,7119772.0
1572566400,41.21,42.02,41.19,41.78,6580669.0
1572825600,42.26,43.315,42.1,43.22,8446466.0
1572912000,43.25,43.695,42.67,43.42,8986192.0
1572998400,43.28,43.56,42.97,43.08,4888356.0
1573084800,43.53,43.85,43.29,43.5,5835032.0
1573171200,43.47,43.7759,43.34,43.54,4274177.0
1573430400,43.11,43.54,43.06,43.23,3455156.0
1573516800,43.34,43.9,43.12,43.48,3887109.0
1573603200,43.01,43.01,42.405,42.81,4581474.0
1573689600,42.7,43.41,42.44,43.38,5357988.0
1573776000,43.78,44.44,43.63,44.35,7064370.0
1574035200,44.27,44.35,43.555,44.18,6983082.0
1574121600,44.43,44.775,44.21,44.4,6093546.0
1574208000,44.07,44.81,43.63,44.75,6188318.0
1574294400,50.02,50.97,47.5,48.03,4.2834376E7
1574380800,47.68,48.595,47.41,48.2,1.6855461E7
1574640000,47.7,49.49,47.39,49.31,3.744248E7
1574726400,49.22,49.79,48.66,49.24,2.3072489E7
1574812800,49.59,50.05,49.19,49.84,1.1815034E7
1574985600,49.55,50.02,49.34,49.5,4867683.0
1575244800,49.96,50.33,49.57,49.57,1.137764E7
1575331200,49.02,49.1,48.32,48.66,1.1198495E7
1575417600,48.64,49.39,48.64,49.03,6799030.0
1575504000,49.27,49.3,48.5,48.74,9766940.0
1575590400,49.57,49.97,48.92,48.95,1.4627076E7
1575849600,48.9,49.05,48.63,48.95,7183684.0
1575936000,48.81,49.24,48.67,49.19,8317851.0
1576022400,48.93,49.61,48.91,49.6,1.1033593E7
1576108800,49.84,51.645,49.66,51.07,1.6916747E7
1576195200,51.15,51.36,49.81,49.95,1.5217075E7
1576454400,50.5,50.52,49.68,49.72,1.1036807E7
1576540800,49.56,49.705,49.44,49.49,9239399.0
1576627200,49.65,49.65,48.55,48.66,1.982215E7
1576713600,48.66,48.875,47.96,48.2,9618182.0
1576800000,48.29,48.4,47.9,48.12,1.5327316E7
1577059200,48.43,48.85,48.03,48.71,6931795.0
1577145600,48.81,48.81,48.34,48.71,1819045.0
1577318400,48.76,48.92,48.51,48.57,3408607.0
1577404800,48.55,48.7,48.265,48.34,3733589.0
1577664000,48.5,48.63,47.74,47.82,5121412.0
1577750400,47.83,47.94,47.385,47.56,8841377.0
1577923200,47.76,48.38,47.55,48.23,5645779.0
1578009600,47.44,47.6,46.9,47.01,6698924.0
1578268800,46.65,47.39,46.59,47.34,6804294.0
1578355200,47.34,48.01,47.3,47.62,9988785.0
1578441600,47.47,48.0,47.385,47.91,1.0887013E7
1578528000,48.5,48.54,47.89,48.11,9749820.0
1578614400,48.13,48.16,47.62,47.8,7452948.0
1578873600,48.17,48.25,47.775,48.02,8905976.0
1578960000,48.07,48.12,47.54,47.71,8874757.0
1579046400,47.31,47.65,46.93,47.12,7654921.0
1579132800,46.99,49.07,46.98,49.0,1.3752569E7
1579219200,49.1,49.26,48.15,48.34,1.0257157E7
1579564800,48.04,48.88,47.82,48.45,8850267.0
1579651200,48.15,49.03,47.86,48.93,6699817.0
1579737600,48.4,48.66,47.955,48.42,8126208.0
1579824000,48.39,48.52,47.0,47.15,1.1268065E7
1580083200,46.0,46.36,45.59,45.76,9537889.0
1580169600,46.14,46.585,45.81,46.3,7282864.0
1580256000,46.58,46.715,45.89,45.95,5918724.0
1580342400,45.4,47.33,45.39,47.19,1.1536592E7
1580428800,46.63,46.83,45.47,45.55,1.229738E7
1580688000,45.86,46.91,45.58,45.68,1.0490511E7
1580774400,46.66,47.98,46.5,47.08,1.0595051E7
1580860800,47.84,48.35,47.49,48.29,9583003.0
1580947200,48.64,48.78,47.32,47.83,8767561.0
1581033600,47.1,47.585,46.92,47.31,5680196.0
1581292800,46.89,47.1995,46.49,46.77,6061959.0
1581379200,47.03,47.97,46.86,47.67,7082588.0
1581465600,48.1,48.345,47.59,47.79,5136382.0
1581552000,47.39,47.6,47.15,47.29,5873145.0
1581638400,47.12,47.315,46.68,47.23,7106677.0
1581984000,47.03,47.31,46.2,46.73,8165698.0
1582070400,46.99,47.845,46.83,47.44,6377492.0
1582156800,47.34,49.55,47.3,48.58,1.619881E7
1582243200,48.09,48.43,45.93,46.19,1.3502093E7
1582502400,44.48,44.56,43.48,43.8,1.3407723E7
1582588800,43.99,44.01,41.38,41.6,1.6466075E7
1582675200,42.01,42.4,41.22,41.42,1.5389563E7
1582761600,40.18,43.0,40.09,41.91,2.8185265E7
1582848000,40.25,41.62,39.505,40.75,2.746302E7
1583107200,40.9,42.05,39.57,41.98,2.1834198E7
1583193600,41.62,41.95,37.95,38.3,2.8382024E7
1583280000,38.45,38.54,36.74,37.16,2.6339286E7
1583366400,35.9,35.9,34.45,34.8,2.800067E7
1583452800,33.05,35.06,32.64,34.13,2.9385714E7
1583712000,30.86,31.87,30.185,30.27,2.4766542E7
1583798400,31.88,32.94,30.0,32.94,2.0293223E7
1583884800,31.9,33.89,31.25,32.43,2.7993364E7
1583971200,29.96,30.31,28.11,28.43,3.2521615E7
1584057600,30.38,33.9,30.04,33.87,2.6153234E7
1584316800,28.59,32.66,28.0,30.56,2.3373914E7
1584403200,31.39,33.73,28.92,33.68,2.1796195E7
1584489600,31.09,34.08,30.36,32.42,2.4241685E7
1584576000,31.45,32.95,30.03,31.82,1.8311145E7
1584662400,32.5,32.9365,30.03,30.75,1.5922775E7
1584921600,30.82,30.82,28.01,28.5,2.0572951E7
1585008000,30.26,31.53,29.24,30.72,1.7925242E7
1585094400,31.12,36.87,30.44,34.17,2.2746217E7
1585180800,34.17,36.3,32.97,34.16,1.6976561E7
1585267200,32.56,34.87,32.13,33.61,1.2461712E7
1585526400,33.19,34.57,32.69,34.33,1.0078776E7
1585612800,33.89,34.81,33.0,33.62,1.0708602E7
1585699200,31.83,33.55,31.59,32.96,1.1700181E7
1585785600,32.42,34.57,32.32,34.39,1.5329504E7
1585872000,34.08,34.97,33.01,33.6,9127880.0
1586131200,35.36,36.42,34.51,36.08,1.1659228E7
1586217600,37.8,37.8,34.73,34.94,1.3087378E7
1586304000,35.45,36.76,34.63,36.49,8104672.0
1586390400,37.21,37.945,36.11,36.54,1.2362301E7
1586736000,36.4,36.62,34.49,34.77,1.1531427E7
1586822400,35.64,36.36,34.61,36.21,1.2376773E7
1586908800,34.53,34.97,33.7,34.67,1.1516498E7
1586995200,34.12,35.04,33.665,34.6,1.085212E7
1587081600,36.2,37.045,35.36,35.79,1.3305035E7
1587340800,35.13,36.84,35.11,36.59,1.1016783E7
1587427200,35.54,36.17,35.19,35.94,9671920.0
1587513600,36.47,36.55,35.66,35.87,8397376.0
1587600000,36.18,36.49,35.33,35.64,8748823.0
1587686400,36.13,36.34,35.215,35.4,8043219.0
1587945600,35.92,37.07,35.65,36.84,1.1030822E7
1588032000,37.66,37.94,36.925,37.08,7674767.0
1588118400,38.12,39.085,37.81,38.79,8225265.0
1588204800,38.0,38.6,37.547,37.72,8061748.0
1588291200,36.7,36.95,36.28,36.45,8176629.0
1588550400,36.07,36.25,35.19,35.63,7292262.0
1588636800,36.25,36.25,34.86,34.9,7645296.0
1588723200,35.33,35.48,34.54,34.57,5791229.0
1588809600,34.695,36.27,34.61,35.17,1.0673024E7
1588896000,35.88,36.66,35.81,36.51,9489401.0
1589155200,35.93,36.36,35.795,35.84,9750777.0
1589241600,36.01,36.01,33.97,34.32,1.0475347E7
1589328000,34.04,34.15,32.62,33.15,1.016836E7
1589414400,32.23,33.5,31.89,33.4,1.0143201E7
1589500800,32.87,33.24,32.44,32.56,6780931.0
1589760000,33.86,34.59,33.04,34.21,1.5301001E7
1589846400,34.0,34.3,32.97,32.99,7009096.0
1589932800,33.0,33.94,32.78,33.69,8876236.0
1590019200,33.24,33.6639,32.9,33.22,7426296.0
1590105600,33.09,33.23,32.435,32.83,7300555.0
1590451200,34.2,34.96,34.025,34.5,1.4756161E7
1590537600,36.2,37.09,35.81,37.09,1.3261286E7
1590624000,37.56,37.63,35.91,36.01,8761370.0
1590710400,35.42,36.07,35.22,35.91,1.4247662E7
1590969600,36.04,36.63,35.94,36.51,7469783.0
1591056000,37.0,37.525,36.76,37.14,6232941.0
1591142400,38.3,39.65,38.1,39.51,9672058.0
1591228800,40.02,41.715,39.15,41.68,2.6855949E7
1591315200,44.71,45.86,42.71,42.82,2.0489936E7
1591574400,43.01,43.27,41.32,41.82,1.2200419E7
1591660800,40.65,41.09,40.09,40.18,1.1529154E7
1591747200,39.65,39.95,38.04,38.12,1.1641176E7
1591833600,36.54,37.57,36.08,36.16,1.134826E7
1591920000,37.65,37.7,35.44,36.56,1.5666475E7
1592179200,35.35,37.15,35.16,36.65,1.0015161E7
1592265600,37.87,38.0,36.42,36.92,1.2663243E7
1592352000,37.04,37.21,36.44,36.67,1.2120929E7
1592438400,36.3,37.07,36.01,36.88,1.0430497E7
1592524800,37.66,37.66,35.76,36.67,1.4796391E7
1592784000,36.41,36.765,36.17,36.42,8242752.0
1592870400,36.82,37.07,35.88,35.89,9923139.0
1592956800,35.5,35.54,33.6662,33.8,1.4398522E7
1593043200,33.58,34.23,33.28,34.08,1.481447E7
1593129600,33.62,33.75,31.63,31.75,2.8270653E7
1593388800,32.1,32.78,31.93,32.75,1.2378618E7
1593475200,32.6,33.985,32.53,33.74,1.565036E7
1593561600,33.68,34.115,32.81,33.02,2.1721444E7
1593648000,33.8,34.19,33.28,33.39,7862691.0
1593993600,34.1,34.89,34.01,34.21,1.3573679E7
1594080000,33.8,34.18,33.53,33.89,7198781.0
1594166400,34.02,34.53,33.76,34.43,6915966.0
1594252800,34.31,34.46,33.42,33.88,8475822.0
1594339200,33.81,34.905,33.81,34.8,6258806.0
1594598400,35.21,35.435,34.31,34.43,8679881.0
1594684800,34.28,34.88,33.97,34.55,7862266.0
1594771200,35.11,35.81,34.79,35.66,9873268.0
1594857600,34.89,36.08,34.45,34.92,1.2191446E7
1594944000,34.92,35.09,33.43,33.44,1.1840603E7
1595203200,33.42,33.94,33.04,33.84,9564139.0
1595289600,34.05,35.36,34.02,35.24,1.1387134E7
1595376000,35.05,35.17,34.47,34.86,7584979.0
1595462400,34.8,35.85,34.51,35.21,7457272.0
1595548800,35.21,35.51,34.72,34.94,6578036.0
1595808000,34.55,34.68,33.65,33.84,1.0588156E7
1595894400,33.6,34.02,33.55,33.66,8882806.0
1595980800,33.71,34.11,33.43,34.08,6592698.0
1596067200,33.44,33.73,32.89,33.58,7323592.0
1596153600,33.43,33.47,32.66,33.15,1.0385035E7
1596412800,33.28,33.62,32.79,33.34,7285614.0
1596499200,33.11,33.95,33.11,33.95,1.4859277E7
1596585600,34.21,34.355,33.88,34.2,8279431.0
1596672000,33.58,33.98,33.02,33.14,8077668.0
1596758400,33.02,34.06,32.84,34.04,7823115.0
1597017600,34.06,34.28,33.55,33.8,6043193.0
1597104000,34.47,35.555,34.23,34.96,1.2160483E7
1597190400,35.5,35.9983,34.75,34.84,8998737.0
1597276800,34.49,34.915,34.105,34.61,5937679.0
1597363200,34.45,35.46,34.29,35.05,8740679.0
1597622400,34.88,35.275,34.47,34.62,8341023.0
1597708800,34.5,35.0,34.24,34.95,7709969.0
1597795200,34.95,35.9,34.95,35.71,8035659.0
1597881600,35.23,35.35,34.48,34.55,8160987.0
1597968000,34.55,34.89,34.23,34.45,5804467.0
1598227200,34.5,35.5,34.46,35.12,9919969.0
1598313600,35.5,35.87,35.24,35.55,5261042.0
1598400000,35.58,35.72,35.12,35.42,4117870.0
1598486400,35.49,36.37,35.13,36.08,6467447.0
1598572800,36.15,36.47,35.85,36.28,6156466.0
1598832000,36.13,36.2,35.45,35.53,8331386.0
1598918400,35.16,36.255,34.96,35.8,6146828.0
1599004800,35.78,36.12,35.46,35.97,8021186.0
1599091200,36.3,36.875,35.2,35.39,1.3777918E7
1599177600,36.25,36.89,35.63,36.2,1.1453963E7
1599523200,35.47,35.7,34.61,34.66,9023220.0
1599609600,34.93,35.265,34.56,35.03,7657697.0
1599696000,35.2,35.375,34.52,34.66,5709901.0
1599782400,34.69,35.565,34.69,35.24,5890260.0
1600041600,35.5,36.17,35.33,35.73,6875630.0
1600128000,34.68,35.115,33.79,34.75,1.2952479E7
1600214400,34.93,36.075,34.81,35.73,8778863.0
1600300800,35.14,36.07,35.06,35.81,7298589.0
1600387200,35.61,36.54,35.61,36.03,9021042.0
1600646400,35.14,35.92,34.5,35.24,1.1448059E7
1600732800,35.17,35.8,34.45,34.97,7816868.0
1600819200,35.19,35.81,34.77,34.78,8152049.0
1600905600,34.91,34.97,34.1,34.36,7039172.0
1600992000,34.1,35.07,33.96,34.94,5768369.0
1601251200,35.51,36.31,35.425,36.2,6035488.0
1601337600,36.15,36.26,35.49,35.78,7150277.0
1601424000,36.08,36.68,35.955,36.23,7214286.0
1601510400,36.91,37.76,36.6,37.73,1.9959112E7
1601596800,37.17,38.475,37.07,37.67,2.2728265E7
1601856000,38.17,38.71,36.75,36.94,9.4997699E7
1601942400,37.14,37.46,36.07,36.75,1.9905327E7
1602028800,37.49,38.16,36.9,37.78,1.8282552E7
1602115200,37.83,37.95,37.44,37.74,1.0818256E7
1602201600,38.2,38.46,37.565,38.23,1.1644108E7
1602460800,38.25,38.53,37.9,38.47,1.4481628E7
1602547200,38.33,38.51,37.41,37.61,1.0841084E7
1602633600,37.3,37.94,37.01,37.12,1.001415E7
1602720000,37.31,39.04,37.235,39.03,1.5406697E7
1602806400,39.28,39.77,38.56,39.29,1.4090513E7
1603065600,39.41,39.555,38.73,38.89,1.2294107E7
1603152000,39.19,40.12,39.08,39.13,9961378.0
1603238400,39.13,39.42,38.735,38.93,7673000.0
1603324800,38.92,40.265,38.71,40.13,1.0094088E7
1603411200,40.72,40.93,39.92,40.35,8243377.0
1603670400,39.82,40.0,38.665,39.15,1.1991755E7
1603756800,39.05,39.22,38.305,38.47,7881951.0
1603843200,37.84,38.53,37.29,38.15,1.3941437E7
1603929600,37.97,40.785,37.33,40.31,1.4757254E7
1604016000,40.1,41.135,40.0,41.11,1.3155012E7
1604275200,41.27,42.69,40.89,41.26,1.271984E7
1604361600,42.09,43.77,42.09,42.56,1.2927331E7
1604448000,39.99,41.96,39.5,40.84,1.50442E7
1604534400,40.8,42.2,40.8,41.45,9875996.0
1604620800,41.98,42.0,40.98,41.13,6824116.0
1604880000,45.19,45.89,43.76,44.96,1.4747812E7
1604966400,45.27,46.49,44.87,46.42,1.0791888E7
1605052800,47.45,47.48,45.89,46.23,1.4938438E7
1605139200,45.4,45.5,44.26,44.72,9621962.0
1605225600,45.09,46.225,45.01,46.0,7519373.0
1605484800,47.09,47.41,45.98,46.89,1.0663997E7
1605571200,46.86,48.94,46.75,48.9,1.678862E7
1605657600,48.92,49.835,47.7,47.7,1.5442354E7
1605744000,46.91,47.33,46.25,47.08,1.1022251E7
1605830400,46.67,46.95,46.415,46.61,6365831.0
1606089600,47.28,48.35,46.73,48.24,6970721.0
1606176000,48.93,49.88,48.6,49.79,1.0117354E7
1606262400,49.07,50.15,48.87,49.75,9898159.0
1606435200,49.61,50.085,49.46,49.7,4626640.0
1606694400,49.46,49.735,48.51,48.78,2.1664552E7
1606780800,50.08,51.02,49.67,50.02,1.2399991E7
1606867200,49.58,51.0,49.55,50.86,6785281.0
1606953600,50.64,51.23,50.23,51.07,7579286.0
1607040000,51.42,51.81,50.96,50.99,7371353.0
1607299200,50.59,51.065,50.46,50.76,7657147.0
1607385600,50.15,50.97,50.15,50.55,7494512.0
1607472000,50.92,51.0,50.16,50.55,5592017.0
1607558400,50.16,50.37,49.53,50.1,7825323.0
1607644800,49.28,49.52,48.89,49.43,7629787.0
1607904000,50.39,51.69,49.82,49.84,7714812.0
1607990400,50.28,51.54,50.0176,51.05,7211220.0
1608076800,51.06,51.71,50.61,51.68,6629531.0
1608163200,51.7,52.04,51.31,51.78,7291028.0
1608249600,51.89,52.22,51.33,51.98,1.6739597E7
1608508800,51.9,52.06,50.95,51.75,7605579.0
1608595200,51.75,52.07,51.45,51.64,5444435.0
1608681600,51.85,52.71,51.6,52.35,4254103.0
1608768000,52.38,52.38,51.84,52.06,1633112.0
1609113600,52.62,52.965,52.28,52.94,4635051.0
1609200000,52.99,53.325,52.52,52.54,3421489.0
1609286400,52.54,52.93,52.35,52.41,3971451.0
1609372800,52.55,53.12,52.26,53.04,4085062.0
1609718400,53.22,53.47,51.93,52.76,8649960.0
1609804800,51.96,52.95,51.94,52.77,7995727.0
1609891200,54.37,57.83,54.04,57.41,1.6551756E7
1609977600,57.89,59.4425,57.63,59.06,1.0949815E7
1610064000,58.84,59.58,58.23,58.98,9165419.0
1610323200,58.85,60.35,58.13,60.25,8767889.0
1610409600,60.8,62.04,60.44,61.2,1.2194523E7
1610496000,60.58,61.37,59.19,59.51,1.7171716E7
1610582400,59.61,59.79,59.1323,59.33,9165765.0
1610668800,58.56,59.17,57.96,58.75,9952427.0
1611014400,59.24,59.59,57.83,59.23,8277199.0
1611100800,59.35,59.45,58.11,58.61,9798238.0
1611187200,58.86,58.97,58.34,58.7,6367143.0
1611273600,58.16,58.92,57.9345,58.4,5472359.0
1611532800,57.27,58.18,56.6,57.08,7888874.0
1611619200,57.49,57.69,56.119,56.21,6786858.0
1611705600,55.41,55.41,53.16,53.29,1.0579816E7
1611792000,53.65,55.42,53.57,53.74,1.1278569E7
1611878400,53.26,53.29,50.765,51.54,1.777219E7
1612137600,52.13,53.72,51.97,53.37,8601101.0
1612224000,54.13,55.34,54.11,54.54,8720628.0
1612310400,54.68,55.32,52.96,53.46,1.0230566E7
1612396800,53.87,55.2,53.63,55.2,7891037.0
1612483200,55.69,56.385,55.29,55.74,7994697.0
1612742400,55.98,56.1075,55.22,55.85,5377144.0
1612828800,55.48,56.53,54.98,56.27,5541197.0
1612915200,56.6,56.89,55.37,55.7,7549406.0
1613001600,55.65,56.37,55.41,55.93,6040402.0
1613088000,55.93,58.26,55.81,58.19,8138119.0
1613433600,58.93,61.35,58.64,60.95,1.1008933E7
1613520000,60.61,61.385,60.36,61.3,9507567.0
1613606400,60.99,62.23,60.64,61.93,6157666.0
1613692800,62.44,63.45,61.14,61.91,8421356.0
1613952000,62.65,63.09,62.08,62.95,8049364.0
1614038400,63.45,63.45,61.44,62.67,8613271.0
1614124800,63.0,65.43,62.49,64.44,1.1535329E7
1614211200,64.35,65.24,62.97,63.1,1.058411E7
1614297600,62.91,63.28,61.25,61.72,9543676.0
1614556800,62.59,64.93,62.57,64.1,5863697.0
1614643200,63.71,64.78,63.43,63.8,6079650.0
1614729600,64.26,66.23,63.91,64.96,8831092.0
1614816000,64.82,65.17,63.03,64.77,1.1204326E7
1614902400,66.1,66.61,63.04,65.02,1.0203951E7
1615161600,65.32,65.625,64.3434,64.46,8663244.0
1615248000,64.03,65.04,62.33,63.75,9761810.0
1615334400,64.16,65.07,63.87,65.03,8930603.0
1615420800,64.8,66.86,64.55,66.41,9233694.0
1615507200,67.0,68.21,66.76,67.65,5643295.0
1615766400,67.39,67.65,65.46,66.34,6856439.0
1615852800,66.1,66.1,65.02,65.47,5632388.0
1615939200,66.67,66.67,65.14,65.7,6881500.0
1616025600,66.91,67.9,65.99,66.07,7417383.0
1616112000,65.38,66.59,64.8,66.05,1.0670281E7
1616371200,65.34,65.73,64.73,64.77,5138851.0
1616457600,64.38,64.93,63.28,63.36,6259631.0
1616544000,64.08,65.77,64.02,64.12,5796717.0
1616630400,63.86,65.455,63.07,65.13,6220587.0
1616716800,65.91,66.069,64.94,65.71,6082163.0
1616976000,64.66,65.43,63.6,64.11,8113689.0
1617062400,64.28,65.0686,63.98,64.76,6300170.0
1617148800,65.08,65.645,64.34,65.18,7536130.0
1617235200,65.14,66.49,65.035,66.44,5796977.0
1617580800,68.21,68.89,67.77,68.15,8211814.0
1617667200,67.88,68.63,67.11,67.3,7360399.0
1617753600,67.16,67.6,66.4,67.05,7281456.0
1617840000,66.54,66.94,66.08,66.84,6361153.0
1617926400,68.32,68.825,67.19,67.57,6311051.0
1618185600,67.32,67.92,67.32,67.71,5620637.0
1618272000,67.67,67.67,66.195,66.6,4886618.0
1618358400,66.99,68.42,66.7,67.44,6702218.0
1618444800,66.85,67.49,64.59,65.5,1.0163608E7
1618531200,65.74,65.83,64.34,64.74,1.0289601E7
1618790400,65.03,66.62,64.9225,65.88,8750936.0
1618876800,65.37,65.73,63.61,63.69,7532757.0
1618963200,63.86,65.46,63.46,65.4,6442991.0
1619049600,65.25,66.07,64.335,64.8,8590798.0
1619136000,65.2,67.18,64.88,67.14,7270540.0
1619395200,67.53,68.85,67.35,67.77,7387071.0
1619481600,68.57,69.76,67.865,69.64,8745525.0
1619568000,69.61,70.03,69.21,69.86,6338912.0
1619654400,70.26,72.16,70.05,71.71,9816613.0
1619740800,71.43,71.74,70.21,70.4,8105243.0
1620000000,70.83,71.05,69.74,70.94,5394295.0
1620086400,70.39,71.625,68.67,70.09,1.1044075E7
1620172800,70.8,71.66,70.8,70.98,5424001.0
1620259200,71.28,71.65,70.08,71.52,4802922.0
1620345600,70.45,71.88,70.0,71.75,6233083.0
1620604800,72.16,72.54,71.08,71.1,5721158.0
1620691200,70.17,71.96,69.905,70.63,5380126.0
1620777600,71.02,71.47,68.66,69.12,8500535.0
1620864000,68.82,71.008,68.75,70.43,6317393.0
1620950400,70.66,73.37,70.615,73.25,8843475.0
1621209600,73.0,73.24,72.02,73.0,5207488.0
1621296000,73.37,73.59,70.86,70.9,5829575.0
1621382400,69.78,71.35,69.2,71.21,6552355.0
1621468800,71.5,71.625,70.38,70.74,4606584.0
1621555200,71.19,72.55,71.01,72.17,5414960.0
1621814400,72.33,73.04,72.01,72.61,4538327.0
1621900800,72.95,73.5,71.53,71.63,5920262.0
1621987200,72.29,72.29,70.7,71.53,7370405.0
1622073600,72.27,74.14,71.84,73.85,1.4693988E7
1622160000,73.94,74.31,73.19,73.85,6205797.0
1622505600,74.94,75.485,74.16,74.64,6175769.0
1622592000,74.84,75.285,74.29,74.93,6881888.0
1622678400,74.55,76.34,74.45,76.01,7623768.0
1622764800,75.91,76.37,74.51,75.72,5587531.0
1623024000,75.94,75.95,74.35,74.73,5661986.0
1623110400,74.15,75.17,73.57,75.12,7317083.0
1623196800,74.84,74.895,72.25,72.85,9634573.0
1623283200,73.7,74.22,72.45,72.62,8741342.0
1623369600,72.89,73.98,72.85,73.92,6912707.0
1623628800,73.48,73.7299,71.16,72.01,7764139.0
1623715200,72.5,73.31,72.03,72.54,7934543.0
1623801600,72.07,74.535,71.13,73.75,8819210.0
1623888000,74.14,74.33,70.86,72.14,8699965.0
1623974400,71.08,71.8,69.28,69.83,1.7257901E7
1624233600,70.64,72.96,70.19,72.74,9488239.0
1624320000,72.65,72.75,71.52,72.5,6856911.0
1624406400,72.75,73.265,72.47,72.89,7116667.0
1624492800,73.07,73.64,72.16,73.39,5895502.0
1624579200,73.54,74.27,73.16,73.78,1.2715274E7
1624838400,73.6,73.8,72.58,73.28,5006403.0
1624924800,74.06,74.6,73.16,73.22,5316109.0
1625011200,72.86,73.1,72.29,72.81,6429743.0
1625097600,73.46,73.64,72.94,73.57,4413441.0
1625184000,73.13,73.33,71.6121,72.8,6108825.0
1625529600,72.61,72.61,70.67,70.77,7684029.0
1625616000,70.46,70.64,68.865,70.07,9833674.0
1625702400,67.33,68.88,67.33,67.94,1.0897017E7
1625788800,69.41,70.59,68.52,70.55,1.0327445E7
1626048000,69.93,72.01,69.74,71.71,6192589.0
1626134400,71.58,72.1,70.96,71.82,7489158.0
1626220800,71.35,72.11,69.96,70.2,7577237.0
1626307200,69.74,71.56,69.3604,70.55,5719799.0
1626393600,70.53,70.65,68.3,68.89,1.0465622E7
1626652800,67.36,68.115,66.2,66.68,8937250.0
1626739200,66.6,68.26,65.73,67.94,5857995.0
1626825600,68.66,70.01,68.42,69.56,5767092.0
1626912000,69.31,69.67,67.14,67.25,8206607.0
1626998400,67.52,68.41,67.245,67.91,6059873.0
1627257600,67.94,68.63,67.65,68.04,5838313.0
1627344000,67.55,67.821,66.6,67.37,3879363.0
1627430400,67.65,68.335,67.1295,67.85,5205978.0
1627516800,68.4,69.28,67.75,68.57,4475934.0
1627603200,68.24,69.12,67.76,67.95,4084177.0
1627862400,68.2,69.71,67.62,67.74,4941443.0
1627948800,68.17,68.24,66.16,67.41,4858226.0
1628035200,66.84,68.31,66.5,67.67,4619264.0
1628121600,68.06,69.7,68.01,69.3,4814406.0
1628208000,70.14,72.45,70.06,71.93,9361695.0
1628467200,71.64,74.1,71.4,73.42,6079900.0
1628553600,73.35,74.99,72.92,74.53,5784830.0
1628640000,74.84,75.39,74.08,74.81,6280657.0
1628726400,74.56,75.5,74.36,75.42,3425863.0
1628812800,75.3,75.42,73.45,74.01,3552122.0
1629072000,73.33,73.78,72.12,73.26,3796547.0
1629158400,72.68,72.99,71.6,72.5,5487165.0
1629244800,72.25,73.46,71.92,72.0,5828587.0
1629331200,70.97,71.835,70.1414,71.06,3303583.0
1629417600,71.07,72.105,70.71,71.97,3259275.0
1629676800,72.3,72.74,72.05,72.3,3989737.0
1629763200,72.52,74.34,72.3,74.15,5296280.0
1629849600,74.42,75.4,74.01,74.58,4754861.0
1629936000,74.97,75.2,73.63,73.65,3237416.0
1630022400,73.75,75.9,73.735,75.84,4691090.0
1630281600,75.85,76.0,73.33,73.44,9734790.0
1630368000,73.23,73.6,71.96,72.85,7450416.0
1630454400,72.84,73.565,71.765,73.2,4597444.0
1630540800,73.52,73.72,72.58,72.91,3213800.0
1630627200,72.95,73.55,72.05,72.09,3349226.0
1630972800,71.5,72.425,71.021,72.08,4128976.0
1631059200,72.08,72.35,71.3087,71.56,2955000.0
1631145600,71.59,73.77,71.3,72.33,4549185.0
1631232000,72.98,72.98,71.38,71.44,4099882.0
1631491200,72.0,72.25,70.84,71.89,3180201.0
1631577600,71.78,72.19,69.13,69.73,5572802.0
1631664000,69.92,71.39,69.43,71.15,4248903.0
1631750400,71.37,71.96,70.37,70.78,3054727.0
1631836800,70.28,70.9299,69.82,70.43,1.0256759E7
1632096000,68.64,68.97,67.3101,68.8,5848645.0
1632182400,69.23,69.42,68.125,68.44,4243054.0
1632268800,69.46,71.11,69.08,70.4,4956987.0
1632355200,71.21,74.415,71.04,74.3,5861023.0
1632441600,74.03,75.94,73.94,75.59,6437441.0
1632700800,76.0,77.68,75.94,77.38,6584069.0
1632787200,77.5,77.965,75.44,76.18,8754748.0
1632873600,76.49,76.5,74.73,75.38,6075725.0
1632960000,75.97,75.97,72.77,72.84,7077404.0
1633046400,72.97,74.94,72.05,74.42,4814828.0
1633305600,74.17,75.12,72.92,73.23,5938698.0
1633392000,73.66,76.56,73.66,75.9,7570195.0
1633478400,75.02,76.11,73.97,75.71,5731648.0
1633564800,76.5,77.75,76.235,76.39,4560903.0
1633651200,76.33,77.86,76.19,77.34,3485149.0
1633910400,77.79,78.945,76.55,76.61,4229306.0
1633996800,77.09,77.92,76.35,77.27,6138170.0
1634083200,77.53,77.72,74.92,76.27,6066244.0
1634169600,77.22,78.38,76.64,78.11,4802594.0
1634256000,79.42,81.0,78.3601,80.9,9004395.0
1634515200,80.75,81.24,79.71,80.55,6323314.0
1634601600,80.59,81.63,80.23,81.54,5346739.0
1634688000,81.14,81.81,80.58,81.59,6157223.0
1634774400,81.5,82.57,80.74,82.24,5937967.0
1634860800,82.37,83.74,82.26,83.55,5740150.0
1635120000,83.69,84.01,82.85,82.89,4213551.0
1635206400,83.49,84.49,83.02,83.06,6362435.0
1635292800,82.665,83.73,81.09,81.15,6539212.0
1635379200,81.51,82.4,81.34,81.99,3579590.0
1635465600,82.0,82.71,81.74,82.03,4421878.0
1635724800,82.55,82.78,81.41,81.87,4095707.0
1635811200,81.88,82.52,81.38,81.77,3682614.0
1635897600,81.71,83.85,81.51,83.33,7051698.0
1635984000,82.95,83.125,80.31,81.45,5782866.0
1636070400,82.1,82.96,80.82,81.15,4107598.0
1636329600,81.72,82.66,81.38,81.68,3420199.0
1636416000,80.9,81.36,79.93,80.78,4193831.0
1636502400,80.33,81.07,79.82,80.75,4738971.0
1636588800,81.21,82.08,80.57,81.4,2794867.0
1636675200,81.34,82.316,80.61,82.11,4681442.0
1636934400,82.49,82.55,81.62,81.92,3302415.0
1637020800,81.74,82.165,81.05,81.81,4383187.0
1637107200,81.53,81.75,80.15,81.42,5613459.0
1637193600,81.7,82.08,81.22,81.72,3297671.0
1637280000,80.76,80.99,78.845,80.17,6394974.0
1637539200,81.22,83.28,81.0,81.92,5896172.0
1637625600,82.33,83.13,81.65,82.94,4321794.0
1637712000,82.39,83.4567,82.39,83.14,4725414.0
1637884800,79.72,79.82,77.94,79.15,5773768.0
1638144000,80.43,80.88,78.93,80.1,6017570.0
1638230400,78.79,79.1,77.22,77.39,9711569.0
1638316800,79.6,80.29,76.46,76.53,6029776.0
1638403200,77.28,80.5,76.88,80.12,8382031.0
1638489600,80.5,81.0,77.66,78.47,7343962.0
1638748800,79.69,80.98,78.65,80.37,4488829.0
1638835200,81.295,82.22,80.895,81.31,4333055.0
1638921600,81.29,81.89,80.51,81.2,4138323.0
1639008000,80.72,81.82,80.314,80.66,3652815.0
1639094400,81.18,81.18,79.62,80.81,3864939.0
1639353600,80.48,80.68,78.78,79.38,5057350.0
1639440000,79.26,81.27,79.03,80.79,6068851.0
1639526400,80.9,81.88,79.55,81.6,5307287.0
1639612800,83.5,85.75,82.99,83.89,9824999.0
1639699200,83.52,84.19,81.62,82.95,1.3417275E7
1639958400,81.62,81.62,78.96,80.68,6446464.0
1640044800,81.72,83.26,81.72,83.19,4353457.0
1640131200,82.99,84.5,82.61,84.38,3945238.0
1640217600,85.06,86.0,85.04,85.13,3570377.0
1640563200,85.35,85.82,85.02,85.82,2815040.0
1640649600,85.62,86.43,85.26,85.5,2719053.0
1640736000,85.54,86.16,84.7,84.96,4196865.0
1640822400,85.16,86.1897,84.39,84.48,3079209.0
1640908800,84.42,84.79,83.72,84.1,3223200.0
