1483401600,75.22,76.24,74.4,75.15,2609426.0
1483488000,75.46,75.655,74.5,74.99,1683879.0
1483574400,74.66,75.38,73.94,74.57,1832555.0
1483660800,74.82,75.48,74.32,74.96,1609218.0
1483920000,75.96,76.96,75.23,75.65,2331287.0
1484006400,75.69,77.52,75.66,77.31,1768561.0
1484092800,77.33,78.72,76.51,78.41,2119898.0
1484179200,76.2,76.91,74.67,76.75,4265199.0
1484265600,76.91,78.49,76.69,78.33,1963387.0
1484611200,77.64,78.43,76.485,76.89,2392146.0
1484697600,77.39,79.27,77.16,79.27,3106093.0
1484784000,78.87,79.45,78.1805,78.46,4062382.0
1484870400,85.0,88.9,84.69,88.67,1.5776664E7
1485129600,88.87,91.07,87.72,90.17,6523246.0
1485216000,90.31,92.74,90.31,92.27,4553330.0
1485302400,93.0,93.78,91.32,91.87,3223492.0
1485388800,92.0,92.64,90.94,91.01,2344718.0
1485475200,91.55,92.44,91.25,92.01,1706221.0
1485734400,91.43,93.08,90.22,92.99,2482193.0
1485820800,92.32,92.479,90.28,91.74,2486505.0
1485907200,93.54,94.49,91.31,91.74,3804797.0
1485993600,90.8,91.535,90.06,91.11,2524583.0
1486080000,91.32,91.91,90.88,91.56,1272523.0
1486339200,91.45,91.58,90.71,91.39,1458764.0
1486425600,91.4,92.2,91.17,91.78,1305566.0
1486512000,91.61,92.34,90.94,91.69,1861650.0
1486598400,92.07,93.1299,91.24,92.47,2753403.0
1486684800,92.73,92.75,91.41,92.21,1947332.0
1486944000,92.69,93.3,92.27,92.63,1290117.0
1487030400,92.32,92.48,90.53,91.8,1610538.0
1487116800,92.02,92.61,91.25,92.13,1562561.0
1487203200,92.34,92.56,91.6,92.43,1287095.0
1487289600,92.24,96.67,91.92,96.35,5406554.0
1487635200,96.63,97.51,95.7,96.57,2578203.0
1487721600,96.49,97.17,96.04,96.71,1397948.0
1487808000,96.86,96.94,94.3,95.31,1640306.0
1487894400,94.24,95.0,93.02,94.7,1448447.0
1488153600,94.54,95.68,93.85,95.63,1243010.0
1488240000,95.61,95.85,94.0,94.81,1722652.0
1488326400,95.97,97.15,94.37,96.74,2322497.0
1488412800,96.98,97.57,94.71,94.76,2348763.0
1488499200,95.03,95.32,94.16,94.92,1505851.0
1488758400,94.21,95.71,93.425,95.45,3186353.0
1488844800,95.22,95.49,94.207,95.05,1545443.0
1488931200,96.36,96.91,95.39,96.69,4069504.0
1489017600,96.21,97.67,95.06,97.14,2826163.0
1489104000,97.74,98.7,97.5,98.18,2259550.0
1489363200,98.48,99.34,98.06,99.04,2399531.0
1489449600,98.74,98.94,97.95,98.79,1214414.0
1489536000,98.71,99.38,98.12,99.11,1528958.0
1489622400,99.22,99.22,98.0,98.11,1796943.0
1489708800,98.51,98.61,97.51,97.93,2423569.0
1489968000,97.95,98.81,97.15,98.19,1290754.0
1490054400,98.37,98.64,95.34,95.52,1804767.0
1490140800,95.47,96.78,94.59,96.74,1736058.0
1490227200,96.54,97.29,96.0278,96.5,1111649.0
1490313600,97.36,98.35,96.88,97.3,1270823.0
1490572800,96.41,97.714,95.33,97.19,1203234.0
1490659200,97.31,98.7,96.55,97.93,1152861.0
1490745600,97.85,97.85,97.0,97.23,1088837.0
1490832000,97.29,98.5,97.06,98.14,1200076.0
1490918400,98.31,98.49,97.71,97.98,1065287.0
1491177600,98.15,98.48,96.95,97.72,1149443.0
1491264000,98.68,100.7,98.14,99.35,2907723.0
1491350400,99.56,100.58,98.6101,98.89,2024960.0
1491436800,98.97,99.81,97.7313,99.42,1388186.0
1491523200,99.43,102.64,99.11,101.82,3974689.0
1491782400,101.9,102.54,100.66,101.53,1994143.0
1491868800,100.5,100.815,99.11,100.14,2914741.0
1491955200,100.23,100.4,96.98,97.59,3726969.0
1492041600,96.82,99.44,96.15,97.47,2097643.0
1492387200,97.92,98.88,97.92,98.76,927867.0
1492473600,98.18,99.596,98.05,99.03,1564127.0
1492560000,99.8,100.6,99.09,99.24,1695821.0
1492646400,99.5,101.88,99.35,101.63,1900532.0
1492732800,101.56,101.76,100.35,101.6,1530427.0
1492992000,103.0,105.34,102.67,103.91,3582970.0
1493078400,104.26,104.79,103.96,104.0,2726777.0
1493164800,104.3,104.3,102.07,102.97,2170002.0
1493251200,103.42,104.38,103.05,104.2,3035082.0
1493337600,102.79,104.33,99.57,99.74,4690246.0
1493596800,100.26,100.81,98.51,99.81,2295236.0
1493683200,100.0,100.73,99.33,100.67,1759863.0
1493769600,100.18,101.78,99.6,101.43,2382868.0
1493856000,101.32,102.435,100.88,100.92,1514622.0
1493942400,101.35,101.68,100.31,101.46,1113112.0
1494201600,101.57,101.81,100.6,101.02,1102313.0
1494288000,101.33,102.34,101.165,101.93,1094838.0
1494374400,102.65,103.07,101.66,102.5,1240553.0
1494460800,102.2,102.92,101.35,102.61,1089686.0
1494547200,102.6,102.88,101.9,102.52,1032913.0
1494806400,102.99,104.23,102.63,103.76,1293815.0
1494892800,104.05,105.51,103.46,105.5,1686953.0
1494979200,104.5,104.72,100.47,100.55,2079328.0
1495065600,100.63,103.87,100.22,103.2,1889107.0
1495152000,103.65,104.315,103.31,103.87,1236841.0
1495411200,104.45,105.1,104.121,104.96,1214684.0
1495497600,105.02,105.38,103.56,105.17,958695.0
1495584000,105.49,105.98,104.7,105.42,970720.0
1495670400,105.65,107.18,105.1338,106.04,1303718.0
1495756800,106.0,106.34,104.5,105.89,1051595.0
1496102400,105.8,107.25,105.77,106.36,753234.0
1496188800,106.98,107.0,105.43,106.43,1468572.0
1496275200,106.79,107.68,106.25,107.68,1649429.0
1496361600,108.13,108.67,106.51,108.42,1577198.0
1496620800,108.2,109.2,107.75,108.15,1300558.0
1496707200,107.5,109.43,107.3,107.86,1121498.0
1496793600,108.0,109.8,107.71,109.48,1527258.0
1496880000,109.82,111.06,108.82,111.01,1526786.0
1496966400,111.4,112.11,104.29,107.01,2974289.0
1497225600,105.26,105.85,101.0,103.76,4118915.0
1497312000,104.67,105.69,103.47,104.85,2062379.0
1497398400,105.27,105.555,101.02,102.47,1701765.0
1497484800,100.74,102.64,100.56,102.28,1675290.0
1497571200,102.35,103.61,101.085,101.9,1923244.0
1497830400,102.72,104.55,102.72,104.06,1239840.0
1497916800,103.9,104.59,101.61,101.81,1377891.0
1498003200,102.32,103.57,101.61,103.3,1123561.0
1498089600,103.37,103.65,101.38,103.25,1309999.0
1498176000,103.25,104.51,102.57,104.36,2462195.0
1498435200,104.47,105.25,101.26,101.32,1947399.0
1498521600,100.5,100.62,97.71,97.86,2896375.0
1498608000,98.74,98.88,96.37,98.36,2328328.0
1498694400,97.96,98.42,94.35,96.13,3107460.0
1498780800,96.64,97.27,95.11,95.95,2194259.0
1499040000,96.44,97.48,95.145,95.34,1180907.0
1499212800,95.79,97.82,95.79,97.53,2346245.0
1499299200,97.14,99.04,96.61,97.79,2241850.0
1499385600,98.19,100.42,98.06,99.7,1556335.0
1499644800,99.93,100.3,98.42,100.05,1295889.0
1499731200,100.05,101.07,99.69,100.73,1375246.0
1499817600,101.45,102.29,101.14,101.73,1605743.0
1499904000,102.0,103.18,101.48,102.75,1682371.0
1499990400,103.42,104.03,103.17,103.99,1352015.0
1500249600,104.02,104.42,103.18,103.3,1693941.0
1500336000,103.05,103.87,101.87,103.83,1281644.0
1500422400,104.5,105.4975,104.06,105.41,1810622.0
1500508800,106.18,108.21,105.5,107.64,4144552.0
1500595200,106.73,107.98,105.23,107.47,3844869.0
1500854400,107.65,107.73,105.37,105.86,3085999.0
1500940800,106.39,106.74,104.71,106.39,1700099.0
1501027200,107.0,107.94,106.3,107.33,1319676.0
1501113600,107.61,108.555,105.55,107.0,3054552.0
1501200000,106.64,107.15,105.42,105.76,1604629.0
1501459200,106.37,106.51,104.39,104.87,1249299.0
1501545600,105.11,105.38,103.5,104.28,2064363.0
1501632000,106.82,106.98,103.35,104.43,2025188.0
1501718400,104.43,104.53,101.29,101.79,2148488.0
1501804800,101.67,103.65,101.0,102.55,1713466.0
1502064000,102.29,104.7,102.29,104.5,1257224.0
1502150400,104.5,105.98,104.25,104.73,1319283.0
1502236800,103.7,105.07,103.5101,104.74,1012568.0
1502323200,103.6,103.99,101.49,101.6,1650760.0
1502409600,101.71,103.59,101.45,103.18,1051178.0
1502668800,104.04,105.66,103.81,105.47,1252734.0
1502755200,105.73,106.11,104.83,105.8,2056685.0
1502841600,106.1,106.1,105.09,105.93,1018651.0
1502928000,105.48,105.56,102.11,102.21,1617325.0
1503014400,102.57,102.93,101.17,102.21,1139401.0
1503273600,102.58,102.62,100.06,101.01,1365581.0
1503360000,101.64,103.38,101.39,103.01,981179.0
1503446400,102.53,103.03,102.21,102.71,861104.0
1503532800,102.93,103.31,101.94,102.5,1131686.0
1503619200,102.74,103.1268,101.5501,101.98,1105720.0
1503878400,102.09,102.29,99.771,100.7,1952162.0
1503964800,99.98,101.97,99.11,101.52,1137735.0
1504051200,101.8,104.08,101.24,103.94,1602888.0
1504137600,104.01,105.6,103.67,105.36,1412895.0
1504224000,105.56,106.38,105.43,105.57,1106422.0
1504569600,106.92,108.94,105.33,106.93,2198692.0
1504656000,107.63,107.99,105.8,106.17,1469107.0
1504742400,106.43,107.3,105.94,106.43,1394727.0
1504828800,106.05,106.35,104.31,104.64,969549.0
1505088000,105.7,107.4325,105.25,107.19,1268599.0
1505174400,107.6,107.7499,106.6501,106.87,1029304.0
1505260800,106.45,106.86,105.58,106.8,899307.0
1505347200,105.78,108.11,105.77,107.08,1635944.0
1505433600,107.06,109.7252,106.71,109.55,2366271.0
1505692800,109.8,110.6068,107.375,107.49,2274571.0
1505779200,107.89,108.6639,107.22,107.93,1091674.0
1505865600,108.24,108.28,101.76,103.51,3559422.0
1505952000,103.28,103.85,101.23,102.13,2126681.0
1506038400,101.71,103.52,101.5001,103.08,1377378.0
1506297600,102.17,102.17,98.7,99.59,2491273.0
1506384000,100.36,100.75,98.97,99.35,2120500.0
1506470400,100.49,101.97,99.88,101.6,1538207.0
1506556800,101.31,101.94,100.52,101.24,1297622.0
1506643200,101.34,102.0,100.82,101.9,1212294.0
1506902400,102.16,102.86,101.25,102.28,1257110.0
1506988800,102.28,103.05,101.7,102.61,796400.0
1507075200,102.2,103.38,101.8,103.32,1363005.0
1507161600,103.77,104.2,102.96,103.84,1117646.0
1507248000,103.37,105.07,103.18,104.96,1453941.0
1507507200,105.17,105.245,104.43,104.74,1026379.0
1507593600,105.0,105.15,103.33,104.35,1031284.0
1507680000,104.06,105.68,104.06,105.47,1152289.0
1507766400,105.23,106.035,104.92,105.04,1103417.0
1507852800,105.53,107.13,105.15,106.66,1253015.0
1508112000,107.16,107.295,106.11,106.98,1099204.0
1508198400,106.58,107.45,106.15,107.35,997495.0
1508284800,107.56,107.82,105.72,107.34,1043951.0
1508371200,105.4,105.445,101.67,103.32,3140260.0
1508457600,104.47,105.31,103.85,105.15,1821575.0
1508716800,105.66,106.1,104.47,104.77,1505508.0
1508803200,104.73,106.04,104.25,105.21,1545472.0
1508889600,104.91,105.99,103.38,104.57,1350161.0
1508976000,104.99,105.74,104.75,105.52,1020924.0
1509062400,106.29,108.37,105.75,107.91,2283576.0
1509321600,108.4,112.3,108.13,112.0,2815215.0
1509408000,112.4,114.8,111.4367,113.86,2809273.0
1509494400,114.52,114.5999,110.5884,111.32,2614820.0
1509580800,111.21,111.9,108.6,111.76,2401382.0
1509667200,113.64,114.44,111.15,113.19,2758692.0
1509926400,115.24,117.65,114.3,116.33,6242587.0
1510012800,109.87,113.24,107.75,111.19,8180259.0
1510099200,111.33,113.25,110.87,113.15,2773578.0
1510185600,111.71,112.6,109.53,111.12,2162965.0
1510272000,110.69,111.48,109.95,110.41,1921682.0
1510531200,109.29,110.9,108.57,110.3,1203195.0
1510617600,109.92,111.739,109.74,111.21,1454038.0
1510704000,110.57,110.57,107.14,108.89,2097552.0
1510790400,109.86,110.67,109.54,110.06,1459880.0
1510876800,110.35,110.62,108.89,110.0,1378433.0
1511136000,109.63,110.54,109.4,109.79,1163547.0
1511222400,110.28,111.08,109.81,110.25,1638222.0
1511308800,110.19,110.25,108.48,108.54,1537373.0
1511481600,108.67,109.85,108.42,109.75,617129.0
1511740800,109.2,109.21,107.14,107.22,1726607.0
1511827200,107.43,107.88,106.2325,107.55,2073350.0
1511913600,107.2,107.422,103.3813,105.33,2878750.0
1512000000,105.47,106.27,104.2819,104.74,2817898.0
1512086400,103.7,103.99,99.72,102.23,3225049.0
1512345600,102.95,102.9883,98.23,98.26,3761180.0
1512432000,97.71,99.58,95.36,97.6,2932845.0
1512518400,95.15,97.12,93.05,96.47,5396996.0
1512604800,98.15,98.3,95.13,96.68,3576633.0
1512691200,97.94,98.3,95.79,96.28,2493811.0
1512950400,96.16,97.02,95.88,96.98,1937212.0
1513036800,96.24,97.22,95.01,96.47,2639674.0
1513123200,97.07,97.5,95.59,95.86,1977730.0
1513209600,95.51,96.0,93.6,94.09,3554298.0
1513296000,94.51,95.49,93.58,94.63,3952724.0
1513555200,95.0,96.24,94.63,95.84,2593478.0
1513641600,95.83,96.5234,95.3,95.68,1837325.0
1513728000,96.46,97.93,95.88,97.43,2096546.0
1513814400,98.0,98.95,97.32,97.49,1960699.0
1513900800,97.64,97.97,96.8,97.07,1511210.0
1514246400,94.19,97.07,93.6,95.2,2378577.0
1514332800,95.27,96.51,95.13,95.82,1420540.0
1514419200,96.45,96.72,95.97,96.54,954427.0
1514505600,96.49,96.71,94.93,94.95,1551630.0
1514851200,96.0,98.5,95.12,98.43,2488212.0
1514937600,98.73,100.49,98.54,99.93,2359389.0
1515024000,100.61,100.96,99.1,100.77,1866762.0
1515110400,101.12,102.08,100.15,101.23,1779449.0
1515369600,100.85,101.755,100.09,101.25,1689298.0
1515456000,101.54,101.8046,100.39,100.68,1694449.0
1515542400,100.09,100.48,97.57,98.6,2316014.0
1515628800,98.83,100.43,98.1,99.92,1595035.0
1515715200,100.2,101.62,99.77,101.21,1751342.0
1516060800,102.2,103.11,99.31,99.86,2515853.0
1516147200,100.78,102.51,100.28,102.19,2119156.0
1516233600,102.23,103.71,101.54,102.29,1974912.0
1516320000,102.47,102.47,98.05,99.2,3317647.0
1516579200,99.05,99.14,96.97,98.72,2345172.0
1516665600,98.395,100.73,98.131,99.37,3096580.0
1516752000,99.13,100.15,96.84,97.13,3342335.0
1516838400,98.1,98.32,95.02,95.05,2945084.0
1516924800,95.66,97.41,95.14,97.35,2698350.0
1517184000,96.68,97.57,96.08,97.1,2896031.0
1517270400,96.01,99.96,95.51,97.21,3111141.0
1517356800,98.75,99.1,96.26,97.21,3235553.0
1517443200,98.54,103.91,98.5,103.15,5172360.0
1517529600,102.28,102.49,98.93,98.96,3767699.0
1517788800,97.95,99.72,94.331,94.68,5451830.0
1517875200,101.05,106.74,100.75,104.56,8628644.0
1517961600,103.5,104.39,101.35,101.35,3704691.0
1518048000,101.51,103.31,99.03,99.04,3388617.0
1518134400,100.06,103.33,98.61,102.64,3294917.0
1518393600,103.11,105.0,102.48,104.1,3045373.0
1518480000,103.33,104.2,102.67,103.58,1955125.0
1518566400,102.82,105.1,102.79,104.65,2601431.0
1518652800,104.98,104.98,102.28,104.365,2567311.0
1518739200,103.63,105.17,103.6,104.11,2089566.0
1519084800,104.42,107.79,103.7201,106.41,2588699.0
1519171200,106.6,107.399,105.73,106.0,1611111.0
1519257600,106.6,107.5,105.97,107.26,2342731.0
1519344000,108.0,108.35,107.01,108.23,1598819.0
1519603200,108.55,110.45,108.265,110.39,1870864.0
1519689600,110.01,112.28,110.01,110.3,1982152.0
1519776000,110.62,111.18,108.94,109.25,2009014.0
1519862400,109.55,109.62,106.29,106.59,2200039.0
1519948800,105.72,109.72,105.6,109.14,1878036.0
1520208000,109.22,111.56,108.3,111.48,2488912.0
1520294400,112.0,112.1,110.27,111.85,1928510.0
1520380800,110.9,112.33,110.64,111.54,1336010.0
1520467200,111.95,111.95,110.16,111.44,1338501.0
1520553600,112.22,114.05,111.88,113.56,1934663.0
1520812800,114.52,115.98,113.81,115.16,2753700.0
1520899200,115.4,115.8,111.3792,112.0,2655152.0
1520985600,112.2,112.2,110.41,111.94,1680077.0
1521072000,111.86,112.16,110.5,111.29,1230938.0
1521158400,111.45,111.91,110.45,110.63,2158314.0
1521417600,110.33,110.98,107.5,109.33,1917961.0
1521504000,109.16,109.33,107.69,109.07,1428571.0
1521590400,109.0,110.32,107.73,108.47,1618513.0
1521676800,106.87,108.575,105.18,105.24,1702982.0
1521763200,105.32,105.55,101.37,101.41,2469168.0
1522022400,104.03,105.0,102.35,104.93,2070946.0
1522108800,105.5,105.54,100.85,101.52,1492102.0
1522195200,100.85,102.69,98.39,98.87,2038136.0
1522281600,99.72,101.24,98.85,100.26,2209278.0
1522627200,99.88,99.88,95.6873,96.53,1965176.0
1522713600,97.02,98.14,95.95,97.63,2106813.0
1522800000,95.62,99.88,95.59,99.63,2267611.0
1522886400,99.9,100.84,98.0863,98.8,1194034.0
1522972800,97.66,98.565,95.22,95.56,1778327.0
1523232000,96.53,98.75,95.97,96.02,1535324.0
1523318400,98.13,98.75,96.53,98.01,1465362.0
1523404800,97.55,98.95,97.103,98.37,1205997.0
1523491200,98.83,100.19,98.51,99.91,1779547.0
1523577600,100.63,100.98,98.15,98.47,1236111.0
1523836800,98.86,99.5,97.27,97.73,1837601.0
1523923200,98.34,99.86,97.88,99.45,1338378.0
1524009600,99.21,99.73,97.92,98.96,1330583.0
1524096000,97.22,97.2399,93.73,93.88,3228657.0
1524182400,93.37,93.7,90.38,91.18,5078565.0
1524441600,91.5,91.78,88.47,88.64,2737307.0
1524528000,88.47,89.66,86.86,87.77,2627789.0
1524614400,87.8997,88.74,86.31,87.81,2541576.0
1524700800,88.9,89.65,87.92,88.4,2242670.0
1524787200,88.77,89.03,86.94,87.08,1415334.0
1525046400,87.08,88.46,86.13,86.76,2255357.0
1525132800,86.79,91.03,86.75,90.9,3833838.0
1525219200,93.1,93.75,90.66,91.36,2894138.0
1525305600,90.5,92.98,89.53,92.25,3350721.0
1525392000,89.83,96.28,88.0,96.2,4731717.0
1525651200,96.27,96.4475,92.47,95.34,3618153.0
1525737600,95.42,96.79,95.3,96.62,2331439.0
1525824000,96.71,96.98,94.4955,95.55,2291120.0
1525910400,95.91,97.17,95.8,97.07,1925352.0
1525996800,96.88,97.73,96.57,97.01,1853477.0
1526256000,98.1,100.2,97.65,99.02,1678866.0
1526342400,98.31,98.328,97.13,97.89,2560202.0
1526428800,98.42,98.88,97.93,98.84,1466988.0
1526515200,98.42,100.1,98.3,99.71,1743618.0
1526601600,98.31,99.1799,97.85,98.49,2068773.0
1526860800,99.65,100.37,98.2,98.85,2017385.0
1526947200,99.41,101.29,99.1633,100.04,1549747.0
1527033600,99.34,100.08,98.84,100.06,1519242.0
1527120000,100.18,100.48,99.08,99.58,1816894.0
1527206400,99.54,100.71,99.54,100.37,1208251.0
1527552000,99.67,100.7,98.59,99.44,1833904.0
1527638400,100.01,100.55,98.7,99.78,1558017.0
1527724800,99.38,99.65,98.54,98.61,2291972.0
1527811200,99.28,101.0,98.6,100.97,1343439.0
1528070400,100.72,100.96,99.5,100.35,1865626.0
1528156800,100.73,101.26,99.07,99.51,2105624.0
1528243200,99.79,100.38,98.82,100.31,1797196.0
1528329600,100.47,104.1998,100.21,102.49,2594698.0
1528416000,99.07,100.35,98.18,99.81,3094180.0
1528675200,99.81,100.255,99.11,99.66,1239102.0
1528761600,99.99,101.13,99.3,100.88,1560394.0
1528848000,101.1,101.63,100.311,100.44,1731078.0
1528934400,100.82,102.28,100.535,101.97,1322190.0
1529020800,101.86,102.78,100.3852,102.7,2158069.0
1529280000,102.15,102.31,100.3604,101.1,1952069.0
1529366400,99.19,100.6,98.42,99.44,1847629.0
1529452800,100.23,100.86,99.93,100.03,1422147.0
1529539200,100.35,100.57,98.79,98.86,1074722.0
1529625600,99.76,100.03,98.07,98.55,2301941.0
1529884800,97.96,98.15,95.811,97.38,1965560.0
1529971200,97.49,98.86,96.87,97.8,1732057.0
1530057600,98.29,98.9197,95.94,96.01,1462298.0
1530144000,95.99,97.04,95.33,96.56,1283502.0
1530230400,96.84,97.81,96.59,96.65,1616207.0
1530489600,95.46,97.195,95.05,97.06,2029064.0
1530576000,97.2,97.86,95.3,95.46,1060643.0
1530748800,96.5,99.75,96.5,99.66,2248518.0
1530835200,99.42,100.45,98.59,100.13,1438382.0
1531094400,100.51,100.64,99.27,100.43,994446.0
1531180800,100.46,102.1,100.135,101.64,1217469.0
1531267200,100.38,101.02,98.39,98.55,1252425.0
1531353600,99.65,100.26,97.89,99.82,1762319.0
1531440000,99.65,100.23,99.02,99.6,1118355.0
1531699200,99.9,100.62,99.11,99.76,1476336.0
1531785600,98.94,101.73,98.93,101.69,1942254.0
1531872000,101.97,102.9,101.35,102.03,2163149.0
1531958400,101.97,102.89,100.72,102.48,2113804.0
1532044800,103.25,103.95,96.5,96.99,7019553.0
1532304000,96.66,96.93,93.81,96.44,3257640.0
1532390400,97.32,97.399,94.3,94.47,2330448.0
1532476800,94.24,95.21,92.72,94.82,2559324.0
1532563200,94.78,95.57,94.0,95.47,1829776.0
1532649600,96.0,96.6,94.6941,95.2,1704299.0
1532908800,95.16,95.41,93.9152,94.43,1199516.0
1532995200,95.09,95.71,94.035,94.58,1176356.0
1533081600,95.36,95.8983,94.315,94.64,1458986.0
1533168000,93.65,95.8111,92.8999,95.62,1219931.0
1533254400,95.66,95.92,94.96,95.61,1278900.0
1533513600,94.05,95.14,93.0,95.09,1742465.0
1533600000,95.42,96.11,95.04,96.07,1346043.0
1533686400,96.06,96.25,95.39,95.42,1061980.0
1533772800,95.19,95.22,94.16,94.33,1731735.0
1533859200,93.47,93.74,92.24,93.09,2565583.0
1534118400,93.58,94.3,93.07,93.81,1616165.0
1534204800,94.03,94.25,92.62,92.72,1437586.0
1534291200,91.93,92.12,90.58,91.61,1698779.0
1534377600,92.3,92.49,91.06,91.41,1400646.0
1534464000,90.66,92.03,89.1,91.85,1754950.0
1534723200,91.91,91.9661,90.58,90.98,1102779.0
1534809600,91.16,92.91,91.1434,92.69,1358134.0
1534896000,92.28,92.885,91.51,92.73,914020.0
1534982400,92.52,93.47,92.16,92.31,904443.0
1535068800,93.01,93.285,92.34,92.99,1416842.0
1535328000,93.21,94.38,92.82,93.62,1381152.0
1535414400,93.94,94.32,92.84,93.58,1156971.0
1535500800,93.77,93.77,92.795,93.02,1399378.0
1535587200,92.88,93.1,91.49,91.49,1694152.0
1535673600,91.35,91.93,90.98,91.3,1749610.0
1536019200,91.12,91.6104,89.6872,90.0,2133000.0
1536105600,89.8,89.96,88.901,89.75,2438234.0
1536192000,89.79,90.93,88.445,88.66,2226142.0
1536278400,88.51,89.27,87.325,87.48,2530998.0
1536537600,87.55,88.0,86.66,87.16,2382789.0
1536624000,86.65,86.96,84.7,85.83,2892980.0
1536710400,85.09,85.31,83.05,84.37,2418728.0
1536796800,85.0,87.6,84.87,87.21,2907132.0
1536883200,87.54,89.23,87.13,87.73,2135091.0
1537142400,87.09,88.06,86.08,86.22,1913789.0
1537228800,86.26,87.19,86.26,86.81,1547752.0
1537315200,87.79,89.21,86.9,88.86,2304224.0
1537401600,89.6,92.11,89.45,91.61,3401129.0
1537488000,91.36,92.535,90.77,92.17,3894055.0
1537747200,91.74,93.62,90.7,93.18,1780217.0
1537833600,93.04,93.3,91.25,91.73,2022885.0
1537920000,90.75,91.41,89.8,90.04,1779008.0
1538006400,90.28,90.73,89.6205,89.94,1051632.0
1538092800,89.7,90.82,88.91,90.71,1108383.0
1538352000,91.28,92.155,90.8,91.45,1182972.0
1538438400,91.26,93.02,91.26,91.88,1076493.0
1538524800,92.32,93.07,91.03,92.45,1611019.0
1538611200,92.0,92.01,90.09,91.05,1296756.0
1538697600,90.65,90.8705,86.61,87.55,2129428.0
1538956800,87.24,87.94,86.36,87.57,1137530.0
1539043200,87.7,88.7,87.3,88.52,1084629.0
1539129600,87.29,87.35,84.79,84.8,2699466.0
1539216000,84.67,87.11,84.43,85.26,2011484.0
1539302400,87.24,87.73,85.91,87.21,1742391.0
1539561600,86.75,88.07,86.25,87.05,1756437.0
1539648000,87.78,88.97,87.46,88.7,1886440.0
1539734400,89.06,89.27,87.4,88.38,1256307.0
1539820800,87.82,88.0,85.8755,86.23,1444515.0
1539907200,86.58,87.47,84.7708,85.16,1481577.0
1540166400,85.75,86.5,84.535,85.2,1468399.0
1540252800,82.94,84.89,80.56,84.32,2338881.0
1540339200,83.42,83.42,79.27,79.39,2170493.0
1540425600,80.66,82.43,80.02,81.86,1695296.0
1540512000,79.82,82.17,79.465,81.08,1561760.0
1540771200,82.35,83.6,80.58,81.85,1675672.0
1540857600,82.12,84.86,81.9,84.66,1985118.0
1540944000,85.83,87.43,84.44,86.76,2362164.0
1541030400,87.23,90.41,87.0,89.49,1853286.0
1541116800,87.43,87.98,84.32,85.27,2669977.0
1541376000,84.26,84.34,81.2,83.0,2538655.0
1541462400,82.75,84.12,82.33,82.64,2188839.0
1541548800,83.4,83.57,81.68,82.65,3129512.0
1541635200,82.21,84.31,81.4356,83.4,2667830.0
1541721600,77.43,79.89,75.15,76.66,8461471.0
1541980800,73.93,75.8,72.63,72.84,5125280.0
1542067200,73.49,74.65,71.6305,72.08,3314782.0
1542153600,73.0,73.383,70.72,71.28,3501690.0
1542240000,71.1,73.38,70.89,73.14,3954382.0
1542326400,72.3,73.58,72.09,72.95,2481883.0
1542585600,72.17,72.71,70.57,70.76,2516193.0
1542672000,68.8,70.08,68.5826,69.41,3886976.0
1542758400,70.33,70.96,69.54,70.32,2392362.0
1542931200,69.57,71.225,69.52,70.6,964351.0
1543190400,71.37,71.91,70.0,70.95,2504391.0
1543276800,70.25,71.6,69.825,70.67,2621408.0
1543363200,71.66,72.22,70.061,72.18,2303403.0
1543449600,71.69,72.75,71.14,71.23,2238378.0
1543536000,71.38,72.9,70.465,72.77,2884230.0
1543795200,74.93,74.95,73.23,73.46,2538063.0
1543881600,72.81,73.42,70.69,70.76,2712493.0
1544054400,69.11,70.69,69.02,70.61,2642549.0
1544140800,70.32,70.79,67.38,67.57,2293828.0
1544400000,66.2,67.75,65.81,67.44,2612110.0
1544486400,68.77,70.015,68.02,68.52,2482622.0
1544572800,69.55,70.465,68.7,69.31,2654318.0
1544659200,69.91,70.43,69.28,69.62,1652153.0
1544745600,68.76,70.0,68.39,68.69,1666432.0
1545004800,68.5,70.395,68.05,68.43,1792155.0
1545091200,68.92,70.53,68.5701,68.76,1664035.0
1545177600,68.37,69.33,65.7601,66.36,1968862.0
1545264000,66.0,67.41,64.47,65.64,2206455.0
1545350400,66.3,67.5,63.91,64.49,4037373.0
1545609600,63.82,65.51,62.71,62.78,1305645.0
1545782400,63.49,66.8,62.74,66.71,1800260.0
1545868800,65.49,67.78,65.39,67.72,1475365.0
1545955200,67.87,68.405,66.81,67.22,1640594.0
1546214400,67.8,68.06,66.38,67.02,1311221.0
1546387200,65.86,68.95,65.75,67.96,1850863.0
1546473600,64.8,65.26,60.115,60.72,4702116.0
1546560000,61.16,64.65,61.16,63.63,4067842.0
1546819200,63.05,65.65,62.91,64.49,2134587.0
1546905600,64.95,65.5,63.76,65.19,2213895.0
1546992000,65.91,68.5,65.8,67.69,3456105.0
1547078400,67.5,69.4,67.3,68.59,2272174.0
1547164800,68.31,70.9212,68.01,70.02,2484170.0
1547424000,69.66,69.66,68.3,68.35,1628731.0
1547510400,68.66,69.11,68.13,68.45,1162933.0
1547596800,68.45,69.81,68.3338,68.8,1593093.0
1547683200,68.28,69.71,67.12,69.03,1559134.0
1547769600,69.3,70.66,68.8,70.07,2464450.0
1548115200,69.72,69.82,68.43,68.9,2091025.0
1548201600,69.13,69.47,67.59,68.27,1482274.0
1548288000,69.16,70.8,68.5,70.03,1659639.0
1548374400,71.39,73.09,70.68,72.47,2026265.0
1548633600,71.26,72.95,70.69,72.69,1745218.0
1548720000,72.49,72.79,71.29,71.54,1585551.0
1548806400,72.96,74.08,71.981,73.92,1948973.0
1548892800,73.65,73.9,72.62,73.04,1753051.0
1548979200,73.32,74.4497,73.2,73.96,1834868.0
1549238400,74.1,74.9,73.0,74.87,1740727.0
1549324800,75.26,76.15,74.9,75.96,2798430.0
1549411200,81.93,87.48,81.75,84.69,8926023.0
1549497600,85.05,85.15,81.43,81.56,3581225.0
1549584000,80.47,81.76,79.88,81.71,2828306.0
1549843200,81.83,82.25,80.61,81.84,1896079.0
1549929600,82.66,84.14,82.45,83.58,2022256.0
1550016000,83.91,84.13,82.89,82.98,1557168.0
1550102400,82.8,83.99,82.39,83.64,2371581.0
1550188800,84.38,84.47,83.15,83.38,1185407.0
1550534400,83.11,83.35,82.53,82.62,1409742.0
1550620800,83.19,83.57,82.17,82.33,2341306.0
1550707200,82.26,82.93,81.06,81.76,1818287.0
1550793600,82.46,82.78,81.86,82.42,2320234.0
1551052800,83.51,84.06,82.29,82.39,1976180.0
1551139200,82.3,82.93,82.0,82.02,1118197.0
1551225600,81.6,81.68,79.74,81.24,1468563.0
1551312000,80.81,82.08,80.67,81.66,1577902.0
1551398400,82.3,82.76,80.91,81.98,1391374.0
1551657600,82.79,82.98,81.26,82.22,1554778.0
1551744000,82.0,82.702,81.36,81.88,1529458.0
1551830400,81.94,82.4405,80.96,80.99,1249051.0
1551916800,80.72,80.95,79.15,79.5,1502042.0
1552003200,78.39,80.37,78.04,80.13,1113113.0
1552262400,80.59,82.1456,80.5713,81.48,1134119.0
1552348800,81.74,82.77,81.19,82.26,1296378.0
1552435200,82.81,82.9,81.61,81.77,1766144.0
1552521600,81.88,82.85,81.01,81.43,1993313.0
1552608000,82.16,85.38,82.05,83.76,4004149.0
1552867200,83.87,84.09,81.99,82.59,1579046.0
1552953600,83.21,84.605,83.1025,83.42,1562562.0
1553040000,83.38,83.5,81.2,81.75,1953028.0
1553126400,82.12,86.89,82.05,86.07,2500867.0
1553212800,85.63,85.84,82.42,82.59,2198518.0
1553472000,82.27,82.75,80.13,81.45,1814446.0
1553558400,82.1,82.78,81.37,82.12,1086853.0
1553644800,82.12,82.6,79.89,80.59,1273471.0
1553731200,80.76,81.63,79.96,80.54,945655.0
1553817600,81.44,82.77,80.99,82.48,1589763.0
1554076800,83.34,84.4,83.25,83.86,1278399.0
1554163200,83.94,84.54,83.75,84.16,697872.0
1554249600,85.12,86.72,84.77,85.36,1887713.0
1554336000,85.17,86.54,85.05,85.51,1312675.0
1554422400,85.74,86.97,85.7322,86.8,1081264.0
1554681600,86.6,87.81,86.04,87.65,1356566.0
1554768000,87.16,87.3904,86.47,87.07,1096502.0
1554854400,87.05,88.23,86.51,88.05,1009617.0
1554940800,88.23,89.71,87.71,88.24,1327697.0
1555027200,89.05,90.69,88.67,90.68,1532223.0
1555286400,90.87,91.0,89.34,90.28,1193274.0
1555372800,91.0,93.59,90.6599,93.56,2110648.0
1555459200,93.35,94.39,90.38,91.18,3059123.0
1555545600,91.6,91.855,89.775,90.0,1531406.0
1555891200,89.5,89.68,88.15,88.27,1156374.0
1555977600,88.27,89.54,87.91,89.24,1604258.0
1556064000,89.23,90.64,89.23,89.9,1082457.0
1556150400,89.61,89.725,87.15,88.53,1123746.0
1556236800,87.37,87.67,85.5,87.02,2227872.0
1556496000,86.69,87.74,86.57,86.8,1626631.0
1556582400,87.02,88.28,86.52,88.18,1685827.0
1556668800,90.19,91.2,88.46,88.48,2105857.0
1556755200,88.52,91.34,88.38,90.79,3491883.0
1556841600,88.61,89.95,84.04,87.6,5988609.0
1557100800,84.04,86.79,83.76,86.52,2326546.0
1557187200,85.09,85.5,82.64,83.55,2615855.0
1557273600,83.45,85.16,82.99,84.06,1819781.0
1557360000,83.0,83.98,81.56,83.64,1720110.0
1557446400,83.13,83.63,80.6,82.56,1774545.0
1557705600,80.0,80.39,76.07,76.63,2955133.0
1557792000,77.95,78.57,77.42,78.11,1936608.0
1557878400,77.43,79.39,77.1744,78.75,1557454.0
1557964800,76.25,76.94,73.11,73.99,4312578.0
1558051200,72.12,73.16,69.91,70.41,4254075.0
1558310400,67.73,69.87,67.11,68.01,4397058.0
1558396800,70.01,71.44,68.8,69.74,3605829.0
1558483200,68.91,69.56,68.3,68.54,1752543.0
1558569600,67.28,68.56,66.35,68.46,2544734.0
1558656000,69.17,70.95,68.89,69.53,3535731.0
1559001600,69.95,70.355,67.94,68.01,2204614.0
1559088000,67.54,68.7197,67.13,68.54,1771725.0
1559174400,68.51,70.13,67.79,68.27,1722663.0
1559260800,67.23,68.27,66.61,66.63,1615750.0
1559520000,67.26,68.07,66.29,66.92,1398665.0
1559606400,67.97,69.47,67.53,69.4,1787324.0
1559692800,69.5,70.69,66.57,67.96,2417041.0
1559779200,68.05,69.77,67.79,69.43,2565214.0
1559865600,69.33,70.38,68.68,70.15,2070656.0
1560124800,70.89,73.4695,70.75,73.1,2753592.0
1560211200,74.21,74.73,73.37,73.97,2894460.0
1560297600,73.36,73.458,72.34,72.66,1392528.0
1560384000,72.97,73.74,72.68,73.35,1265378.0
1560470400,71.58,72.2711,70.31,71.8,2035841.0
1560729600,71.65,72.59,70.94,72.44,1968253.0
1560816000,73.18,76.42,72.79,75.72,2804177.0
1560902400,75.95,76.38,74.8,75.53,1539177.0
1560988800,77.22,77.51,75.12,75.84,1687601.0
1561075200,75.5,75.79,74.7411,75.22,3211018.0
1561334400,75.16,76.3898,75.0,75.91,1368738.0
1561420800,75.96,76.16,74.24,74.32,1664463.0
1561507200,76.14,77.16,75.73,75.84,1787879.0
1561593600,76.58,77.84,76.3612,76.95,1473180.0
1561680000,77.49,77.87,77.035,77.27,3397780.0
1561939200,83.26,84.5,80.96,81.91,3950246.0
1562025600,81.61,81.77,80.19,80.84,1650497.0
1562112000,81.41,81.67,79.54,80.69,1013963.0
1562284800,79.95,80.7,79.79,80.33,810512.0
1562544000,79.44,80.055,78.9,79.35,1269779.0
1562630400,78.68,79.84,78.16,79.76,1254796.0
1562716800,80.7,81.38,79.85,79.91,1197824.0
1562803200,80.13,80.35,78.555,79.18,1211043.0
1562889600,79.34,81.04,79.34,81.01,1178768.0
1563148800,81.4,82.34,81.2,82.04,1204993.0
1563235200,82.0,82.08,80.93,81.31,1612864.0
1563321600,81.99,81.99,80.09,80.17,1615170.0
1563408000,80.65,81.7767,79.88,81.42,2062353.0
1563494400,81.85,81.85,81.03,81.32,1817078.0
1563753600,81.78,83.41,81.73,83.27,1893555.0
1563840000,83.92,84.83,83.47,84.54,2090091.0
1563926400,85.0,86.97,84.81,86.35,2599339.0
1564012800,86.02,86.17,85.11,85.66,1707601.0
1564099200,86.13,86.36,85.47,85.98,974077.0
1564358400,85.98,87.1499,85.38,86.8,1246758.0
1564444800,86.08,87.83,85.84,87.75,1421246.0
1564531200,88.77,88.77,84.5,85.28,1600400.0
1564617600,85.0,87.7,81.4645,82.77,3260424.0
1564704000,81.91,82.0,78.79,79.33,3396835.0
1564963200,76.86,77.63,75.15,75.82,3257640.0
1565049600,76.81,77.86,76.395,77.66,2434589.0
1565136000,76.67,79.99,76.58,79.9,3364040.0
1565222400,76.74,80.4,75.72,80.27,4937473.0
1565308800,79.4,79.6,76.36,77.52,2843780.0
1565568000,77.04,77.48,75.88,76.28,1868530.0
1565654400,75.94,79.73,75.5412,78.44,2069954.0
1565740800,76.51,77.685,75.7248,75.99,1914510.0
1565827200,76.33,76.47,75.31,75.55,1457305.0
1565913600,76.45,77.02,76.0,76.66,1571008.0
1566172800,78.25,78.65,76.9,77.09,1261150.0
1566259200,76.49,77.34,76.1,76.74,1397159.0
1566345600,78.06,78.19,76.975,77.58,1314089.0
1566432000,77.79,78.0,76.5,76.92,1088411.0
1566518400,76.16,76.545,73.32,73.55,2466369.0
1566777600,74.39,74.49,73.505,73.75,1289448.0
1566864000,74.23,74.68,72.8,72.87,1405709.0
1566950400,72.33,73.56,71.51,73.37,1240704.0
1567036800,74.51,75.53,74.03,74.95,1227777.0
1567123200,75.48,75.63,74.31,75.27,1243594.0
1567468800,74.86,75.24,73.625,74.17,1378527.0
1567555200,75.45,76.28,75.33,76.02,1127945.0
1567641600,77.58,79.34,77.56,79.33,2298592.0
1567728000,79.28,80.14,79.0,79.87,1548321.0
1567987200,80.18,80.8293,79.08,79.72,1343056.0
1568073600,79.5,80.3,78.59,80.3,1344193.0
1568160000,81.0,83.5949,80.65,83.51,2366631.0
1568246400,83.87,84.3476,81.74,82.33,2024629.0
1568332800,82.15,83.11,82.07,82.14,1676671.0
1568592000,81.78,82.54,80.61,81.98,1341989.0
1568678400,81.16,81.6099,79.62,80.95,1705799.0
1568764800,80.82,80.82,78.87,80.24,1415173.0
1568851200,80.3,81.48,79.23,79.27,1571069.0
1568937600,79.85,80.96,79.32,79.75,2073584.0
1569196800,79.68,80.97,79.4,79.84,1008657.0
1569283200,80.09,80.74,78.96,79.72,1608944.0
1569369600,79.23,81.02,78.81,80.99,1282709.0
1569456000,79.7,80.73,79.39,80.36,2307898.0
1569542400,80.09,80.74,77.2,77.47,2876556.0
1569801600,78.19,79.335,77.88,79.25,1944829.0
1569888000,79.81,81.005,77.35,77.41,1977729.0
1569974400,76.73,76.9833,75.03,75.43,2146602.0
1570060800,75.75,77.44,74.42,77.27,1498947.0
1570147200,79.0,80.7,78.8,80.645,1836363.0
1570406400,80.56,81.71,80.24,80.88,1519787.0
1570492800,80.21,80.6,78.93,79.0,1829310.0
1570579200,80.1,81.13,79.58,80.71,1318190.0
1570665600,83.11,85.49,83.05,84.89,2913729.0
1570752000,86.05,86.47,83.61,85.4,2576019.0
1571011200,85.1,85.32,84.6,84.98,1352562.0
1571097600,85.6,87.08,84.94,86.64,1633666.0
1571184000,86.47,86.62,85.23,85.66,1374963.0
1571270400,86.5,87.64,85.88,87.55,2010849.0
1571356800,87.29,88.27,86.74,87.77,2049527.0
1571616000,88.21,90.01,88.2,89.89,1721074.0
1571702400,89.65,89.84,88.94,88.96,1222081.0
1571788800,87.63,89.66,87.31,89.29,1359779.0
1571875200,90.3,90.9,89.07,89.69,1595494.0
1571961600,90.01,90.59,89.69,90.06,1296319.0
1572220800,90.98,91.94,90.8,91.66,1369256.0
1572307200,91.5,91.62,90.5,91.21,1212595.0
1572393600,91.52,91.52,89.95,90.97,1068384.0
1572480000,90.59,91.06,89.29,91.06,1694596.0
1572566400,94.65,98.57,94.59,98.3,3874147.0
1572825600,99.14,99.27,98.23,98.48,1903279.0
1572912000,98.75,99.95,98.58,98.72,1906789.0
1572998400,98.12,98.5599,97.2,98.13,1486690.0
1573084800,99.2,99.51,97.93,98.64,1484702.0
1573171200,98.6,100.81,98.48,100.44,1736479.0
1573430400,100.05,100.56,99.25,100.38,1519571.0
1573516800,101.93,102.87,100.43,101.59,4361634.0
1573603200,95.6,101.99,95.55,101.14,7344547.0
1573689600,100.0,100.42,98.37,98.75,2593475.0
1573776000,99.68,100.1,98.54,99.42,2687771.0
1574035200,98.9,99.21,97.17,97.45,2671306.0
1574121600,98.08,98.1,95.3,96.61,2529436.0
1574208000,95.63,97.65,95.6,96.04,2156872.0
1574294400,96.4,97.0,95.58,96.41,1478517.0
1574380800,96.9,97.87,96.39,97.84,1767997.0
1574640000,98.5,101.12,98.14,100.82,2253981.0
1574726400,100.5,100.705,98.78,99.12,2237503.0
1574812800,99.55,100.13,99.11,99.63,991118.0
1574985600,98.9,99.88,98.1,98.3,900047.0
1575244800,98.1,99.05,97.55,98.36,1755549.0
1575331200,96.38,97.58,95.63,97.44,2089343.0
1575417600,98.64,100.11,98.64,98.82,1191258.0
1575504000,99.64,100.3335,99.19,99.98,1220420.0
1575590400,100.55,102.09,100.5,101.36,1813365.0
1575849600,103.92,105.42,103.15,103.23,2893478.0
1575936000,103.65,105.0,101.53,104.39,1856406.0
1576022400,104.78,109.77,104.65,109.29,4008559.0
1576108800,108.0,112.77,107.5,111.49,3467569.0
1576195200,111.61,112.861,110.61,111.86,2334193.0
1576454400,112.86,114.42,112.79,113.16,2117191.0
1576540800,113.48,113.72,112.3,113.1,2430166.0
1576627200,113.4,116.14,112.98,115.87,2802609.0
1576713600,116.1,118.22,115.1758,117.85,2814971.0
1576800000,118.53,119.1999,117.01,118.9,3475695.0
1577059200,119.41,121.36,119.12,120.03,2271093.0
1577145600,120.34,122.24,120.01,122.16,1095872.0
1577318400,122.12,122.89,120.75,122.28,1472781.0
1577404800,122.64,122.68,120.69,122.29,1414848.0
1577664000,121.8,121.93,120.42,121.03,1277699.0
1577750400,120.48,121.24,119.21,120.88,1171453.0
1577923200,122.01,122.4,119.7096,121.67,2278682.0
1578009600,119.91,120.89,117.65,118.65,2339614.0
1578268800,117.04,117.46,115.08,116.56,3177401.0
1578355200,117.17,118.4799,116.3,117.67,2062950.0
1578441600,118.08,120.8697,117.59,119.54,2139042.0
1578528000,120.9,121.23,117.6,119.65,1935951.0
1578614400,121.29,121.5,119.64,120.08,2430118.0
1578873600,121.19,125.2255,121.06,124.51,2961308.0
1578960000,125.27,125.75,122.61,123.34,2184572.0
1579046400,123.0,123.2542,119.92,120.42,2165608.0
1579132800,121.72,123.34,121.45,123.09,1667560.0
1579219200,123.94,124.75,123.0187,124.17,1979440.0
1579564800,124.01,125.47,123.6,123.8,2158485.0
1579651200,124.68,126.93,124.55,124.9,2596994.0
1579737600,125.43,128.3284,124.405,128.19,4327607.0
1579824000,126.5,128.48,120.79,122.31,7203654.0
1580083200,118.47,118.5,116.2,116.88,3085998.0
1580169600,118.11,121.07,117.8,119.79,2205684.0
1580256000,120.0,120.335,117.8,117.89,1612447.0
1580342400,116.57,118.5,114.1,116.23,2982208.0
1580428800,115.5,115.74,112.72,113.15,2448397.0
1580688000,113.12,115.49,112.7,115.03,1721964.0
1580774400,117.89,118.74,116.655,117.96,1624203.0
1580860800,119.82,120.67,118.14,119.64,1275072.0
1580947200,119.66,120.32,116.52,117.68,1808943.0
1581033600,116.42,116.84,113.94,113.94,2582830.0
1581292800,112.46,116.28,111.45,116.28,1630371.0
1581379200,117.38,120.29,117.13,119.17,1694743.0
1581465600,120.61,123.28,120.435,123.05,2002255.0
1581552000,121.84,124.515,121.0506,122.59,2151572.0
1581638400,122.84,123.63,118.25,118.99,1815246.0
1581984000,116.07,118.785,115.6,116.77,2444637.0
1582070400,118.08,120.41,117.75,119.14,1752058.0
1582156800,118.78,119.5,115.97,117.5,1363602.0
1582243200,116.85,117.0,113.47,114.63,1894858.0
1582502400,110.04,112.89,108.8,111.19,3102694.0
1582588800,111.98,112.68,105.8,106.17,2843426.0
1582675200,106.97,109.44,103.73,103.81,2759410.0
1582761600,100.5,101.68,97.33,97.56,3630320.0
1582848000,91.96,100.22,91.8,100.18,4766906.0
1583107200,101.29,104.33,98.7501,104.27,2899813.0
1583193600,104.29,106.75,99.45,99.63,2428854.0
1583280000,102.01,103.37,100.12,103.36,5037873.0
1583366400,100.96,101.269,97.92,98.59,3527027.0
1583452800,94.74,97.9,93.335,95.71,3053337.0
1583712000,87.3252,93.15,86.26,88.32,3867142.0
1583798400,91.98,95.79,89.63,95.79,3596905.0
1583884800,93.14,93.76,88.68,89.84,3081665.0
1583971200,83.24,90.357,80.16,80.55,3923097.0
1584057600,85.65,87.0,78.82,83.0,5730558.0
1584316800,72.69,79.82,67.9,67.9,4192807.0
1584403200,70.0,80.71,69.47,77.78,4974213.0
1584489600,71.13,77.67,69.31,72.1,3246630.0
1584576000,72.14,79.72,72.14,77.28,2991128.0
1584662400,80.0,81.49,73.45,73.67,2999948.0
1584921600,74.17,76.08,71.0,74.95,3622962.0
1585008000,79.69,87.61,78.77,87.29,3889938.0
1585094400,87.47,92.5099,84.7919,85.34,3938114.0
1585180800,86.6,93.07,85.8301,92.96,4194266.0
1585267200,90.27,90.27,86.22,87.09,3329452.0
1585526400,88.52,90.55,86.14,90.11,2122094.0
1585612800,89.97,94.2838,88.92,89.38,3250849.0
1585699200,86.33,89.2,81.33,82.45,2898456.0
1585785600,81.84,84.1,81.1,83.37,2256435.0
1585872000,82.75,83.725,79.51,80.3,2081671.0
1586131200,84.04,90.22,83.68,89.8,2683685.0
1586217600,93.15,93.88,89.56,89.93,2232999.0
1586304000,91.6,94.4,89.14,93.0,2381920.0
1586390400,94.85,95.3,88.79,89.95,2804301.0
1586736000,90.0,90.87,88.66,90.47,1938847.0
1586822400,95.51,95.87,91.63,95.69,2896116.0
1586908800,93.4555,93.94,90.11,92.87,1999689.0
1586995200,93.7,95.56,92.245,95.01,1520010.0
1587081600,96.936,97.63,93.5,95.4,1961690.0
1587340800,93.84,94.91,92.25,92.53,1387528.0
1587427200,91.49,92.14,88.08,88.1,1810967.0
1587513600,91.01,93.409,90.71,92.94,2272502.0
1587600000,93.15,94.6,92.39,92.79,1459292.0
1587686400,93.38,96.78,92.45,96.51,1458120.0
1587945600,97.8,99.45,97.557,98.38,2113155.0
1588032000,101.0,103.85,100.23,100.67,2204317.0
1588118400,102.34,106.85,102.34,106.22,2051845.0
1588204800,105.81,105.96,103.13,103.88,2552593.0
1588291200,100.79,101.71,98.4,98.83,2358906.0
1588550400,98.2,100.25,96.73,99.615,3376770.0
1588636800,104.05,108.53,103.24,104.71,5330002.0
1588723200,106.58,108.15,105.41,105.9,3021437.0
1588809600,107.4671,108.29,105.78,106.19,1565044.0
1588896000,108.2,111.29,107.01,111.22,2124065.0
1589155200,109.94,111.6,108.61,110.41,2188578.0
1589241600,111.5,112.7362,108.15,108.15,1811964.0
1589328000,108.57,109.36,104.17,106.15,2097103.0
1589414400,104.9,108.46,102.32,108.35,2142762.0
1589500800,104.5,106.56,103.7,106.22,2033356.0
1589760000,109.34,113.52,108.98,112.69,2137186.0
1589846400,112.36,115.52,112.35,112.55,1657778.0
1589932800,114.44,117.54,113.62,117.38,1772925.0
1590019200,117.01,118.18,113.92,114.13,1305617.0
1590105600,114.83,117.72,113.141,117.02,1506290.0
1590451200,120.0,121.38,117.39,117.72,1617577.0
1590537600,118.13,119.185,114.59,119.03,2112016.0
1590624000,118.8,120.255,114.7301,115.47,1999721.0
1590710400,115.87,119.43,114.79,118.54,2645310.0
1590969600,118.15,119.62,116.81,119.1,1125437.0
1591056000,119.61,123.91,118.68,123.77,2027443.0
1591142400,125.0,128.5,124.76,127.26,2222058.0
1591228800,126.16,128.77,126.16,128.67,2216327.0
1591315200,130.61,137.875,130.5,136.16,3555309.0
1591574400,137.05,138.22,132.76,134.74,2715503.0
1591660800,133.6,136.115,132.11,134.51,2019385.0
1591747200,135.07,135.4,131.64,131.9,2488466.0
1591833600,127.69,128.77,123.06,123.38,2959055.0
1591920000,127.16,128.2199,123.5,126.91,2438984.0
1592179200,123.38,127.3088,122.83,127.24,2376016.0
1592265600,131.83,133.365,125.79,128.39,2515172.0
1592352000,129.84,131.98,129.18,130.74,1796002.0
1592438400,130.23,130.97,128.32,129.1,1424332.0
1592524800,132.84,132.84,126.51,127.35,3667783.0
1592784000,127.16,128.21,125.32,127.58,1578790.0
1592870400,128.764,129.73,127.59,128.35,1419862.0
1592956800,128.31,129.38,125.02,126.41,2394036.0
1593043200,126.67,127.565,124.8,127.3,1339597.0
1593129600,126.6,128.14,124.9,125.85,2292308.0
1593388800,126.1357,126.4,123.41,126.0,1069190.0
1593475200,125.94,128.39,125.42,127.86,1929154.0
1593561600,127.7,127.7,125.8,125.85,1371711.0
1593648000,127.52,130.05,127.285,128.42,1731960.0
1593993600,130.89,133.28,130.22,131.45,1460538.0
1594080000,133.53,135.2299,132.15,132.28,2512323.0
1594166400,133.14,133.55,130.58,132.15,1289802.0
1594252800,132.85,133.6,129.77,132.73,1223202.0
1594339200,132.74,133.13,129.72,131.22,1081713.0
1594598400,133.32,134.81,128.82,129.47,1867120.0
1594684800,128.28,131.49,126.53,131.18,1748746.0
1594771200,131.88,132.4,129.01,131.32,1307089.0
1594857600,130.0,132.55,129.13,131.63,1565576.0
1594944000,132.48,134.28,131.81,133.95,1538204.0
1595203200,134.72,138.07,133.83,137.8,1930700.0
1595289600,139.2205,139.88,136.67,137.45,1925256.0
1595376000,137.0,138.415,135.1974,136.3,1455866.0
1595462400,137.12,139.19,134.49,135.34,2946163.0
1595548800,131.4744,136.0,128.5563,131.61,3028130.0
1595808000,133.61,137.76,132.32,136.69,2274430.0
1595894400,137.37,137.95,134.46,134.66,1752337.0
1595980800,135.88,137.22,134.59,136.45,1330619.0
1596067200,134.92,142.26,134.8,142.19,3187852.0
1596153600,144.41,145.9,141.25,145.58,3537876.0
1596412800,146.93,149.49,146.56,147.2,1882954.0
1596499200,147.44,147.89,142.96,145.27,1821926.0
1596585600,144.85,146.12,143.45,145.37,1428359.0
1596672000,145.7,149.19,145.09,148.07,1267302.0
1596758400,148.71,148.73,142.4,144.37,1526416.0
1597017600,143.84,144.49,141.0,143.54,1499724.0
1597104000,143.19,144.57,140.77,141.33,1656511.0
1597190400,142.3387,147.85,141.35,147.56,1641744.0
1597276800,147.7,149.32,146.8,148.06,1413122.0
1597363200,148.48,148.62,145.5,146.12,998191.0
1597622400,147.37,147.6785,144.64,146.09,1215359.0
1597708800,145.47,146.615,143.07,143.19,1178745.0
1597795200,143.59,143.865,141.43,142.05,1717396.0
1597881600,140.64,142.26,139.36,140.63,1708521.0
1597968000,140.25,142.31,139.4,142.05,1322921.0
1598227200,143.67,144.25,141.02,142.25,1541432.0
1598313600,142.96,143.88,141.41,142.53,1189502.0
1598400000,142.48,143.8027,141.29,142.71,1320369.0
1598486400,143.47,143.47,138.701,140.1,1754536.0
1598572800,140.72,143.71,140.29,143.62,1060598.0
1598832000,143.45,145.39,141.94,144.85,2039249.0
1598918400,145.98,147.76,144.5392,146.46,1473031.0
1599004800,148.5,154.24,147.218,153.29,2137151.0
1599091200,149.01,149.59,139.43,139.91,3485924.0
1599177600,139.62,141.65,133.86,139.01,3237090.0
1599523200,133.1,135.44,130.72,130.84,2678639.0
1599609600,135.12,138.58,135.08,137.61,2713147.0
1599696000,139.27,140.6452,134.19,135.23,2172204.0
1599782400,137.575,138.44,134.13,136.15,1496069.0
1600041600,137.44,138.88,136.08,137.79,1182454.0
1600128000,139.39,142.76,139.3,140.91,1760793.0
1600214400,142.41,142.83,140.25,140.34,1460714.0
1600300800,134.956,138.83,134.956,138.36,1825775.0
1600387200,139.43,139.91,133.67,136.01,2415346.0
1600646400,133.58,134.64,131.441,134.25,2051021.0
1600732800,135.59,139.7,133.77,139.64,1695413.0
1600819200,139.06,139.63,133.59,133.92,1369324.0
1600905600,131.96,137.63,131.94,135.2,2145265.0
1600992000,135.6,138.906,133.62,138.0,1909223.0
1601251200,140.63,144.01,139.02,143.97,2052282.0
1601337600,145.2,146.4752,143.71,144.35,1457182.0
1601424000,143.52,147.13,143.36,145.5,1826124.0
1601510400,147.5,152.48,147.14,152.1,1983948.0
1601596800,148.0969,149.616,146.8,146.83,1604205.0
1601856000,148.1,151.76,148.1,151.62,1359936.0
1601942400,150.58,151.7,146.54,147.27,1569215.0
1602028800,149.95,151.03,149.0298,149.86,1332055.0
1602115200,151.0,151.66,149.81,151.55,2172681.0
1602201600,153.3,154.84,152.48,154.28,1897006.0
1602460800,156.48,158.61,155.255,157.09,2307896.0
1602547200,157.78,158.0,152.4,153.2,2024092.0
1602633600,154.78,154.83,151.81,153.31,1121195.0
1602720000,150.56,153.74,149.6,153.38,965680.0
1602806400,154.4,154.92,152.92,153.15,1110785.0
1603065600,154.51,156.98,150.38,151.14,1188913.0
1603152000,152.66,153.96,151.43,152.45,954576.0
1603238400,152.62,153.5,150.31,150.39,858691.0
1603324800,150.91,151.5289,147.3269,149.73,903552.0
1603411200,149.59,150.55,148.8201,149.76,819351.0
1603670400,148.39,148.76,144.81,147.29,1311270.0
1603756800,147.49,148.2,144.41,145.12,1101027.0
1603843200,142.35,142.94,139.09,139.79,1707411.0
1603929600,140.0,146.79,139.8,145.16,1459623.0
1604016000,142.83,143.9126,139.63,141.29,1797245.0
1604275200,143.38,144.845,139.935,142.12,2388742.0
1604361600,141.92,142.93,134.84,138.8,5238774.0
1604448000,142.0924,142.62,139.15,139.53,3016140.0
1604534400,143.86,149.325,142.5,149.12,5281154.0
1604620800,148.09,148.71,143.92,146.735,2581630.0
1604880000,151.35,151.89,144.415,144.58,2372547.0
1604966400,142.87,143.99,136.86,137.24,2588309.0
1605052800,139.74,144.5,139.16,143.87,1982130.0
1605139200,143.9,144.43,140.34,141.34,1941904.0
1605225600,144.14,145.05,140.95,141.5,1375638.0
1605484800,141.0,143.735,140.665,143.41,1922741.0
1605571200,143.17,143.51,140.55,140.78,1474620.0
1605657600,141.11,141.24,137.44,137.56,2014040.0
1605744000,137.18,139.5,136.0,139.36,1795072.0
1605830400,139.25,141.76,138.39,140.39,1765380.0
1606089600,141.05,141.775,136.56,138.03,3070509.0
1606176000,138.51,139.71,135.33,138.85,2236852.0
1606262400,138.74,138.91,134.28,135.95,3035520.0
1606435200,136.8839,138.77,135.97,136.16,1215741.0
1606694400,136.38,141.25,136.38,141.17,2734007.0
1606780800,142.01,145.46,141.16,144.0,2617561.0
1606867200,143.35,145.06,142.51,143.45,1276274.0
1606953600,144.23,145.35,143.05,143.71,1218073.0
1607040000,143.74,150.28,143.73,150.17,2174727.0
1607299200,151.4066,154.11,150.55,153.42,2276197.0
1607385600,153.6,156.0,152.76,155.79,1522839.0
1607472000,155.0,155.04,147.455,148.29,2562491.0
1607558400,147.36,148.06,145.53,145.54,1749859.0
1607644800,143.9,144.45,138.61,139.24,3549818.0
1607904000,140.0,140.43,137.94,139.26,2927749.0
1607990400,143.17,146.4,142.96,144.68,2284559.0
1608076800,144.9277,148.4109,143.605,147.54,1959424.0
1608163200,149.0,150.29,145.4,145.53,1833573.0
1608249600,146.46,149.41,145.06,148.19,2823320.0
1608508800,145.55,148.205,145.17,147.71,1487640.0
1608595200,148.365,151.735,147.84,149.43,1321046.0
1608681600,150.09,152.94,148.745,150.74,1431439.0
1608768000,150.95,151.35,149.5,151.21,480432.0
1609113600,152.76,153.7835,151.8001,153.22,1039227.0
1609200000,153.8,154.835,149.62,150.41,1441395.0
1609286400,151.1,153.7,151.06,152.75,770566.0
1609372800,153.16,153.365,151.97,152.88,950084.0
1609718400,153.33,155.6895,148.02,150.72,2180314.0
1609804800,150.12,156.46,150.0,156.3,2053940.0
1609891200,154.7759,162.35,153.0,158.49,2102996.0
1609977600,160.92,163.42,160.0101,162.68,1701502.0
1610064000,164.79,165.99,160.6,163.48,1598493.0
1610323200,160.12,163.35,159.28,162.05,1766676.0
1610409600,162.07,162.45,158.09,158.18,1807463.0
1610496000,158.0,159.17,155.79,157.89,1252890.0
1610582400,157.7,161.07,157.2,157.98,1521413.0
1610668800,154.01,156.5,150.13,152.0,2305841.0
1611014400,154.5257,162.2,154.01,161.39,2439660.0
1611100800,163.1,168.95,162.715,162.94,2021205.0
1611187200,163.47,163.87,160.61,163.52,1434783.0
1611273600,161.71,162.48,160.2,161.27,1215048.0
1611532800,166.64,170.69,163.36,165.68,4702392.0
1611619200,166.0,166.39,162.22,163.13,1833824.0
1611705600,160.615,161.99,154.45,155.85,2711629.0
1611792000,159.99,162.91,157.61,159.79,3866812.0
1611878400,187.7335,188.34,167.33,169.25,9055496.0
1612137600,174.3,186.5,174.3,185.79,5643276.0
1612224000,188.58,189.7,181.35,185.49,3755493.0
1612310400,186.47,186.7499,179.07,179.46,3185419.0
1612396800,178.195,181.0,172.89,179.1,5007301.0
1612483200,180.09,182.0,178.235,178.95,2509039.0
1612742400,180.32,182.5,178.53,181.57,2182708.0
1612828800,180.74,186.69,180.6168,182.91,2504509.0
1612915200,184.695,186.6,181.2,185.29,2018720.0
1613001600,186.8809,189.49,184.23,188.76,2072891.0
1613088000,187.67,190.34,186.18,189.5,1903711.0
1613433600,191.21,195.82,191.06,194.14,2491696.0
1613520000,192.86,193.78,187.7,192.09,2128155.0
1613606400,189.1,190.71,185.53,187.91,2393173.0
1613692800,190.12,193.4099,189.42,192.17,2016567.0
1613952000,189.48,192.0,183.6413,183.93,2459902.0
1614038400,181.67,185.33,174.51,183.75,2556392.0
1614124800,181.71,190.58,180.04,190.36,2321755.0
1614211200,186.55,188.87,175.0,176.14,3717004.0
1614297600,179.36,180.72,173.91,177.82,2913959.0
1614556800,181.1,186.79,178.65,186.46,2116423.0
1614643200,187.31,187.31,179.83,179.89,1575391.0
1614729600,180.75,181.22,175.07,175.21,1827907.0
1614816000,174.14,175.29,163.69,167.21,2990456.0
1614902400,168.2,173.71,159.54,173.44,3579751.0
1615161600,171.29,172.64,161.0,161.2,3494551.0
1615248000,167.62,173.34,164.43,172.41,2589097.0
1615334400,171.69,174.395,166.27,167.66,2852017.0
1615420800,173.06,176.65,172.73,173.75,2371854.0
1615507200,169.58,172.69,167.91,172.31,1590356.0
1615766400,173.6,178.97,171.675,178.79,1894084.0
1615852800,180.9451,184.3395,179.78,181.04,1954372.0
1615939200,179.46,184.03,176.68,182.81,1772883.0
1616025600,179.23,180.34,174.41,174.69,1744779.0
1616112000,175.56,177.38,172.01,175.79,2604848.0
1616371200,177.33,182.55,176.1,179.82,1498919.0
1616457600,181.833,181.833,174.37,175.38,1279323.0
1616544000,177.88,177.92,171.01,171.19,1820283.0
1616630400,167.38,172.9,166.05,172.13,1741334.0
1616716800,171.48,182.49,171.345,182.18,2185857.0
1616976000,180.1098,180.48,176.5865,179.32,1898603.0
1617062400,177.25,179.18,176.11,178.51,1227883.0
1617148800,179.71,185.21,179.58,183.48,2324998.0
1617235200,186.0,188.52,184.78,187.7,2758131.0
1617580800,191.41,191.97,188.17,191.65,1815408.0
1617667200,190.1,191.11,186.45,188.88,1600247.0
1617753600,189.23,189.335,185.96,187.23,1143572.0
1617840000,189.81,190.5,187.6001,189.66,1757259.0
1617926400,188.0,188.98,186.55,188.73,1191252.0
1618185600,187.65,188.3,186.09,188.12,1090510.0
1618272000,189.04,190.43,186.42,189.29,1081248.0
1618358400,188.41,194.49,186.65,187.84,2047345.0
1618444800,190.12,191.81,188.22,190.65,1264847.0
1618531200,190.46,192.84,189.43,189.76,1610707.0
1618790400,188.6769,189.93,184.37,185.87,1417612.0
1618876800,185.54,186.4355,181.3,182.72,1106087.0
1618963200,182.83,186.85,181.535,186.62,1518561.0
1619049600,186.34,187.1,182.18,183.42,1366861.0
1619136000,191.99,193.95,189.77,190.92,2439272.0
1619395200,194.84,201.99,192.83,199.66,3746819.0
1619481600,201.175,201.49,196.45,197.4,2057759.0
1619568000,197.67,198.75,194.7879,196.41,1538719.0
1619654400,202.83,204.0,195.1,197.86,3336017.0
1619740800,184.6,186.76,180.5901,181.33,7121069.0
1620000000,182.0,183.165,175.25,176.34,4208085.0
1620086400,174.69,174.69,170.1,173.57,3334370.0
1620172800,174.7118,176.72,172.535,174.01,1925509.0
1620259200,173.25,176.3,171.74,175.93,1769380.0
1620345600,177.9761,178.2143,173.605,175.12,1918399.0
1620604800,171.435,171.62,165.84,165.95,3599993.0
1620691200,160.98,167.3978,160.2082,166.89,2505578.0
1620777600,162.79,164.9699,160.6459,161.53,2347694.0
1620864000,163.48,165.25,160.68,162.19,1641209.0
1620950400,164.77,167.23,163.26,165.45,1903690.0
1621209600,163.98,164.29,161.0101,164.16,1329838.0
1621296000,165.52,165.9867,162.95,162.97,1051506.0
1621382400,160.94,166.66,159.77,166.37,1871231.0
1621468800,166.9,169.8,166.9,168.63,1434510.0
1621555200,169.54,170.48,166.23,166.7,1519237.0
1621814400,168.17,170.17,166.87,168.88,1180116.0
1621900800,170.25,171.6621,169.01,170.03,1532549.0
1621987200,170.08,171.19,167.39,168.85,1487513.0
1622073600,167.43,172.38,166.5,170.87,2342065.0
1622160000,172.29,172.47,169.65,170.0,1353589.0
1622505600,171.02,173.23,169.03,170.39,1460393.0
1622592000,170.14,172.38,168.91,171.81,973736.0
1622678400,169.51,170.21,167.15,167.23,1457190.0
1622764800,168.3,171.9,168.17,170.41,1293016.0
1623024000,169.54,170.42,167.76,169.72,1307101.0
1623110400,171.76,172.15,167.91,168.23,1143442.0
1623196800,169.11,169.75,167.68,168.53,984499.0
1623283200,168.78,171.0,167.76,169.41,1193609.0
1623369600,170.7117,171.19,169.52,171.12,912652.0
1623628800,171.7,174.03,170.9,173.83,1096056.0
1623715200,173.57,174.29,171.38,171.66,1219385.0
1623801600,172.48,173.05,169.27,170.98,1236375.0
1623888000,170.02,174.09,170.02,172.46,1458101.0
1623974400,170.0142,171.27,167.5,168.31,2282570.0
1624233600,168.7407,172.72,168.63,171.54,1335983.0
1624320000,171.95,172.96,170.9,171.79,1085200.0
1624406400,171.8821,175.13,171.8821,173.23,992155.0
1624492800,175.313,178.655,175.1,177.79,1430716.0
1624579200,179.05,181.2,177.0,178.7,3458242.0
1624838400,179.23,184.3,179.1,182.7,2122537.0
1624924800,184.93,191.71,184.245,190.95,2964094.0
1625011200,190.885,192.3499,188.72,191.75,1897259.0
1625097600,191.65,191.83,188.5,189.01,1726865.0
1625184000,190.54,193.6417,189.725,191.32,1642171.0
1625529600,190.62,191.68,188.75,190.46,1333482.0
1625616000,192.445,192.7,186.361,188.28,1188556.0
1625702400,184.0,187.5,182.24,186.41,1454123.0
1625788800,186.96,189.83,185.33,189.57,1137704.0
1626048000,190.13,191.68,188.71,191.2,853176.0
1626134400,190.51,191.05,188.65,189.58,776166.0
1626220800,194.4,197.6,190.65,191.57,2282904.0
1626307200,191.7,192.34,188.15,190.48,1657312.0
1626393600,190.89,192.83,187.72,188.11,1116943.0
1626652800,185.34,187.314,183.97,187.15,1597563.0
1626739200,187.65,190.7,185.66,189.42,1243204.0
1626825600,189.45,193.04,189.435,193.0,1153860.0
1626912000,191.64,192.5,190.13,191.04,1186482.0
1626998400,192.22,193.43,190.64,192.66,1340848.0
1627257600,192.27,193.39,190.32,192.79,917154.0
1627344000,193.85,193.95,184.535,188.16,1897039.0
1627430400,189.3,192.6,188.43,192.07,1175278.0
1627516800,192.0,197.62,192.0,196.67,2190465.0
1627603200,184.6178,185.92,177.67,184.51,7405143.0
1627862400,184.925,188.76,184.5221,187.33,2643414.0
1627948800,188.7,189.68,185.53,188.19,1716475.0
1628035200,187.59,188.61,185.415,186.79,1428924.0
1628121600,186.75,187.94,184.527,185.79,1544852.0
1628208000,184.25,186.7,183.9,186.03,1222768.0
1628467200,186.3,186.68,184.29,185.7,837340.0
1628553600,186.39,186.97,183.14,184.82,1072852.0
1628640000,186.09,186.1399,183.19,184.78,979474.0
1628726400,184.15,184.28,181.55,183.28,936468.0
1628812800,183.62,184.0,182.51,183.39,912269.0
1629072000,182.0,182.3,180.055,181.67,974552.0
1629158400,180.5,180.5,177.19,178.66,1331746.0
1629244800,177.57,179.19,174.98,175.25,1733526.0
1629331200,174.3076,178.0,173.3,177.23,1303159.0
1629417600,177.36,179.14,177.0,178.88,1022895.0
1629676800,179.99,181.315,178.62,180.92,1297549.0
1629763200,181.67,182.9,181.3182,182.07,892062.0
1629849600,182.32,183.09,180.38,181.08,1009706.0
1629936000,180.75,181.72,179.66,180.91,874967.0
1630022400,180.82,184.1739,180.56,183.45,995674.0
1630281600,184.67,186.66,183.7694,186.1,1610150.0
1630368000,186.87,186.87,182.2,183.46,1577209.0
1630454400,184.74,184.74,181.59,181.66,1433570.0
1630540800,182.14,183.29,180.59,183.27,934368.0
1630627200,183.27,185.43,182.82,183.01,828345.0
1630972800,183.33,183.7,180.66,181.45,827639.0
1631059200,180.75,180.88,176.39,177.71,1204950.0
1631145600,177.5,180.03,177.24,177.43,799276.0
1631232000,178.445,180.735,177.1,177.33,1076778.0
1631491200,178.64,181.27,177.1,181.22,1246427.0
1631577600,182.21,182.24,177.7,178.13,1528237.0
1631664000,178.3,178.3,175.645,176.77,1100919.0
1631750400,175.5,178.9069,174.36,178.74,1209834.0
1631836800,178.42,178.42,173.6,175.26,2231738.0
1632096000,172.0,172.09,167.85,170.45,1768115.0
1632182400,171.69,173.1,169.8666,170.85,1326440.0
1632268800,170.8,174.18,170.63,172.92,1096128.0
1632355200,173.84,175.44,173.17,173.34,847171.0
1632441600,172.36,173.91,171.24,172.65,660597.0
1632700800,170.51,173.79,169.5,171.73,1175024.0
1632787200,168.57,170.92,166.685,166.8,1695451.0
1632873600,167.72,168.71,166.22,166.55,1240683.0
1632960000,167.67,169.07,164.27,164.78,1275724.0
1633046400,165.8,166.2,161.79,163.92,1700376.0
1633305600,163.2,163.41,159.1162,159.69,2347753.0
1633392000,160.55,162.015,158.69,160.34,2027444.0
1633478400,158.63,161.4327,157.55,161.13,1325793.0
1633564800,162.81,165.36,162.16,162.24,1339962.0
1633651200,162.92,163.115,160.0532,160.86,917295.0
1633910400,160.66,162.3,159.38,159.46,979148.0
1633996800,160.0,160.65,157.87,158.65,1337240.0
1634083200,155.0,157.6977,154.53,155.22,2763516.0
1634169600,156.9,160.3665,156.61,160.24,1584563.0
1634256000,161.216,162.41,160.05,160.53,1073090.0
1634515200,159.33,161.41,158.15,161.28,1439992.0
1634601600,162.22,165.62,161.5,164.75,1814646.0
1634688000,164.75,166.95,163.73,165.64,1380928.0
1634774400,165.0,167.15,165.0,166.97,782637.0
1634860800,166.94,167.845,165.0,165.12,1158607.0
1635120000,165.8779,165.9998,164.876,165.18,845901.0
1635206400,167.12,167.67,163.95,164.33,1189269.0
1635292800,164.08,168.37,163.16,165.9,1304152.0
1635379200,166.88,170.31,166.775,169.84,1382323.0
1635465600,167.65,169.61,165.65,167.13,1598663.0
1635724800,167.31,169.83,166.9,169.8,1102410.0
1635811200,170.15,172.06,169.64,170.75,1292532.0
1635897600,171.14,174.141,170.0,173.51,1593308.0
1635984000,172.27,172.54,167.045,171.38,3401726.0
1636070400,168.205,168.9,159.2,164.06,6146716.0
1636329600,164.91,169.29,162.86,167.77,3349412.0
1636416000,167.98,168.4,163.7,164.16,1915034.0
1636502400,163.13,164.28,160.02,160.31,1904197.0
1636588800,161.95,162.345,159.6,161.99,1504691.0
1636675200,162.27,165.02,161.8489,164.56,1569856.0
1636934400,165.18,165.6982,162.71,163.21,1425222.0
1637020800,162.92,164.58,162.45,163.77,1792782.0
1637107200,163.26,164.71,162.25,162.97,1780913.0
1637193600,165.51,165.79,161.51,163.11,2038624.0
1637280000,162.44,163.1721,160.51,160.71,1688523.0
1637539200,161.055,161.26,156.5,156.53,1699212.0
1637625600,156.1149,158.38,154.02,156.8,1952406.0
1637712000,155.88,157.12,151.3,157.04,1949483.0
1637884800,154.76,156.58,151.58,152.48,1667838.0
1638144000,154.12,155.34,151.43,154.92,2166694.0
1638230400,153.98,156.26,150.45,151.66,3150090.0
1638316800,153.71,156.11,150.0,150.17,1855021.0
1638403200,146.31,151.45,144.27,149.7,2812232.0
1638489600,151.51,152.88,147.74,149.41,1692230.0
1638748800,150.02,153.37,147.98,152.42,1730769.0
1638835200,155.0,158.2,154.72,157.32,1770737.0
1638921600,157.0,161.57,155.18,160.08,1806736.0
1639008000,159.2251,163.78,159.0,161.02,2137515.0
1639094400,163.47,164.47,159.93,162.48,1695504.0
1639353600,162.24,163.34,158.89,159.51,1395799.0
1639440000,159.16,161.33,158.3955,159.38,1369503.0
1639526400,159.65,160.13,153.8,159.94,2427518.0
1639612800,160.62,161.41,142.0,146.39,7010955.0
1639699200,144.77,152.8,144.59,151.7,5005240.0
1639958400,149.47,151.33,148.65,149.91,1512774.0
1640044800,152.04,152.72,149.45,152.63,1200424.0
1640131200,152.15,152.63,150.5401,152.42,935439.0
1640217600,152.56,154.81,151.92,153.42,882853.0
1640563200,153.68,155.4,152.76,155.36,1228830.0
1640649600,156.4,156.81,154.86,155.94,1110331.0
1640736000,156.1,158.48,156.0754,156.37,826086.0
1640822400,156.5,158.05,155.41,155.8,1048296.0
1640908800,155.8,157.03,155.06,155.14,859000.0
