1483401600,36.75,37.17,36.59,37.06,6058653.0
1483488000,37.3,38.055,37.145,37.93,6040128.0
1483574400,37.66,37.74,36.4,36.91,6850843.0
1483660800,37.09,37.48,36.88,37.13,5110239.0
1483920000,36.91,37.075,36.52,36.9,3955523.0
1484006400,37.03,37.49,36.725,36.96,5033296.0
1484092800,36.81,36.81,35.66,36.36,1.1639127E7
1484179200,36.16,36.195,35.6,36.13,6484263.0
1484265600,36.34,36.83,36.065,36.32,4401247.0
1484611200,36.1,36.23,35.37,35.51,4701335.0
1484697600,35.79,35.92,35.17,35.9,3943596.0
1484784000,35.96,36.14,35.56,35.61,6150013.0
1484870400,35.98,36.85,35.85,36.24,8954517.0
1485129600,36.03,36.49,35.61,35.77,6846600.0
1485216000,35.97,36.37,35.88,36.08,4117791.0
1485302400,36.39,36.495,35.75,35.91,6387239.0
1485388800,36.02,36.7,35.88,36.69,7572173.0
1485475200,36.69,36.79,36.35,36.63,5956661.0
1485734400,36.45,36.53,36.0,36.47,4665115.0
1485820800,36.3,36.535,35.56,35.82,5993091.0
1485907200,36.06,36.58,35.885,36.0,5257973.0
1485993600,35.64,35.81,35.19,35.34,5637092.0
1486080000,35.95,36.735,35.65,36.51,7493442.0
1486339200,36.25,36.55,36.16,36.45,4385608.0
1486425600,36.64,36.78,35.96,36.05,5583418.0
1486512000,35.88,35.88,35.38,35.77,4228879.0
1486598400,35.83,36.595,35.68,36.49,4838572.0
1486684800,36.73,36.8,36.15,36.22,5527093.0
1486944000,36.43,36.79,36.32,36.65,7151666.0
1487030400,36.63,37.4,36.54,37.32,4626192.0
1487116800,37.33,37.75,37.17,37.28,4296926.0
1487203200,37.19,37.29,36.55,36.85,3616544.0
1487289600,36.58,36.76,36.055,36.68,5916970.0
1487635200,37.11,37.34,36.86,36.86,3842853.0
1487721600,36.59,37.03,36.54,36.78,2659873.0
1487808000,36.86,36.92,36.28,36.63,3122337.0
1487894400,36.25,36.48,36.11,36.48,4575047.0
1488153600,36.5,36.96,35.95,36.94,4196150.0
1488240000,36.77,36.8534,35.75,36.24,7566944.0
1488326400,37.18,37.415,36.711,36.89,5994455.0
1488412800,36.88,36.98,35.92,35.97,6618947.0
1488499200,35.9,36.17,35.69,36.05,5091931.0
1488758400,35.8,35.81,35.32,35.58,5115870.0
1488844800,35.57,35.9399,35.36,35.6,4149434.0
1488931200,35.9,36.1,35.64,35.71,3679850.0
1489017600,35.92,36.15,35.68,35.85,3208046.0
1489104000,36.08,36.2,35.78,36.01,4307316.0
1489363200,35.99,36.17,35.72,36.03,3894115.0
1489449600,35.75,35.98,35.645,35.92,3580011.0
1489536000,36.03,36.18,35.68,35.8,6428659.0
1489622400,36.01,36.085,35.705,35.83,4818372.0
1489708800,35.73,35.73,34.86,35.12,1.0581403E7
1489968000,35.08,35.2,34.19,34.2,9393672.0
1490054400,34.39,34.5,32.94,33.02,1.1892966E7
1490140800,32.9,33.53,32.48,33.08,8907135.0
1490227200,33.07,33.82,32.93,33.43,6455728.0
1490313600,33.56,33.69,33.03,33.31,4682455.0
1490572800,32.59,32.97,32.24,32.74,8790087.0
1490659200,32.81,33.9,32.6,33.66,6438023.0
1490745600,33.64,33.93,33.5501,33.78,4487143.0
1490832000,33.82,34.585,33.78,34.43,5122565.0
1490918400,34.27,34.53,34.125,34.3,5031422.0
1491177600,34.45,34.54,33.275,33.76,6171290.0
1491264000,33.58,33.91,33.58,33.73,2555999.0
1491350400,34.24,34.36,33.14,33.26,5021029.0
1491436800,33.23,33.59,32.945,33.23,1.0510542E7
1491523200,32.96,33.42,32.87,33.16,3734693.0
1491782400,33.19,33.465,32.815,32.87,6846201.0
1491868800,32.55,33.1177,32.25,33.05,6759719.0
1491955200,32.82,33.23,32.71,32.81,4596058.0
1492041600,32.67,32.99,32.37,32.37,5266471.0
1492387200,32.41,33.04,32.28,33.02,4183891.0
1492473600,32.81,33.065,32.56,32.85,4971693.0
1492560000,33.06,33.2301,32.87,33.0,3358561.0
1492646400,33.32,34.01,33.27,33.85,5408973.0
1492732800,33.78,33.88,33.26,33.38,4729675.0
1492992000,34.3,34.35,33.68,33.9,4231785.0
1493078400,34.19,34.33,33.63,33.82,6164910.0
1493164800,33.73,33.8,32.65,33.23,1.1545874E7
1493251200,33.44,33.44,33.0,33.05,7140648.0
1493337600,27.5,29.08,27.24,27.8,4.6376187E7
1493596800,27.98,28.62,27.2,27.94,2.2971811E7
1493683200,27.96,28.93,27.68,28.87,2.5490551E7
1493769600,28.62,29.18,28.52,28.77,1.4287674E7
1493856000,28.79,28.98,28.54,28.67,9812918.0
1493942400,28.84,29.25,28.42,28.61,1.0945333E7
1494201600,28.58,28.7,28.35,28.38,8054572.0
1494288000,28.44,28.53,28.02,28.1,8665684.0
1494374400,28.01,28.12,27.68,27.76,1.1018236E7
1494460800,27.67,27.68,26.6,26.93,1.4155025E7
1494547200,26.81,26.8253,26.01,26.59,2.3145043E7
1494806400,26.77,27.395,26.52,27.11,1.4541867E7
1494892800,27.22,27.24,26.79,26.84,1.119182E7
1494979200,26.2,26.68,26.145,26.5,1.1761946E7
1495065600,26.43,26.775,26.41,26.5,7949542.0
1495152000,27.76,27.82,26.805,26.84,1.3465106E7
1495411200,27.01,27.03,26.66,26.91,9221621.0
1495497600,27.01,27.01,26.68,26.84,6534529.0
1495584000,26.82,27.01,26.7,26.8,9166477.0
1495670400,26.97,27.41,26.72,27.23,1.2800759E7
1495756800,27.15,27.65,27.07,27.37,1.1451682E7
1496102400,27.31,27.46,27.005,27.1,9631400.0
1496188800,27.1,27.2,26.34,26.85,9204213.0
1496275200,26.99,27.47,26.84,27.22,8658445.0
1496361600,26.98,27.67,26.98,27.4,1.236849E7
1496620800,27.35,28.0657,27.1,27.96,1.0972351E7
1496707200,27.72,28.445,27.51,28.29,1.4205479E7
1496793600,28.46,29.185,28.415,28.87,1.6055652E7
1496880000,28.83,29.24,28.63,28.67,8540407.0
1496966400,28.93,28.98,28.52,28.7,7848342.0
1497225600,28.71,29.0,28.43,28.76,5666057.0
1497312000,28.83,29.085,28.43,28.99,5308844.0
1497398400,28.8,29.32,28.62,29.23,1.0163478E7
1497484800,28.98,29.66,28.97,29.47,8638091.0
1497571200,29.46,29.46,29.07,29.33,6828316.0
1497830400,29.47,29.47,29.1244,29.42,6875240.0
1497916800,29.4,29.775,29.33,29.44,5691937.0
1498003200,29.45,29.79,29.201,29.7,7815339.0
1498089600,29.57,29.76,29.16,29.3,6380500.0
1498176000,29.49,29.52,28.84,28.97,7561475.0
1498435200,29.04,29.72,29.04,29.68,7017378.0
1498521600,29.75,29.8,29.42,29.44,6395732.0
1498608000,29.67,30.1,29.59,29.8,1.0205769E7
1498694400,30.25,30.54,29.315,29.55,1.0081553E7
1498780800,29.78,29.96,29.47,29.82,4782940.0
1499040000,30.06,30.37,29.95,30.06,2315274.0
1499212800,30.17,30.26,29.74,29.78,4380623.0
1499299200,29.8,29.8,29.29,29.38,4040153.0
1499385600,29.54,29.84,29.4,29.7,3595756.0
1499644800,29.67,29.7,29.085,29.13,5717614.0
1499731200,29.16,29.16,28.8,29.1,7745356.0
1499817600,29.1,29.35,28.89,29.33,3924898.0
1499904000,29.21,29.705,29.21,29.36,4742338.0
1499990400,29.15,29.635,29.06,29.48,4252680.0
1500249600,29.48,29.845,29.22,29.65,3948445.0
1500336000,29.43,29.565,29.17,29.33,4653406.0
1500422400,29.45,29.61,29.24,29.51,5228496.0
1500508800,29.42,29.74,29.19,29.53,5706991.0
1500595200,31.49,31.9,30.12,30.87,1.1172344E7
1500854400,30.8,31.12,30.53,30.74,5999767.0
1500940800,30.98,31.2,30.71,30.89,5911593.0
1501027200,31.07,31.09,30.53,30.57,6270366.0
1501113600,30.59,30.63,30.125,30.34,6599655.0
1501200000,30.19,30.27,29.84,29.94,8419178.0
1501459200,30.06,30.48,30.06,30.32,1.2946027E7
1501545600,30.52,30.579,29.83,29.88,8219195.0
1501632000,29.93,30.185,29.78,30.06,6298118.0
1501718400,29.9,30.4,29.79,29.91,6989317.0
1501804800,30.17,30.32,29.8,29.87,7284103.0
1502064000,29.88,30.515,29.77,30.4,5164241.0
1502150400,30.34,31.41,30.34,30.72,8043165.0
1502236800,30.48,30.56,30.13,30.25,5204224.0
1502323200,30.07,30.09,28.93,29.32,9816244.0
1502409600,29.34,29.395,28.96,29.2,6667952.0
1502668800,29.5,30.2,29.4,29.64,5917603.0
1502755200,30.91,31.13,30.38,30.99,1.3489294E7
1502841600,31.67,31.68,30.82,30.87,7408484.0
1502928000,30.87,30.91,30.05,30.1,7398466.0
1503014400,30.19,30.36,29.88,30.07,5534198.0
1503273600,30.1,30.3,29.95,30.26,4640230.0
1503360000,30.34,30.465,30.0,30.34,6259800.0
1503446400,30.2,30.57,30.13,30.31,4292320.0
1503532800,30.49,30.7,30.3,30.46,3220895.0
1503619200,30.53,30.85,30.44,30.54,2908220.0
1503878400,30.74,30.75,30.17,30.29,3713368.0
1503964800,30.04,30.2,29.79,30.12,5722722.0
1504051200,30.1,30.76,30.05,30.66,5629844.0
1504137600,30.72,30.92,30.62,30.79,5132643.0
1504224000,30.78,31.035,30.7,30.92,3076912.0
1504569600,30.7,30.75,29.75,29.87,6260221.0
1504656000,30.05,30.275,29.93,29.96,5911938.0
1504742400,30.0,30.0,28.955,29.06,5625159.0
1504828800,28.63,28.86,28.3286,28.55,8560010.0
1505088000,28.82,29.35,28.65,29.15,6050435.0
1505174400,29.35,29.5699,29.11,29.19,5179802.0
1505260800,29.25,29.57,29.2,29.32,7166697.0
1505347200,29.27,29.43,28.67,28.7,7550324.0
1505433600,28.57,29.21,28.46,29.02,1.1003615E7
1505692800,29.11,29.3,28.95,29.26,5682866.0
1505779200,29.29,29.48,29.05,29.09,5754324.0
1505865600,29.2,29.2663,28.9,29.0,6347444.0
1505952000,29.0,29.09,28.7044,28.89,5281836.0
1506038400,28.86,29.5,28.85,29.47,6320700.0
1506297600,29.35,29.88,29.31,29.56,6827273.0
1506384000,29.61,30.04,29.51,29.94,3918596.0
1506470400,30.24,31.185,30.18,30.94,1.1194657E7
1506556800,30.9,31.43,30.88,31.19,7666619.0
1506643200,31.19,31.38,30.92,31.05,5255634.0
1506902400,31.17,31.49,30.92,31.48,4478645.0
1506988800,31.46,31.885,31.42,31.72,5916553.0
1507075200,31.76,31.79,31.26,31.31,4750351.0
1507161600,31.32,31.665,31.16,31.66,4838914.0
1507248000,31.46,31.575,31.19,31.31,4694973.0
1507507200,31.47,31.69,31.26,31.44,2616838.0
1507593600,31.5,31.9,31.5,31.75,4867343.0
1507680000,31.72,31.83,31.37,31.42,3444158.0
1507766400,31.33,31.33,30.48,30.64,6771795.0
1507852800,30.45,31.24,30.38,30.82,7889857.0
1508112000,30.99,31.62,30.91,31.5,1.0557372E7
1508198400,31.59,31.5953,30.85,30.98,4723587.0
1508284800,31.12,31.55,30.99,31.51,6903778.0
1508371200,31.2,31.87,30.8601,31.71,7787702.0
1508457600,33.41,34.08,32.845,33.04,1.5400879E7
1508716800,33.26,33.33,32.63,32.68,6188226.0
1508803200,32.76,32.86,32.27,32.65,4908863.0
1508889600,32.38,32.63,32.0,32.38,8934114.0
1508976000,32.66,32.97,32.6,32.87,5219779.0
1509062400,32.61,32.97,32.43,32.94,4059277.0
1509321600,32.78,33.1,32.51,32.6,3998141.0
1509408000,32.54,32.82,32.43,32.62,4589305.0
1509494400,32.71,32.95,32.545,32.83,2934139.0
1509580800,32.8,33.2399,32.465,33.22,6214598.0
1509667200,33.12,33.37,32.9,33.11,4242511.0
1509926400,33.0,33.08,32.77,32.77,4144841.0
1510012800,32.82,33.02,32.27,32.36,4561456.0
1510099200,32.28,32.39,31.79,32.07,4130146.0
1510185600,31.92,32.21,31.55,32.09,4140395.0
1510272000,32.13,32.38,32.045,32.07,2669691.0
1510531200,32.18,32.63,32.11,32.59,5185287.0
1510617600,32.37,32.66,32.26,32.56,3936393.0
1510704000,32.08,32.74,31.85,32.53,6556729.0
1510790400,33.52,33.86,33.19,33.38,1.1362732E7
1510876800,33.4,34.0401,33.34,33.86,8665801.0
1511136000,33.86,34.32,33.82,33.86,8232766.0
1511222400,33.91,33.99,33.31,33.77,6838202.0
1511308800,33.9,33.98,33.5,33.67,4177322.0
1511481600,33.73,33.755,33.42,33.49,2372259.0
1511740800,33.48,33.5,32.92,33.21,6196285.0
1511827200,33.22,34.61,33.075,34.49,8612137.0
1511913600,34.94,35.68,34.885,35.35,1.1568625E7
1512000000,35.5,36.45,35.435,35.89,1.2016633E7
1512086400,35.79,36.065,34.66,35.94,7336509.0
1512345600,36.57,38.04,36.57,37.45,1.4111953E7
1512432000,37.6,37.93,37.19,37.31,8227480.0
1512518400,37.1,37.6,37.04,37.39,5705954.0
1512604800,37.16,37.73,37.09,37.34,8103359.0
1512691200,37.85,37.85,37.165,37.5,7833933.0
1512950400,37.44,37.7,37.29,37.59,5916793.0
1513036800,37.62,37.86,37.36,37.36,7197824.0
1513123200,37.4,37.54,36.6,36.64,8078735.0
1513209600,36.86,37.33,36.84,36.99,5601721.0
1513296000,37.27,37.6,36.88,37.19,8883521.0
1513555200,37.79,38.965,37.73,38.51,8723520.0
1513641600,38.8,38.85,38.16,38.18,7136985.0
1513728000,38.64,38.65,37.92,37.96,3489660.0
1513814400,38.18,38.77,38.07,38.6,4162742.0
1513900800,38.86,38.86,38.27,38.77,4260019.0
1514246400,38.7,38.96,38.55,38.71,3130468.0
1514332800,38.71,38.82,38.41,38.6,2607222.0
1514419200,38.8,39.11,38.74,38.97,3472744.0
1514505600,39.13,39.17,38.6,38.61,3506529.0
1514851200,38.8,39.0,38.52,38.86,3326886.0
1514937600,38.87,39.18,38.73,39.12,4327329.0
1515024000,39.47,39.86,39.37,39.4,3645907.0
1515110400,39.66,39.79,39.25,39.74,4686523.0
1515369600,39.61,39.78,39.24,39.26,4959693.0
1515456000,39.53,39.81,39.3,39.44,6594309.0
1515542400,39.51,40.03,39.38,39.66,7627096.0
1515628800,39.77,40.17,39.28,39.76,6144238.0
1515715200,40.04,40.05,37.66,39.37,8532072.0
1516060800,39.46,39.58,37.78,37.93,1.296124E7
1516147200,38.16,38.33,37.791,38.06,1.0737223E7
1516233600,38.29,38.29,36.75,37.3,1.3730959E7
1516320000,37.74,38.84,36.85,38.47,1.1775729E7
1516579200,38.18,39.6,38.16,39.52,1.5163719E7
1516665600,39.42,39.94,39.06,39.78,8378425.0
1516752000,39.89,40.19,39.46,39.74,7679372.0
1516838400,39.91,40.03,39.47,39.58,7034589.0
1516924800,39.63,40.235,39.49,40.21,5504686.0
1517184000,40.11,40.59,40.1,40.16,5791854.0
1517270400,39.92,40.16,39.6036,39.63,5453665.0
1517356800,39.75,40.3,39.66,39.68,6981714.0
1517443200,39.54,39.67,39.03,39.66,5474435.0
1517529600,39.5,39.885,38.505,38.68,6191996.0
1517788800,38.26,38.91,36.58,36.88,1.039541E7
1517875200,36.05,37.84,35.45,37.67,9274995.0
1517961600,37.44,38.19,37.3,37.5,8031493.0
1518048000,37.5,37.55,34.97,34.98,9244141.0
1518134400,35.35,35.86,33.605,35.03,1.1802187E7
1518393600,35.35,36.485,35.24,36.24,7027417.0
1518480000,35.92,36.14,35.52,36.01,4509913.0
1518566400,35.81,36.72,35.535,36.7,6964822.0
1518652800,37.04,37.135,36.31,36.84,5219276.0
1518739200,36.74,37.18,36.61,36.73,4413116.0
1519084800,36.63,36.91,36.36,36.56,4235073.0
1519171200,36.61,37.405,36.5,36.57,4423269.0
1519257600,36.77,36.91,36.24,36.33,7871225.0
1519344000,36.54,37.16,36.43,37.15,3101317.0
1519603200,37.27,37.4,36.79,37.39,5200258.0
1519689600,37.39,38.07,36.8,36.81,6428357.0
1519776000,37.17,37.53,36.38,36.39,4691290.0
1519862400,36.5,36.98,35.72,35.85,7483001.0
1519948800,35.56,36.0099,34.7,35.93,5433802.0
1520208000,35.7,36.38,35.425,36.23,6491297.0
1520294400,36.34,36.54,35.615,36.2,4312701.0
1520380800,35.81,36.39,35.71,36.3,4320827.0
1520467200,36.5,36.91,36.1,36.84,4141577.0
1520553600,37.18,37.29,36.59,37.28,5151327.0
1520812800,37.2,37.57,36.81,36.98,3977573.0
1520899200,37.32,37.32,36.6,36.68,5419721.0
1520985600,36.98,37.235,35.995,36.1,4231766.0
1521072000,36.0,36.15,34.49,34.67,1.1898289E7
1521158400,34.83,35.52,34.69,35.2,1.3767804E7
1521417600,35.02,35.47,34.885,35.26,7071388.0
1521504000,35.41,35.675,35.3,35.4,4799813.0
1521590400,35.35,35.86,35.3,35.3,4325081.0
1521676800,34.77,35.12,33.68,33.73,5727993.0
1521763200,33.87,34.0,32.47,32.51,7830294.0
1522022400,33.05,33.415,32.61,33.3,8755048.0
1522108800,33.46,33.73,32.4,32.67,5625044.0
1522195200,32.36,33.71,32.36,33.11,8187002.0
1522281600,33.22,33.67,32.86,33.53,5954091.0
1522627200,33.43,33.7,32.22,32.66,6253009.0
1522713600,32.91,33.515,32.84,33.43,5184716.0
1522800000,32.63,34.0,32.63,33.91,4956139.0
1522886400,34.21,35.34,34.14,34.8,8173150.0
1522972800,34.3,34.455,33.39,33.81,4349842.0
1523232000,34.16,34.72,33.81,33.86,3661659.0
1523318400,34.41,34.555,34.07,34.46,4302014.0
1523404800,34.07,34.65,33.98,34.24,4217399.0
1523491200,34.59,35.08,34.54,34.83,4300886.0
1523577600,35.16,35.29,33.92,34.07,5729227.0
1523836800,34.45,34.65,34.12,34.47,4856971.0
1523923200,34.83,35.06,34.47,34.57,5485272.0
1524009600,34.76,35.24,34.69,34.89,3345926.0
1524096000,34.94,35.59,34.94,35.35,5196836.0
1524182400,35.71,36.21,34.86,35.2,1.028713E7
1524441600,35.31,35.44,34.55,34.73,5856223.0
1524528000,35.09,35.24,34.105,34.35,7072184.0
1524614400,34.16,34.24,33.165,33.29,1.0821662E7
1524700800,33.31,33.53,33.12,33.3,5990821.0
1524787200,33.3,33.44,33.005,33.11,4503516.0
1525046400,33.27,33.585,33.16,33.17,3980059.0
1525132800,33.08,33.15,32.72,33.08,4804545.0
1525219200,32.99,33.41,32.83,32.93,6385956.0
1525305600,32.8,32.81,31.84,32.13,5763410.0
1525392000,31.87,32.75,31.74,32.63,4741022.0
1525651200,32.7,32.8501,32.48,32.72,4973426.0
1525737600,32.83,33.35,32.78,33.08,6296760.0
1525824000,33.26,33.84,33.11,33.73,3983025.0
1525910400,33.73,34.1156,33.6,33.9,3155247.0
1525996800,33.9,34.43,33.9,34.11,3282658.0
1526256000,34.29,34.29,33.88,33.94,2471664.0
1526342400,33.65,34.525,33.65,34.21,3675842.0
1526428800,34.3,34.76,34.08,34.59,3065869.0
1526515200,34.58,35.0,34.47,34.93,3690599.0
1526601600,34.93,35.6298,34.9,35.44,7236704.0
1526860800,35.6,35.955,35.52,35.72,5835561.0
1526947200,35.7,36.32,35.7,36.11,4909759.0
1527033600,35.77,36.12,35.4239,36.12,5063382.0
1527120000,35.99,36.25,35.08,35.9,5140936.0
1527206400,35.82,35.82,35.42,35.61,3982533.0
1527552000,35.17,35.26,34.185,34.47,6116276.0
1527638400,34.85,35.19,34.665,35.02,4759872.0
1527724800,34.85,35.0,34.41,34.63,5582906.0
1527811200,35.16,35.3,34.79,35.04,2911528.0
1528070400,35.19,35.5,35.12,35.45,1941816.0
1528156800,35.37,35.45,34.89,35.0,4116276.0
1528243200,35.1,35.58,34.99,35.58,4222142.0
1528329600,35.65,36.075,35.28,35.55,4058105.0
1528416000,35.54,35.57,35.19,35.45,4143003.0
1528675200,35.51,35.72,35.15,35.26,3265799.0
1528761600,35.45,35.56,35.09,35.3,2538763.0
1528848000,35.43,35.55,34.92,34.94,3281475.0
1528934400,35.06,35.38,34.905,35.26,3391212.0
1529020800,35.07,35.43,34.7,35.22,5265085.0
1529280000,35.0,35.16,34.82,35.0,4166360.0
1529366400,34.63,34.89,34.455,34.81,3130100.0
1529452800,35.03,35.04,34.48,34.51,3426687.0
1529539200,34.4,34.69,33.85,34.22,4518054.0
1529625600,34.54,34.5954,34.07,34.13,8176428.0
1529884800,34.05,34.17,33.5,33.82,4580060.0
1529971200,33.83,33.91,33.37,33.47,4161196.0
1530057600,33.43,33.82,33.0,33.0,3674338.0
1530144000,32.97,33.15,32.55,33.01,4453638.0
1530230400,33.39,33.99,33.32,33.38,5812285.0
1530489600,33.11,33.84,33.11,33.84,4422098.0
1530576000,33.84,33.93,33.45,33.5,2785557.0
1530748800,33.77,33.91,33.53,33.6,5194511.0
1530835200,33.6,33.97,33.44,33.7,5522663.0
1531094400,33.9,34.91,33.88,34.86,3611170.0
1531180800,34.92,35.01,34.755,34.85,3254992.0
1531267200,34.67,35.005,34.64,34.8,3761272.0
1531353600,34.92,34.96,32.61,32.96,1.5117293E7
1531440000,32.8,32.9084,32.11,32.44,9880103.0
1531699200,32.42,32.745,32.41,32.56,5489890.0
1531785600,32.68,33.02,32.58,32.82,4316556.0
1531872000,32.99,33.54,32.8,33.41,5236880.0
1531958400,33.19,33.745,32.96,33.24,5496394.0
1532044800,33.13,33.415,32.79,32.81,6294258.0
1532304000,32.97,33.54,32.95,33.51,4444079.0
1532390400,33.79,34.02,33.47,33.82,4282838.0
1532476800,33.88,33.88,33.08,33.44,5473887.0
1532563200,33.54,33.6,29.44,30.0,2.393062E7
1532649600,30.57,30.71,29.33,29.92,1.559504E7
1532908800,29.64,29.965,28.91,29.51,1.8396555E7
1532995200,29.68,29.76,28.64,28.94,1.1257553E7
1533081600,29.03,29.71,28.9,29.2,1.3528395E7
1533168000,29.06,29.73,28.99,29.69,9421258.0
1533254400,29.66,29.9155,29.175,29.85,6015248.0
1533513600,29.86,30.18,29.55,29.65,5713290.0
1533600000,29.83,30.18,29.7,30.09,6388668.0
1533686400,30.08,30.31,29.96,30.05,5483039.0
1533772800,30.0,30.13,29.7332,29.98,4756022.0
1533859200,29.65,29.76,29.375,29.41,5212883.0
1534118400,29.38,29.5499,29.145,29.19,4760442.0
1534204800,29.87,30.03,29.47,30.01,7830955.0
1534291200,29.67,30.17,29.5,29.86,9945916.0
1534377600,29.84,30.53,29.84,30.43,6904031.0
1534464000,30.43,30.53,30.16,30.37,4815683.0
1534723200,30.39,31.225,30.35,31.07,6580792.0
1534809600,31.06,31.47,30.911,31.17,4878859.0
1534896000,31.11,31.82,31.08,31.7,6564091.0
1534982400,31.71,31.87,31.25,31.27,4084672.0
1535068800,31.3,31.46,31.21,31.36,2475919.0
1535328000,31.56,32.125,31.52,31.83,5081933.0
1535414400,31.8,32.09,31.71,31.82,2674915.0
1535500800,31.93,31.93,31.435,31.68,3369786.0
1535587200,31.61,31.83,31.53,31.61,2672869.0
1535673600,31.46,31.75,31.42,31.67,3605813.0
1536019200,31.59,31.915,31.51,31.88,5077503.0
1536105600,31.9,32.245,31.85,32.01,6134937.0
1536192000,31.88,32.155,31.57,31.8,4590403.0
1536278400,31.78,31.98,31.66,31.73,4745432.0
1536537600,31.73,32.705,31.73,32.18,4905129.0
1536624000,32.03,32.68,31.92,32.44,4370701.0
1536710400,32.4,32.54,32.17,32.29,3446686.0
1536796800,32.35,32.465,32.2,32.21,3420400.0
1536883200,32.3,32.71,32.19,32.59,3319761.0
1537142400,32.68,32.9042,32.38,32.5,4169751.0
1537228800,32.6,33.03,32.47,32.98,4141706.0
1537315200,33.05,33.595,32.96,33.39,4294101.0
1537401600,33.55,33.78,33.44,33.6,4837073.0
1537488000,33.61,33.8197,33.4,33.47,9928391.0
1537747200,33.42,33.52,32.885,33.04,3547607.0
1537833600,33.17,33.17,32.68,32.98,3546405.0
1537920000,32.57,32.77,31.845,31.91,4663052.0
1538006400,31.88,31.98,31.57,31.57,3876934.0
1538092800,31.43,31.495,30.95,31.08,4931163.0
1538352000,31.25,31.8,31.1705,31.48,5078140.0
1538438400,31.38,31.63,31.06,31.34,4768376.0
1538524800,31.58,32.05,31.48,31.78,3856314.0
1538611200,31.81,31.94,31.29,31.5,3488509.0
1538697600,31.59,31.75,31.225,31.31,2606418.0
1538956800,31.11,31.565,30.95,31.33,4522117.0
1539043200,31.15,31.35,30.98,31.15,3740765.0
1539129600,31.28,31.555,30.51,30.52,5350456.0
1539216000,30.3,30.44,29.51,29.73,7268854.0
1539302400,29.96,30.29,29.2763,29.84,5228352.0
1539561600,29.76,30.03,29.59,29.73,3478930.0
1539648000,29.91,30.22,29.56,30.19,2990234.0
1539734400,30.14,30.44,29.7,30.07,3658955.0
1539820800,30.04,30.135,29.445,29.64,5788054.0
1539907200,30.45,31.74,29.42,31.36,1.0238141E7
1540166400,31.51,31.57,29.41,29.47,8823487.0
1540252800,28.82,29.68,28.49,29.58,7275340.0
1540339200,29.65,29.98,28.5,28.56,6664670.0
1540425600,28.75,29.05,28.355,28.83,6267784.0
1540512000,28.5,28.57,27.71,27.98,7973892.0
1540771200,28.32,28.89,27.6,28.01,5437781.0
1540857600,28.23,28.77,28.09,28.74,5081993.0
1540944000,29.03,29.34,28.75,28.88,4849977.0
1541030400,29.08,29.48,28.9101,29.44,4171382.0
1541116800,27.29,27.32,26.125,26.43,1.8857685E7
1541376000,26.5,27.01,26.43,26.72,5859227.0
1541462400,26.67,27.02,26.35,26.87,8879113.0
1541548800,26.98,27.38,26.64,27.35,7951565.0
1541635200,27.27,27.575,27.1942,27.48,5426985.0
1541721600,27.32,27.98,27.25,27.62,5696424.0
1541980800,27.59,27.78,27.14,27.21,3471145.0
1542067200,27.21,27.99,27.21,27.65,5120964.0
1542153600,27.85,27.93,26.675,26.92,5806330.0
1542240000,26.645,26.65,25.93,26.51,9776696.0
1542326400,26.35,26.39,25.44,25.91,9307181.0
1542585600,25.94,26.09,25.2,25.53,6260465.0
1542672000,25.29,25.82,25.06,25.32,5961508.0
1542758400,25.4,26.06,25.33,25.66,4225991.0
1542931200,25.53,25.83,25.36,25.56,2146017.0
1543190400,25.92,26.15,25.81,25.95,5728540.0
1543276800,25.76,26.13,25.72,26.08,5870604.0
1543363200,26.06,26.46,25.945,26.42,4510163.0
1543449600,26.23,26.4036,25.95,25.97,4391428.0
1543536000,26.0,26.04,25.725,25.98,5840654.0
1543795200,26.23,26.415,25.69,25.81,5591053.0
1543881600,25.66,25.85,24.69,24.9,9313328.0
1544054400,24.53,25.16,24.51,25.14,8381521.0
1544140800,25.32,25.93,25.21,25.36,9078490.0
1544400000,25.3,25.41,24.3,24.96,9531130.0
1544486400,25.31,25.5,24.18,24.4,6769408.0
1544572800,24.68,25.07,24.47,24.55,7580611.0
1544659200,24.62,24.73,24.07,24.18,8417984.0
1544745600,23.93,24.67,23.81,24.1,9651287.0
1545004800,24.0,24.146,23.36,23.49,1.0344458E7
1545091200,23.64,23.95,23.32,23.53,1.0224901E7
1545177600,23.5,24.05,23.05,23.2,7631839.0
1545264000,22.97,23.545,22.695,22.99,7602573.0
1545350400,23.0,23.39,22.32,22.5,1.2513141E7
1545609600,22.33,22.94,21.985,22.17,4457599.0
1545782400,22.16,23.16,21.775,23.14,5392852.0
1545868800,22.8,23.44,22.56,23.42,6030122.0
1545955200,23.54,23.81,23.15,23.5,5934442.0
1546214400,23.52,23.67,22.95,23.46,7749821.0
1546387200,23.15,24.27,23.12,24.27,8662529.0
1546473600,24.45,24.53,23.9,24.09,6948328.0
1546560000,24.55,25.345,24.4927,25.24,8027611.0
1546819200,25.16,25.59,24.92,25.37,3993781.0
1546905600,25.51,25.6,25.005,25.42,4347101.0
1546992000,25.53,26.01,25.385,25.99,5126921.0
1547078400,25.89,25.905,25.3601,25.75,4892833.0
1547164800,25.57,26.15,25.48,26.02,5670805.0
1547424000,25.79,25.945,25.55,25.85,6465869.0
1547510400,25.81,25.84,25.45,25.77,4441993.0
1547596800,25.76,26.6,25.76,26.38,4933125.0
1547683200,26.22,26.5,26.04,26.35,3153764.0
1547769600,26.41,26.58,26.03,26.28,6534481.0
1548115200,26.5,26.74,26.3,26.55,1.2985294E7
1548201600,29.96,30.0,28.6847,29.4,4.073937E7
1548288000,29.73,30.43,29.4,29.81,2.3959449E7
1548374400,29.98,30.33,29.78,29.79,1.187118E7
1548633600,29.61,30.32,29.55,29.98,1.1749783E7
1548720000,30.01,30.23,29.56,29.65,9459209.0
1548806400,29.98,30.22,29.765,30.07,7011298.0
1548892800,29.92,30.22,29.86,30.04,8351866.0
1548979200,29.84,30.05,29.61,29.69,6321178.0
1549238400,29.7,29.81,29.19,29.72,6806654.0
1549324800,29.75,30.09,29.61,29.99,8605946.0
1549411200,29.98,30.265,29.74,30.11,6817118.0
1549497600,30.08,30.265,29.8,30.11,7865403.0
1549584000,29.92,30.23,29.765,29.94,6207411.0
1549843200,30.0,30.39,30.0,30.37,7950911.0
1549929600,30.54,30.99,30.42,30.44,7256970.0
1550016000,30.54,30.97,30.54,30.77,3913322.0
1550102400,30.96,31.18,30.75,30.83,7723452.0
1550188800,31.11,31.84,31.11,31.75,7141839.0
1550534400,31.68,31.85,31.55,31.76,4788140.0
1550620800,31.77,32.055,31.75,31.79,7874624.0
1550707200,31.85,31.99,31.645,31.78,5339951.0
1550793600,31.86,32.1668,31.82,31.88,6074349.0
1551052800,32.12,32.305,31.82,31.83,8686392.0
1551139200,31.71,32.15,31.64,32.01,9412626.0
1551225600,32.0,32.2068,31.89,32.02,1.0472872E7
1551312000,32.06,32.65,31.96,32.61,1.2213495E7
1551398400,32.8,33.245,32.39,32.46,5769544.0
1551657600,32.52,32.69,32.16,32.46,4257824.0
1551744000,32.34,32.48,31.94,32.22,8446663.0
1551830400,32.3,32.41,31.88,31.89,4948181.0
1551916800,31.86,31.92,31.39,31.5,7009739.0
1552003200,31.2,31.58,31.085,31.54,5588150.0
1552262400,31.75,32.07,31.68,32.02,7351690.0
1552348800,32.09,32.27,31.93,32.21,5395045.0
1552435200,32.55,33.06,32.4,32.92,7867797.0
1552521600,32.9,33.1865,32.74,32.84,7339132.0
1552608000,32.85,33.32,32.76,33.31,1.3405503E7
1552867200,33.34,33.555,33.19,33.24,4803148.0
1552953600,33.45,33.56,33.0,33.08,5700756.0
1553040000,32.96,33.0,32.38,32.45,5243532.0
1553126400,32.31,33.15,32.22,32.91,4922683.0
1553212800,32.54,32.68,31.65,31.83,6752130.0
1553472000,31.79,32.08,31.12,31.39,8774294.0
1553558400,31.62,31.87,31.34,31.77,5009644.0
1553644800,31.78,31.97,31.47,31.63,4887290.0
1553731200,31.62,32.04,31.62,31.83,3805464.0
1553817600,32.03,32.22,31.785,31.9,4448094.0
1554076800,32.09,32.73,32.0701,32.58,4426068.0
1554163200,32.58,32.645,32.35,32.42,5471529.0
1554249600,32.5,32.7,32.24,32.35,6711724.0
1554336000,32.48,32.8,32.38,32.5,2838750.0
1554422400,32.45,32.72,32.275,32.31,3704084.0
1554681600,32.35,32.545,32.185,32.54,2935288.0
1554768000,32.47,32.47,32.16,32.27,4668566.0
1554854400,32.27,32.63,32.27,32.55,3026734.0
1554940800,32.68,33.145,32.52,32.62,3493731.0
1555027200,32.95,33.25,32.75,33.0,4152959.0
1555286400,33.09,33.37,32.65,32.95,3398203.0
1555372800,33.09,33.24,32.77,33.16,3230558.0
1555459200,33.29,33.42,33.065,33.24,4607129.0
1555545600,33.79,33.79,32.21,33.34,6769735.0
1555891200,33.13,33.61,32.9084,33.55,3998718.0
1555977600,33.51,33.59,33.225,33.46,4474374.0
1556064000,33.36,33.655,33.24,33.53,5069576.0
1556150400,33.41,33.84,33.28,33.5,3943315.0
1556236800,33.48,34.4,33.46,34.4,5281697.0
1556496000,34.43,34.72,34.29,34.41,3205947.0
1556582400,34.53,34.75,34.23,34.67,4130477.0
1556668800,34.74,34.87,34.105,34.16,3959519.0
1556755200,34.24,34.555,34.09,34.15,3320521.0
1556841600,34.13,34.44,34.03,34.34,2621322.0
1557100800,33.69,34.37,33.64,34.29,2441503.0
1557187200,33.88,34.22,33.71,34.0,3253920.0
1557273600,33.85,34.1,33.66,33.82,3255379.0
1557360000,33.61,34.45,33.555,34.4,6861288.0
1557446400,34.35,35.01,34.29,35.01,6703777.0
1557705600,34.43,34.59,33.92,33.99,6193899.0
1557792000,34.03,35.09,34.02,34.77,5217385.0
1557878400,34.42,35.05,34.28,34.86,5080162.0
1557964800,34.86,35.29,34.82,35.24,5038114.0
1558051200,34.83,35.24,34.81,34.91,3969729.0
1558310400,34.89,35.25,34.82,35.0,4498788.0
1558396800,35.24,35.5,35.15,35.15,7097840.0
1558483200,35.19,35.42,35.03,35.24,4239031.0
1558569600,34.97,35.08,34.5,34.75,3951209.0
1558656000,34.96,35.03,34.61,34.81,3111107.0
1559001600,34.55,35.28,34.44,34.6,4485253.0
1559088000,34.48,34.495,34.06,34.37,6789850.0
1559174400,34.41,34.66,34.055,34.23,7363941.0
1559260800,34.04,34.11,33.57,33.63,5320746.0
1559520000,33.6,33.93,32.925,33.3,1.486268E7
1559606400,33.65,33.96,33.49,33.94,1.1834126E7
1559692800,34.14,34.46,33.59,34.07,9162519.0
1559779200,34.24,34.38,33.68,34.33,8399167.0
1559865600,34.36,34.36,33.63,33.78,7046104.0
1560124800,34.19,34.37,33.32,33.32,1.096337E7
1560211200,33.55,34.455,33.5005,34.05,8644453.0
1560297600,34.01,34.16,33.695,33.79,4832775.0
1560384000,33.88,34.21,33.825,33.98,3888185.0
1560470400,34.0,34.085,33.49,33.95,3808241.0
1560729600,34.01,34.33,33.92,34.01,3945636.0
1560816000,33.96,34.78,33.86,34.44,4251447.0
1560902400,34.39,34.495,33.64,33.84,5514158.0
1560988800,34.12,34.3,33.84,34.24,4081500.0
1561075200,34.16,34.46,33.94,34.31,7268990.0
1561334400,34.34,34.6,33.92,33.99,4470756.0
1561420800,33.92,34.14,33.8,33.9,3582099.0
1561507200,33.94,34.39,33.9347,34.23,4790948.0
1561593600,34.22,34.49,34.135,34.29,5981235.0
1561680000,34.5,34.7,34.22,34.67,7422837.0
1561939200,34.94,35.26,34.77,35.07,6532299.0
1562025600,35.1,35.53,35.05,35.19,4195399.0
1562112000,35.33,35.615,35.05,35.53,2642347.0
1562284800,35.62,35.73,35.405,35.61,5178295.0
1562544000,35.39,35.765,35.39,35.7,5509540.0
1562630400,35.46,35.84,35.4,35.76,4049405.0
1562716800,35.79,36.12,35.49,35.52,3319658.0
1562803200,35.63,35.69,35.27,35.64,3787208.0
1562889600,35.72,36.02,35.485,35.96,4544851.0
1563148800,35.96,35.96,35.58,35.84,3460873.0
1563235200,35.93,36.245,35.81,36.03,3357698.0
1563321600,36.02,36.04,35.54,35.54,3354492.0
1563408000,35.48,36.21,35.34,36.09,5667630.0
1563494400,36.06,36.06,34.99,35.05,6923211.0
1563753600,35.19,35.64,35.1,35.34,5337774.0
1563840000,35.42,36.175,35.39,36.08,4482548.0
1563926400,35.89,36.625,35.89,36.59,4740454.0
1564012800,36.69,36.8665,36.39,36.51,3524216.0
1564099200,36.5,36.79,36.28,36.6,2924410.0
1564358400,36.53,36.71,36.335,36.35,1942946.0
1564444800,36.1,36.24,35.97,36.19,2344030.0
1564531200,36.16,36.27,35.75,35.88,5084334.0
1564617600,35.92,36.475,35.43,35.52,4499500.0
1564704000,35.24,35.44,34.65,35.06,3508590.0
1564963200,34.47,34.63,33.64,33.74,5601715.0
1565049600,34.0,34.34,33.745,34.27,4875364.0
1565136000,33.71,34.545,33.52,34.41,5201058.0
1565222400,34.7,35.31,34.59,35.01,3894180.0
1565308800,34.86,35.49,34.78,35.26,3700870.0
1565568000,34.86,34.98,33.87,33.9,4962351.0
1565654400,34.06,34.95,33.82,34.68,4745275.0
1565740800,34.12,34.27,32.74,32.84,6532370.0
1565827200,32.85,33.265,32.45,32.76,6286007.0
1565913600,33.09,33.45,32.935,33.43,4844727.0
1566172800,33.8,33.98,33.44,33.46,6333219.0
1566259200,33.39,33.635,32.92,32.94,3624084.0
1566345600,33.27,33.57,32.96,33.04,2847220.0
1566432000,33.13,33.28,32.77,32.88,3251020.0
1566518400,32.61,32.9,31.39,31.55,5026238.0
1566777600,31.9,31.9892,31.4742,31.83,4920921.0
1566864000,31.87,32.05,31.26,31.39,4925755.0
1566950400,31.25,31.98,31.21,31.97,5017502.0
1567036800,32.32,32.6,32.13,32.26,3303728.0
1567123200,32.51,32.53,31.785,32.05,3524571.0
1567468800,31.76,31.99,31.481,31.74,5500001.0
1567555200,32.14,32.355,32.04,32.3,5271094.0
1567641600,32.63,33.71,32.6,33.28,4186879.0
1567728000,33.34,33.35,32.85,32.88,2807043.0
1567987200,33.21,34.205,33.19,33.71,5614950.0
1568073600,33.68,33.91,33.31,33.8,3629814.0
1568160000,33.94,33.97,33.4,33.93,3224610.0
1568246400,33.89,34.14,33.41,33.85,4742757.0
1568332800,34.14,34.3,33.83,34.18,3674502.0
1568592000,33.86,33.98,33.49,33.89,2403842.0
1568678400,33.87,34.03,33.45,33.96,2627351.0
1568764800,33.84,34.2,33.62,34.08,2972356.0
1568851200,34.06,34.505,33.94,34.04,3395793.0
1568937600,34.06,34.34,33.81,33.86,8266766.0
1569196800,33.58,34.26,33.42,34.12,5020451.0
1569283200,34.27,34.38,33.49,33.67,6203021.0
1569369600,33.61,33.91,33.32,33.85,3497959.0
1569456000,33.53,33.96,33.53,33.66,3325114.0
1569542400,33.92,34.03,33.335,33.62,4011137.0
1569801600,33.71,34.23,33.695,34.09,4694503.0
1569888000,34.32,34.44,33.145,33.15,5167502.0
1569974400,32.97,33.03,32.14,32.17,5194041.0
1570060800,32.03,32.31,31.56,32.25,4626003.0
1570147200,32.29,32.655,32.2,32.64,3218049.0
1570406400,32.7079,32.855,32.27,32.42,3308859.0
1570492800,32.01,32.045,31.4,31.4,4842175.0
1570579200,31.68,32.28,31.59,32.15,4371869.0
1570665600,32.22,32.93,32.12,32.49,4547399.0
1570752000,32.98,33.62,32.972,33.04,5135216.0
1571011200,32.92,33.33,32.84,33.12,4799200.0
1571097600,33.23,33.9,33.105,33.69,5135200.0
1571184000,33.71,33.98,33.405,33.49,4966620.0
1571270400,33.6,34.185,33.58,33.98,6189742.0
1571356800,34.7,34.94,33.9,34.29,7087723.0
1571616000,34.66,35.12,34.56,35.06,6178612.0
1571702400,35.09,35.24,34.79,34.97,4266562.0
1571788800,34.89,35.27,34.675,35.09,5269447.0
1571875200,35.07,35.16,34.65,35.01,4960574.0
1571961600,35.0,35.41,34.82,35.29,4640800.0
1572220800,35.5,35.98,35.45,35.68,5394699.0
1572307200,35.61,36.02,35.61,35.79,4978312.0
1572393600,35.8,35.85,35.39,35.59,3832870.0
1572480000,35.45,35.66,35.0,35.37,5056995.0
1572566400,35.47,35.82,35.375,35.74,3411131.0
1572825600,36.0,36.23,35.89,36.2,4148471.0
1572912000,36.25,36.54,36.15,36.28,7218149.0
1572998400,36.34,36.857,36.235,36.82,4942596.0
1573084800,37.04,37.325,36.91,36.96,4834683.0
1573171200,36.9,36.98,36.41,36.94,4013147.0
1573430400,36.71,37.05,36.62,36.89,3094888.0
1573516800,36.83,36.98,36.65,36.89,3653692.0
1573603200,36.56,36.91,36.48,36.56,2813880.0
1573689600,36.36,36.875,36.35,36.73,3107169.0
1573776000,37.0,37.24,36.92,37.05,4583846.0
1574035200,36.92,37.1385,36.69,37.11,4410472.0
1574121600,37.19,37.24,36.83,36.92,3271415.0
1574208000,36.74,36.93,36.455,36.56,3894215.0
1574294400,36.61,36.88,36.322,36.77,3304253.0
1574380800,36.87,37.115,36.68,36.9,3071904.0
1574640000,36.99,37.42,36.92,37.33,5637014.0
1574726400,37.33,37.59,37.02,37.39,4906716.0
1574812800,37.38,37.48,37.12,37.38,3056280.0
1574985600,37.33,37.575,37.27,37.41,1592322.0
1575244800,37.6,37.6,37.09,37.14,4066891.0
1575331200,36.74,36.91,36.16,36.82,4991825.0
1575417600,36.83,37.625,36.83,37.48,6140554.0
1575504000,37.26,37.61,37.15,37.49,4815270.0
1575590400,37.92,38.07,37.74,37.76,4408346.0
1575849600,37.76,37.84,37.55,37.56,4242246.0
1575936000,37.45,37.64,37.32,37.42,4448094.0
1576022400,37.35,37.54,37.005,37.14,4402147.0
1576108800,37.0,37.81,36.92,37.69,5341934.0
1576195200,37.61,38.18,37.42,37.69,4466733.0
1576454400,37.9,38.11,37.17,37.18,6458239.0
1576540800,37.27,37.275,36.86,36.91,8197921.0
1576627200,37.0,37.07,36.72,36.79,6621585.0
1576713600,36.81,36.87,36.25,36.44,6519818.0
1576800000,36.61,37.01,36.515,36.74,1.4462512E7
1577059200,36.77,36.78,36.255,36.33,3005234.0
1577145600,36.33,36.45,36.27,36.32,1135046.0
1577318400,36.4,36.49,36.185,36.26,2651631.0
1577404800,36.31,36.45,36.235,36.29,2932245.0
1577664000,36.42,36.425,36.005,36.05,2568063.0
1577750400,36.02,36.22,35.87,36.01,2657664.0
1577923200,36.14,36.24,36.03,36.21,3568061.0
1578009600,35.67,35.975,35.55,35.69,3993939.0
1578268800,35.34,35.68,35.21,35.68,5145893.0
1578355200,35.51,35.585,35.16,35.18,3136875.0
1578441600,35.22,35.655,35.2,35.45,4736708.0
1578528000,35.65,35.85,35.31,35.43,3946327.0
1578614400,35.42,35.68,35.21,35.47,4882680.0
1578873600,35.53,35.575,35.19,35.41,3902753.0
1578960000,35.37,35.685,35.31,35.4,7005073.0
1579046400,35.27,35.45,35.05,35.2,5256440.0
1579132800,35.4,35.61,35.31,35.48,5872486.0
1579219200,35.59,35.97,35.49,35.76,5697579.0
1579564800,35.57,36.01,35.51,35.72,5853207.0
1579651200,36.07,36.43,35.84,36.42,5703041.0
1579737600,36.35,36.3732,35.835,36.2,8294953.0
1579824000,34.1,34.5,32.4346,32.63,1.5776343E7
1580083200,32.08,32.26,31.7,32.2,8073115.0
1580169600,32.41,32.905,32.28,32.57,6472240.0
1580256000,32.62,32.915,32.48,32.64,4654142.0
1580342400,32.33,33.27,32.33,33.12,6376240.0
1580428800,32.93,33.01,32.205,32.41,6716903.0
1580688000,32.65,32.92,32.225,32.42,7252900.0
1580774400,32.9,33.21,32.61,32.65,6005856.0
1580860800,33.07,33.53,32.98,33.43,6349074.0
1580947200,33.38,33.66,33.08,33.19,5478253.0
1581033600,32.98,33.26,32.755,33.19,6453748.0
1581292800,33.05,33.34,33.05,33.27,7959509.0
1581379200,33.43,33.565,33.28,33.33,9637521.0
1581465600,33.52,33.92,33.32,33.58,7149346.0
1581552000,33.48,33.88,33.45,33.82,4214673.0
1581638400,33.85,33.99,33.57,33.75,5615783.0
1581984000,33.6,33.95,33.18,33.27,5570220.0
1582070400,33.32,33.46,33.005,33.37,6086476.0
1582156800,33.24,33.885,33.2,33.64,4866365.0
1582243200,33.51,33.565,33.03,33.33,4868351.0
1582502400,32.18,32.57,32.12,32.25,8475822.0
1582588800,32.21,32.25,30.59,30.76,9860725.0
1582675200,31.0,31.41,30.59,30.59,9640800.0
1582761600,29.86,30.79,29.39,29.68,1.0894902E7
1582848000,28.68,29.19,28.07,29.1,1.7476048E7
1583107200,29.28,30.4,29.15,30.39,1.061455E7
1583193600,30.22,30.67,28.71,28.87,9562622.0
1583280000,29.37,30.28,29.09,30.14,8613899.0
1583366400,29.04,29.87,28.98,29.26,1.0808356E7
1583452800,28.1,28.87,27.755,28.25,1.0763688E7
1583712000,26.09,26.28,24.69,25.02,1.0877444E7
1583798400,26.13,26.42,24.58,26.27,1.1415707E7
1583884800,25.5,25.85,24.19,24.49,1.4891218E7
1583971200,22.56,23.98,21.65,21.67,1.47236E7
1584057600,23.41,24.16,22.22,24.13,1.3296773E7
1584316800,19.5,20.01,17.75,17.85,1.619248E7
1584403200,18.42,18.86,16.1,17.46,1.8349862E7
1584489600,16.15,16.59,12.15,13.93,1.3580912E7
1584576000,13.63,15.38,12.31,14.6,1.5389675E7
1584662400,14.97,15.2,13.26,13.41,1.2911058E7
1584921600,13.28,13.44,12.25,12.8,1.4916762E7
1585008000,13.88,15.25,13.68,14.74,1.2388306E7
1585094400,15.79,17.315,15.11,16.66,1.3320001E7
1585180800,17.15,19.86,17.0,19.03,1.8978471E7
1585267200,17.92,18.18,16.85,17.1,1.1821146E7
1585526400,16.94,17.0,16.06,16.77,7263835.0
1585612800,16.68,16.8396,15.96,16.09,1.0747885E7
1585699200,14.97,15.2,13.96,14.51,1.2834505E7
1585785600,14.33,15.13,13.71,14.31,9770119.0
1585872000,14.04,14.26,12.98,13.25,1.2080003E7
1586131200,14.32,15.67,14.17,15.49,1.1558229E7
1586217600,17.0,18.19,15.96,16.12,1.4933762E7
1586304000,16.56,17.03,16.105,16.82,9894695.0
1586390400,17.84,18.92,17.34,17.62,1.3614051E7
1586736000,17.82,18.02,16.135,16.22,1.1938875E7
1586822400,16.46,16.98,15.6,15.9,1.0696724E7
1586908800,14.94,15.29,14.56,14.95,8363071.0
1586995200,14.85,15.0,14.02,14.17,9833903.0
1587081600,15.13,15.7,14.99,15.62,1.164634E7
1587340800,15.14,15.985,14.78,15.59,1.0747612E7
1587427200,15.0,15.985,14.51,15.17,1.0929115E7
1587513600,15.63,16.17,15.25,16.05,9970270.0
1587600000,16.06,16.68,16.04,16.1,9048078.0
1587686400,16.25,17.015,16.19,16.97,1.2224514E7
1587945600,17.17,17.78,17.07,17.62,1.1560345E7
1588032000,18.65,19.23,18.39,18.74,1.0486355E7
1588118400,19.98,21.38,19.86,21.05,1.4835418E7
1588204800,20.38,20.91,19.42,19.79,1.0494868E7
1588291200,18.65,18.76,18.05,18.51,8218547.0
1588550400,17.95,18.56,17.57,18.43,7775318.0
1588636800,18.9,19.35,17.95,18.0,7899778.0
1588723200,18.2,18.42,17.26,17.3,6320774.0
1588809600,17.58,18.36,17.5,17.99,8191632.0
1588896000,18.48,18.68,18.3,18.62,4907820.0
1589155200,18.18,18.23,17.535,17.73,6252705.0
1589241600,17.76,18.12,16.96,16.98,5827455.0
1589328000,16.73,16.79,15.75,15.87,1.4054369E7
1589414400,15.4,17.18,15.17,17.07,1.1878177E7
1589500800,16.79,17.13,16.455,16.54,6019174.0
1589760000,17.65,18.11,17.56,17.96,7788995.0
1589846400,17.8,18.2476,17.23,17.63,8177877.0
1589932800,18.06,18.425,17.98,18.11,8362393.0
1590019200,18.08,18.36,17.85,18.13,4733866.0
1590105600,18.08,18.15,17.545,17.85,4521222.0
1590451200,19.0,19.745,18.9,19.48,6925984.0
1590537600,20.95,21.4,20.165,21.35,1.4811825E7
1590624000,22.01,22.34,21.01,21.24,1.0115732E7
1590710400,20.55,21.12,20.23,20.37,9237387.0
1590969600,20.47,21.28,20.19,21.1,5751414.0
1591056000,21.52,22.39,21.5,22.07,1.1442634E7
1591142400,22.89,24.1,22.75,23.69,1.1010823E7
1591228800,23.42,24.48,22.94,24.33,8537252.0
1591315200,26.75,27.5,25.355,25.52,1.3584632E7
1591574400,26.91,27.0,26.125,26.87,1.1088653E7
1591660800,25.77,26.165,25.36,25.86,6656081.0
1591747200,25.59,25.71,24.15,24.37,8059145.0
1591833600,22.16,23.32,21.99,22.15,9077452.0
1591920000,23.78,23.82,22.4,23.77,9480513.0
1592179200,22.71,24.65,22.5323,24.39,9095590.0
1592265600,25.96,26.01,24.33,25.16,9950281.0
1592352000,25.26,25.49,24.66,24.75,1.195656E7
1592438400,24.17,24.8,24.02,24.25,9068424.0
1592524800,24.88,24.91,23.365,23.77,1.4823217E7
1592784000,23.53,24.095,23.18,23.79,1.1375391E7
1592870400,24.16,24.51,23.775,23.92,1.0912105E7
1592956800,23.25,23.35,22.07,22.09,8393091.0
1593043200,21.91,22.81,21.69,22.75,7674532.0
1593129600,22.22,22.31,21.24,21.39,1.1816495E7
1593388800,21.74,22.17,21.325,21.95,5313052.0
1593475200,21.77,22.29,21.64,22.16,4662013.0
1593561600,22.3,22.67,21.4,21.61,5988211.0
1593648000,22.35,22.825,21.8,21.86,7211943.0
1593993600,22.48,22.87,22.31,22.8,4960260.0
1594080000,22.58,22.67,21.76,21.79,4684178.0
1594166400,21.76,22.34,21.62,22.32,5180996.0
1594252800,22.27,22.29,21.04,21.34,5288391.0
1594339200,21.39,22.58,21.28,22.56,4884583.0
1594598400,22.93,23.21,22.27,22.69,7377253.0
1594684800,22.57,22.955,22.15,22.45,6947279.0
1594771200,22.75,23.77,22.74,23.64,7054808.0
1594857600,23.42,24.13,23.25,23.75,4541338.0
1594944000,23.7,23.83,23.01,23.21,6367785.0
1595203200,23.15,23.275,22.37,22.38,6842180.0
1595289600,22.05,23.21,21.67,22.64,8415429.0
1595376000,22.24,23.15,22.14,22.92,4752067.0
1595462400,22.7,23.5,22.65,23.39,7382624.0
1595548800,23.5,23.84,23.18,23.56,7298558.0
1595808000,23.4,23.81,22.88,23.74,5637061.0
1595894400,23.51,23.8,23.01,23.08,4834716.0
1595980800,23.08,23.81,22.97,23.78,4075716.0
1596067200,23.21,23.315,22.72,23.17,4594703.0
1596153600,23.0,23.0,21.895,22.13,6281211.0
1596412800,22.3,22.99,22.04,22.72,6037274.0
1596499200,22.68,22.98,22.55,22.65,4207964.0
1596585600,22.93,23.39,22.69,23.33,5664644.0
1596672000,23.07,23.34,22.89,23.09,4311503.0
1596758400,22.86,23.69,22.55,23.69,5086852.0
1597017600,23.73,25.0,23.71,24.59,7728498.0
1597104000,25.55,26.125,25.03,25.1,5512346.0
1597190400,25.65,25.71,24.07,24.74,5416040.0
1597276800,24.4,24.77,24.18,24.7,4459899.0
1597363200,24.4,25.24,24.175,24.93,3860156.0
1597622400,24.8,24.88,24.22,24.35,4962541.0
1597708800,24.44,24.55,23.885,23.98,4975240.0
1597795200,24.13,24.53,23.9,24.11,4647008.0
1597881600,23.71,24.12,23.66,23.94,4431740.0
1597968000,23.9,24.275,23.82,23.91,2264115.0
1598227200,24.1,25.26,23.93,25.25,5358154.0
1598313600,25.59,25.72,24.71,24.9,3955677.0
1598400000,24.78,25.01,24.3337,24.45,3012471.0
1598486400,24.53,25.745,24.4946,25.58,5587798.0
1598572800,25.75,25.93,25.43,25.78,3140864.0
1598832000,25.77,25.77,24.81,24.81,5755793.0
1598918400,24.65,25.19,24.39,24.86,3633709.0
1599004800,24.87,25.01,24.51,24.82,6939288.0
1599091200,25.06,25.88,24.6,25.12,7629383.0
1599177600,25.65,26.49,25.38,26.17,7218231.0
1599523200,25.61,26.1,25.31,25.53,5358966.0
1599609600,25.8,25.855,25.141,25.6,3077736.0
1599696000,25.79,26.59,25.315,25.4,5687178.0
1599782400,25.49,25.85,25.27,25.79,3330314.0
1600041600,26.01,27.38,26.01,26.96,5575785.0
1600128000,27.06,27.14,26.47,26.49,4964087.0
1600214400,26.65,27.915,26.135,27.59,7267458.0
1600300800,27.08,27.73,26.89,27.64,4944214.0
1600387200,27.45,27.765,27.062,27.23,5310045.0
1600646400,26.1,26.49,25.665,25.9,6442576.0
1600732800,25.91,26.27,25.12,25.61,5322111.0
1600819200,25.73,26.28,24.97,25.1,5876619.0
1600905600,24.88,25.455,24.2,24.77,4978574.0
1600992000,24.57,25.27,24.52,25.14,3443567.0
1601251200,25.85,26.26,25.65,25.79,3322087.0
1601337600,25.84,25.97,25.275,25.55,3377412.0
1601424000,25.68,26.615,25.55,26.17,6467741.0
1601510400,26.45,26.7,26.1121,26.65,5059787.0
1601596800,26.13,27.6,25.88,27.46,3597365.0
1601856000,27.88,28.48,27.83,28.38,4232076.0
1601942400,28.85,29.03,27.17,27.5,5768205.0
1602028800,27.95,28.71,27.89,28.3,3930884.0
1602115200,28.57,29.195,28.39,29.15,3265709.0
1602201600,29.24,29.49,28.66,28.84,6596024.0
1602460800,29.18,29.18,28.7514,28.87,4034787.0
1602547200,28.61,28.9,28.3036,28.54,3181633.0
1602633600,28.67,29.045,28.53,28.67,2827108.0
1602720000,28.31,29.1399,28.12,29.1,2565369.0
1602806400,29.31,29.865,29.21,29.38,3656599.0
1603065600,29.61,29.985,29.035,29.08,5455288.0
1603152000,28.06,28.41,27.43,27.61,1.1557937E7
1603238400,27.52,27.65,26.805,26.86,6723727.0
1603324800,27.25,28.06,27.02,27.96,5013602.0
1603411200,28.23,28.43,27.16,27.75,7351507.0
1603670400,27.27,27.29,26.37,26.89,5266669.0
1603756800,26.89,26.997,26.22,26.23,3668936.0
1603843200,25.39,25.825,24.875,25.17,6082836.0
1603929600,25.08,25.605,24.76,25.46,4320945.0
1604016000,25.01,25.35,24.47,25.02,4695281.0
1604275200,25.51,26.175,25.35,25.96,3552634.0
1604361600,26.74,26.95,26.415,26.66,3985191.0
1604448000,25.94,27.31,25.179,26.52,6709689.0
1604534400,26.86,27.66,26.83,27.48,4233290.0
1604620800,27.53,27.765,26.65,26.8,3108385.0
1604880000,29.99,31.0,29.75,29.85,1.1257262E7
1604966400,29.87,30.36,29.57,29.61,5692152.0
1605052800,29.74,29.805,28.55,29.4,5649214.0
1605139200,28.92,29.825,28.7,29.11,4225212.0
1605225600,29.51,30.24,29.34,30.02,4021739.0
1605484800,31.0,31.52,30.58,31.11,6004523.0
1605571200,30.55,30.76,29.555,30.57,3914654.0
1605657600,30.62,31.36,30.08,30.08,4522820.0
1605744000,29.8,30.17,29.48,30.05,3129039.0
1605830400,29.78,29.87,29.32,29.45,4045870.0
1606089600,30.08,30.9,29.84,30.63,3396300.0
1606176000,31.5,31.99,31.16,31.97,5505470.0
1606262400,31.6,31.6,30.995,31.38,3173250.0
1606435200,31.2,31.315,30.86,31.09,1351073.0
1606694400,31.6,31.91,30.435,30.47,6726547.0
1606780800,31.25,32.04,31.09,31.47,4775003.0
1606867200,31.4,32.465,31.03,32.33,4440842.0
1606953600,32.19,32.73,32.05,32.35,3168804.0
1607040000,32.76,33.04,32.18,32.97,4127188.0
1607299200,32.83,32.95,32.33,32.57,4580562.0
1607385600,32.07,32.52,31.873,32.39,3836956.0
1607472000,32.55,32.85,32.05,32.35,4979804.0
1607558400,32.3,33.105,31.89,32.98,4741263.0
1607644800,32.61,32.7,32.0082,32.27,4805238.0
1607904000,32.75,32.78,31.64,31.91,2978063.0
1607990400,32.35,32.76,31.7,32.73,4313349.0
1608076800,32.92,33.1,32.285,32.96,2935156.0
1608163200,33.09,33.33,32.81,33.3,3046965.0
1608249600,33.21,33.25,32.17,32.35,8973935.0
1608508800,32.7,33.885,32.31,33.38,6644718.0
1608595200,33.51,33.935,33.24,33.26,3663365.0
1608681600,33.6,34.4,33.535,34.13,2976334.0
1608768000,34.2,34.2,33.61,33.96,844443.0
1609113600,34.17,34.52,33.95,33.95,1903184.0
1609200000,34.07,34.21,33.45,33.93,2217026.0
1609286400,34.0,34.65,33.93,34.29,2617542.0
1609372800,34.21,34.78,34.1,34.71,2331659.0
1609718400,35.0,35.04,34.07,34.14,6207590.0
1609804800,34.25,34.98,34.195,34.77,5154191.0
1609891200,35.54,37.35,35.16,36.88,1.0200043E7
1609977600,37.29,37.43,36.39,36.71,8355637.0
1610064000,36.85,36.97,36.04,36.58,4614975.0
1610323200,35.98,36.53,35.6,36.29,4701412.0
1610409600,36.43,37.05,36.21,36.56,3777903.0
1610496000,36.67,37.96,36.61,37.41,7977660.0
1610582400,37.71,39.18,37.52,38.91,1.0254773E7
1610668800,38.23,39.185,37.84,38.77,7955723.0
1611014400,39.68,39.96,39.29,39.7,7771888.0
1611100800,40.0,40.69,39.56,39.91,5688925.0
1611187200,39.49,39.95,38.07,38.17,7097087.0
1611273600,37.59,37.66,37.17,37.37,5598213.0
1611532800,36.96,37.0,35.53,36.63,6013565.0
1611619200,36.92,36.97,35.35,35.38,5316897.0
1611705600,35.14,35.75,34.15,34.38,9433487.0
1611792000,34.83,36.08,34.26,35.89,1.1743395E7
1611878400,34.87,35.85,33.41,33.65,1.2483537E7
1612137600,34.63,34.86,33.99,34.69,7520438.0
1612224000,35.1,36.25,35.077,36.04,8212020.0
1612310400,36.03,36.43,35.65,36.11,5291849.0
1612396800,36.0,37.63,36.0,37.14,8455097.0
1612483200,37.6,37.82,37.18,37.29,4858889.0
1612742400,37.55,37.7563,37.07,37.67,7481482.0
1612828800,37.61,37.74,37.1,37.12,7013050.0
1612915200,37.45,37.92,36.83,37.88,4124652.0
1613001600,37.88,37.965,36.85,37.28,2945637.0
1613088000,37.32,37.71,36.91,37.15,2992158.0
1613433600,37.46,38.03,37.095,37.9,3757312.0
1613520000,37.7,38.305,37.31,37.47,4642891.0
1613606400,37.06,37.42,36.45,36.65,4937032.0
1613692800,37.06,38.315,36.98,38.08,5612726.0
1613952000,37.95,39.38,37.94,38.82,6068832.0
1614038400,39.0,39.23,38.01,38.48,6820879.0
1614124800,38.66,40.32,38.6,40.22,8010194.0
1614211200,40.5,40.6,38.715,39.02,7490960.0
1614297600,38.77,39.46,37.98,38.68,7518187.0
1614556800,39.46,40.44,39.4,40.0,8210993.0
1614643200,39.83,40.29,39.44,39.56,6106571.0
1614729600,39.84,40.895,39.71,40.12,5423464.0
1614816000,39.77,40.18,37.76,38.91,8090787.0
1614902400,39.75,40.22,37.92,40.1,7214810.0
1615161600,40.51,41.21,40.04,40.64,8167866.0
1615248000,40.46,40.735,39.62,40.17,6960005.0
1615334400,40.48,41.86,40.47,41.61,6144280.0
1615420800,41.43,42.81,41.25,42.66,5369642.0
1615507200,43.02,43.24,42.57,42.7,4044485.0
1615766400,42.83,43.01,41.62,42.82,6448617.0
1615852800,42.67,42.685,41.31,42.2,6820222.0
1615939200,42.47,43.16,41.88,43.14,7243802.0
1616025600,43.43,43.61,40.99,41.26,8054680.0
1616112000,40.61,41.52,40.0201,40.97,9836018.0
1616371200,40.86,40.96,40.245,40.54,6843480.0
1616457600,40.06,40.395,38.45,38.8,9354386.0
1616544000,39.5,40.035,39.22,39.49,9934028.0
1616630400,39.1,40.86,38.24,40.73,8072426.0
1616716800,41.66,41.88,40.39,41.32,6159094.0
1616976000,40.67,40.96,39.815,40.3,7423405.0
1617062400,40.57,41.31,40.57,41.06,6312627.0
1617148800,40.94,41.61,40.64,40.66,5550303.0
1617235200,40.94,41.83,40.84,41.66,5775937.0
1617580800,42.16,42.51,41.84,42.22,7898722.0
1617667200,42.05,42.505,41.89,42.19,5310882.0
1617753600,42.34,43.03,42.21,42.49,5536258.0
1617840000,42.2,42.34,41.43,42.25,4697052.0
1617926400,42.88,43.09,42.2388,42.8,6593831.0
1618185600,42.81,43.24,42.545,43.15,4670994.0
1618272000,42.83,43.0,41.26,41.46,7508706.0
1618358400,40.31,42.0,40.22,41.5,6786719.0
1618444800,41.7,41.7,40.69,41.28,5439876.0
1618531200,41.74,42.14,41.3,41.39,4526811.0
1618790400,41.32,41.46,40.47,40.73,1.0066924E7
1618876800,40.5,40.5,39.07,39.57,4631706.0
1618963200,39.18,40.2,38.65,40.18,6107949.0
1619049600,40.39,40.59,39.76,39.88,3443240.0
1619136000,39.8,40.9,39.56,40.68,3181647.0
1619395200,40.8,41.8,40.8,41.47,4549900.0
1619481600,39.71,40.89,39.6,40.73,9905398.0
1619568000,41.08,43.08,41.02,43.03,8877467.0
1619654400,43.37,44.58,43.21,44.44,9386701.0
1619740800,43.89,44.22,43.55,43.74,6888198.0
1620000000,44.29,44.545,43.27,43.68,5947666.0
1620086400,43.5,44.84,43.11,44.59,8712279.0
1620172800,44.86,45.235,44.675,44.79,3746793.0
1620259200,45.04,45.307,44.15,44.9,6489351.0
1620345600,44.46,45.98,44.08,45.9,5551356.0
1620604800,46.55,47.215,45.98,46.02,7221991.0
1620691200,45.2,45.79,44.46,45.21,5771407.0
1620777600,45.4,45.72,43.92,44.13,6093358.0
1620864000,44.13,45.585,44.04,45.27,5845762.0
1620950400,45.69,46.976,45.54,46.8,4700790.0
1621209600,46.51,47.16,46.365,46.91,4448631.0
1621296000,46.65,47.1355,45.84,45.85,5048386.0
1621382400,45.05,45.9,44.54,45.87,4616877.0
1621468800,46.07,46.23,45.36,45.76,4675759.0
1621555200,46.09,46.8673,45.96,46.22,4640085.0
1621814400,46.48,46.67,46.03,46.4,3493527.0
1621900800,46.79,47.675,46.125,46.26,5430623.0
1621987200,46.42,46.92,46.31,46.75,4337623.0
1622073600,47.46,48.17,47.14,47.7,9257562.0
1622160000,47.63,47.9,46.875,47.41,3977530.0
1622505600,48.065,48.99,48.065,48.97,5985087.0
1622592000,49.9,50.07,48.82,49.5,7479170.0
1622678400,49.37,50.01,49.01,49.85,7028258.0
1622764800,50.0,50.24,49.66,49.79,5425928.0
1623024000,49.73,50.47,49.73,50.45,4000287.0
1623110400,50.21,50.96,49.73,50.8,5298666.0
1623196800,50.86,50.86,49.84,50.07,3274706.0
1623283200,50.78,50.85,48.94,48.99,4166915.0
1623369600,49.12,49.44,48.875,49.37,3816556.0
1623628800,49.27,49.36,48.31,48.64,3238354.0
1623715200,48.83,50.27,48.4501,50.05,4763090.0
1623801600,49.77,50.06,48.98,49.51,4723090.0
1623888000,49.78,49.945,46.99,47.51,5801322.0
1623974400,46.47,46.72,45.575,46.14,1.1434899E7
1624233600,46.66,48.02,46.55,48.0,6317385.0
1624320000,47.79,48.32,47.37,47.9,6250424.0
1624406400,48.02,48.475,47.94,48.32,3172838.0
1624492800,48.71,49.18,48.3,49.0,3764501.0
1624579200,49.5,50.11,49.27,49.8,9361818.0
1624838400,49.63,49.66,48.38,48.49,6401030.0
1624924800,49.0,49.31,47.69,48.0,5721885.0
1625011200,47.86,48.66,47.8,48.52,3914789.0
1625097600,48.73,49.39,48.61,48.87,5825218.0
1625184000,49.08,49.45,48.92,49.05,3566408.0
1625529600,49.0,49.125,47.52,47.87,4557572.0
1625616000,47.5,48.355,47.2,47.96,4503601.0
1625702400,46.61,47.57,45.72,46.71,6026818.0
1625788800,48.03,48.86,47.92,48.73,4617592.0
1626048000,48.25,49.835,47.9,49.5,4425267.0
1626134400,49.5,49.885,48.51,48.64,6309602.0
1626220800,48.97,49.66,47.365,47.5,6213747.0
1626307200,46.84,47.855,46.7,47.72,5036851.0
1626393600,48.19,48.215,46.56,46.73,4957464.0
1626652800,45.52,45.6,44.35,44.8,7430745.0
1626739200,43.48,46.095,43.08,46.0,6370521.0
1626825600,46.43,47.73,46.32,47.14,5606265.0
1626912000,47.01,47.34,45.48,45.91,5458230.0
1626998400,46.12,47.2,46.12,46.51,5029929.0
1627257600,46.49,47.49,46.36,47.14,4081795.0
1627344000,46.65,47.63,46.22,47.23,3923466.0
1627430400,47.38,47.54,46.33,47.21,4442830.0
1627516800,47.96,48.39,47.5,48.32,4016815.0
1627603200,47.8,48.785,46.805,47.02,9100414.0
1627862400,47.45,48.53,46.71,46.85,4446810.0
1627948800,47.05,47.21,45.14,47.12,5024017.0
1628035200,46.62,47.8216,46.37,47.17,3245142.0
1628121600,47.49,48.395,47.49,48.29,4000443.0
1628208000,48.99,49.895,48.905,49.4,4995308.0
1628467200,49.08,49.395,48.38,48.97,4202240.0
1628553600,49.0,50.2,48.84,50.13,4313635.0
1628640000,50.27,51.27,49.64,51.21,3477474.0
1628726400,51.17,51.79,50.76,51.62,2837199.0
1628812800,51.78,51.98,51.46,51.81,2542680.0
1629072000,51.19,51.55,50.73,51.46,3663551.0
1629158400,50.93,51.22,50.02,50.69,3838629.0
1629244800,50.42,51.05,49.91,49.95,4637820.0
1629331200,49.17,49.78,48.38,49.01,4825192.0
1629417600,49.01,49.48,48.58,49.2,3765680.0
1629676800,49.63,50.12,49.52,49.71,3486144.0
1629763200,49.99,50.57,49.9,50.21,2758827.0
1629849600,50.33,51.71,50.24,51.42,3533747.0
1629936000,51.7,51.7,50.63,50.77,3236086.0
1630022400,50.82,52.105,50.82,51.95,3358399.0
1630281600,52.14,52.14,49.34,49.35,7194931.0
1630368000,49.2,50.095,49.01,49.75,6789754.0
1630454400,49.29,49.455,48.531,48.59,5760183.0
1630540800,48.67,48.975,48.035,48.31,4135120.0
1630627200,48.16,48.23,47.07,47.38,5088438.0
1630972800,47.27,47.94,46.635,46.68,5115133.0
1631059200,46.49,46.49,45.23,45.68,5659831.0
1631145600,45.68,47.97,45.51,46.58,1.0186631E7
1631232000,47.18,48.01,46.71,47.32,7052539.0
1631491200,47.79,48.71,47.57,48.69,5573818.0
1631577600,48.76,49.33,47.395,47.68,4769092.0
1631664000,47.83,48.655,47.62,48.24,5012236.0
1631750400,48.57,49.59,48.31,48.69,5229567.0
1631836800,48.67,49.46,48.15,48.44,9820481.0
1632096000,46.82,47.5,46.31,47.28,5058758.0
1632182400,47.7,48.0,47.17,47.53,4423411.0
1632268800,48.31,48.8699,48.1623,48.35,4153441.0
1632355200,49.05,50.38,48.9,49.84,4130562.0
1632441600,49.55,50.68,49.53,50.23,3901114.0
1632700800,50.61,51.96,50.58,51.72,3896523.0
1632787200,51.55,52.2,50.55,50.67,4357833.0
1632873600,51.04,51.11,50.32,50.54,2499554.0
1632960000,50.81,50.85,48.78,48.88,6099522.0
1633046400,49.0,50.2,48.73,49.91,4798900.0
1633305600,49.94,50.82,49.545,49.62,4884355.0
1633392000,50.17,50.475,49.55,50.16,3889348.0
1633478400,49.78,50.46,48.74,49.85,4070724.0
1633564800,50.5,50.77,49.55,49.62,5279546.0
1633651200,49.72,50.45,49.275,49.95,3232538.0
1633910400,50.14,50.78,49.02,49.06,3353639.0
1633996800,49.03,50.035,48.84,49.69,3489792.0
1634083200,49.43,49.7,47.445,48.4,4405402.0
1634169600,49.28,49.61,48.48,49.57,3467254.0
1634256000,50.3,50.815,50.14,50.18,4223520.0
1634515200,50.0,51.275,50.0,51.01,5376942.0
1634601600,51.095,52.49,51.01,52.36,4948493.0
1634688000,51.32,52.1,50.0,51.94,4803833.0
1634774400,51.88,52.07,48.84,49.09,8938734.0
1634860800,49.27,49.905,48.72,49.19,9095888.0
1635120000,49.45,50.1649,48.575,48.89,7832458.0
1635206400,49.31,49.36,48.05,48.95,5653182.0
1635292800,48.61,48.81,46.64,46.68,8344155.0
1635379200,46.87,47.17,45.86,46.87,5718001.0
1635465600,47.41,47.67,46.35,46.45,4615580.0
1635724800,46.83,47.455,46.825,47.37,4802972.0
1635811200,47.5,47.695,46.85,47.38,4723688.0
1635897600,47.22,48.705,47.1,48.2,5354601.0
1635984000,48.08,48.57,47.595,47.99,4622152.0
1636070400,48.58,49.395,48.44,49.19,4948495.0
1636329600,49.66,50.28,49.18,49.26,3811321.0
1636416000,48.81,49.35,48.5,49.31,3537451.0
1636502400,49.11,50.44,49.11,49.49,3558248.0
1636588800,49.71,50.24,49.52,49.71,2572143.0
1636675200,49.6,50.19,49.29,50.18,2755272.0
1636934400,50.33,51.085,50.0,50.13,3361752.0
1637020800,50.16,50.425,48.625,49.62,5033919.0
1637107200,49.38,49.8,48.55,48.59,4075230.0
1637193600,48.68,48.99,47.8,48.35,3827093.0
1637280000,47.89,48.56,47.505,47.88,4632469.0
1637539200,48.5,49.02,47.74,48.35,4372473.0
1637625600,48.56,49.99,48.55,49.71,3918328.0
1637712000,49.31,50.3,49.31,49.77,3709483.0
1637884800,47.8,48.13,46.4,47.68,4375346.0
1638144000,48.19,48.57,46.815,47.12,4586514.0
1638230400,46.26,46.64,44.4,44.79,1.3313884E7
1638316800,46.1,46.56,43.72,43.76,5843845.0
1638403200,44.12,46.0779,44.0,45.64,6201167.0
1638489600,45.875,46.03,44.75,45.28,5608009.0
1638748800,46.26,47.2,46.0,46.34,5914499.0
1638835200,46.86,48.035,46.75,47.59,5714791.0
1638921600,47.64,47.77,47.23,47.31,4236793.0
1639008000,46.95,48.165,46.56,47.89,3879147.0
1639094400,48.4,48.4,47.33,47.87,2987913.0
1639353600,47.49,47.49,46.03,46.34,5015686.0
1639440000,46.25,47.4,46.09,46.83,4292708.0
1639526400,46.98,47.015,45.02,46.72,5700395.0
1639612800,47.66,48.245,47.145,47.62,9417882.0
1639699200,47.3,47.36,45.89,46.65,1.5153758E7
1639958400,45.51,45.65,43.705,44.22,7347600.0
1640044800,44.87,46.17,44.65,46.13,4899114.0
1640131200,45.94,46.32,45.73,45.95,3776084.0
1640217600,46.28,46.69,46.0,46.16,3581187.0
1640563200,46.22,46.4,45.53,46.18,7679021.0
1640649600,45.95,46.872,45.94,46.46,4010686.0
1640736000,46.47,46.71,46.16,46.29,2474847.0
1640822400,46.46,47.11,46.2149,46.26,2071475.0
1640908800,46.23,46.79,46.145,46.39,2258700.0
