1483401600,42.69,43.03,42.52,43.02,2.6006613E7
1483488000,42.94,43.0,42.71,42.77,2.320301E7
1483574400,42.85,42.89,42.53,42.65,2.5711211E7
1483660800,41.98,42.0,41.21,41.32,3.2687866E7
1483920000,41.29,41.395,40.8,40.8,2.5484735E7
1484006400,40.66,41.06,40.24,40.81,2.1521928E7
1484092800,40.38,40.7,40.28,40.61,2.4536368E7
1484179200,40.57,41.11,40.5,41.01,1.9900273E7
1484265600,40.92,41.18,40.79,40.96,1.3932163E7
1484611200,41.0,41.14,40.76,41.11,2.2535807E7
1484697600,41.15,41.24,40.775,40.8,1.9476461E7
1484784000,40.89,41.02,40.71,41.0,1.6693296E7
1484870400,41.33,41.87,41.29,41.45,2.5164892E7
1485129600,41.46,42.07,41.39,42.0,2.5211309E7
1485216000,41.4,41.74,41.05,41.36,2.8700959E7
1485302400,41.33,41.47,40.89,41.39,2.1460549E7
1485388800,41.17,41.85,40.96,41.77,2.8137256E7
1485475200,41.98,42.3,41.75,42.01,1.901827E7
1485734400,41.94,42.13,41.66,41.82,1.5876087E7
1485820800,41.68,42.19,41.58,42.16,2.5405353E7
1485907200,42.28,42.46,41.86,42.06,3.2082528E7
1485993600,42.02,42.07,40.95,41.18,2.9154279E7
1486080000,41.48,41.52,41.2,41.25,1.9151025E7
1486339200,41.27,41.27,40.98,41.06,1.137491E7
1486425600,41.08,41.17,40.82,41.12,1.7312056E7
1486512000,41.17,41.32,41.07,41.21,1.5688281E7
1486598400,41.27,41.43,41.13,41.31,1.1362445E7
1486684800,41.25,41.43,41.2,41.38,1.2135621E7
1486944000,40.82,41.14,40.49,40.65,3.4361092E7
1487030400,40.47,40.78,40.41,40.75,1.9705296E7
1487116800,40.66,41.14,40.56,41.12,2.3322451E7
1487203200,41.12,41.36,41.03,41.25,1.6579673E7
1487289600,41.17,41.535,40.79,41.48,2.4156415E7
1487635200,41.37,41.75,41.32,41.73,1.7504381E7
1487721600,41.68,41.78,41.45,41.59,1.5656507E7
1487808000,41.69,41.99,41.54,41.95,1.9218542E7
1487894400,42.11,42.36,42.04,42.36,1.7043175E7
1488153600,42.3,42.3,41.73,41.82,1.7338483E7
1488240000,41.73,41.87,41.64,41.79,1.9338619E7
1488326400,41.78,42.18,41.56,42.04,2.3900989E7
1488412800,41.9,42.1,41.84,42.07,1.3183187E7
1488499200,42.05,42.06,41.76,42.01,1.7248209E7
1488758400,41.83,42.0,41.71,41.96,1.417702E7
1488844800,41.9,41.99,41.715,41.88,1.6250878E7
1488931200,41.88,41.88,41.68,41.77,1.7881049E7
1489017600,41.86,42.13,41.75,41.94,1.7672624E7
1489104000,42.03,42.43,42.02,42.35,1.9734281E7
1489363200,42.22,42.42,42.18,42.37,1.488418E7
1489449600,42.38,42.44,42.05,42.09,1.0063834E7
1489536000,42.14,42.64,42.09,42.59,2.1055944E7
1489622400,42.6,42.66,42.34,42.44,1.4601773E7
1489708800,42.59,42.65,42.37,42.61,2.4748927E7
1489968000,42.61,42.7,42.32,42.42,1.1851848E7
1490054400,42.45,42.51,42.0,42.08,2.0299031E7
1490140800,42.1,42.12,41.46,41.65,1.854712E7
1490227200,41.63,41.91,41.41,41.65,1.4660394E7
1490313600,41.76,41.89,41.54,41.68,1.4202031E7
1490572800,41.59,41.75,41.38,41.49,1.3185156E7
1490659200,41.41,41.61,41.26,41.56,1.5586112E7
1490745600,41.54,41.75,41.4,41.45,1.410417E7
1490832000,41.39,41.829,41.3267,41.76,1.4773877E7
1490918400,41.79,41.89,41.55,41.55,1.7533497E7
1491177600,41.6,41.77,41.37,41.57,1.7979634E7
1491264000,41.57,41.705,41.4,41.69,1.2552672E7
1491350400,41.72,41.74,41.47,41.51,1.9955782E7
1491436800,41.05,41.08,40.6,40.6,2.0492316E7
1491523200,40.6,40.86,40.521,40.59,2.0335931E7
1491782400,40.6,40.68,40.31,40.38,1.8215046E7
1491868800,40.38,40.39,40.07,40.31,1.9610735E7
1491955200,40.21,40.57,40.07,40.56,2.2195768E7
1492041600,40.51,40.76,40.25,40.28,1.755619E7
1492387200,40.3,40.49,40.22,40.3,1.2118645E7
1492473600,40.22,40.43,40.18,40.25,1.5920226E7
1492560000,40.32,40.4484,40.19,40.25,2.3799483E7
1492646400,39.99,40.51,39.92,40.36,2.1715734E7
1492732800,40.23,40.36,39.81,39.93,2.3898137E7
1492992000,40.1,40.15,39.86,40.02,2.4033786E7
1493078400,40.08,40.25,39.69,39.94,3.8377803E7
1493164800,40.02,40.56,39.85,40.44,3.4352326E7
1493251200,40.37,40.4,39.88,39.91,2.2646071E7
1493337600,39.88,40.06,39.52,39.63,2.4994983E7
1493596800,39.68,39.7,39.06,39.1,2.474864E7
1493683200,39.14,39.22,38.88,38.95,2.4852467E7
1493769600,38.94,38.98,38.15,38.4,3.3742695E7
1493856000,38.41,38.41,37.63,38.01,3.144968E7
1493942400,38.08,38.71,38.03,38.56,2.1829161E7
1494201600,38.78,38.78,38.32,38.57,2.0139719E7
1494288000,38.53,38.55,38.16,38.22,2.1591396E7
1494374400,38.19,38.65,38.13,38.45,2.2608241E7
1494460800,38.45,38.55,38.2149,38.44,1.654292E7
1494547200,38.49,38.61,38.31,38.49,1.3770104E7
1494806400,38.52,38.69,38.41,38.59,2.1398982E7
1494892800,38.68,38.76,38.19,38.19,2.1599535E7
1494979200,37.98,38.04,37.45,37.46,2.966578E7
1495065600,37.5,38.14,37.46,37.95,2.5743917E7
1495152000,38.04,38.29,37.89,38.24,2.0350624E7
1495411200,38.24,38.35,38.17,38.25,1.4822039E7
1495497600,38.26,38.415,38.21,38.31,1.3535259E7
1495584000,38.31,38.36,38.08,38.15,1.5645676E7
1495670400,38.12,38.34,38.11,38.23,1.4892549E7
1495756800,38.21,38.25,38.01,38.12,1.3725914E7
1496102400,38.19,38.68,38.19,38.55,2.0527217E7
1496188800,38.65,38.87,38.51,38.53,2.4040423E7
1496275200,38.68,38.89,38.52,38.87,1.7691212E7
1496361600,39.0,39.08,38.76,38.87,1.8529027E7
1496620800,38.81,38.86,38.57,38.81,1.3821863E7
1496707200,38.78,38.92,38.65,38.73,1.6218315E7
1496793600,38.85,38.87,38.54,38.76,1.6429432E7
1496880000,38.81,38.84,38.42,38.5,2.0272048E7
1496966400,38.63,38.8,38.551,38.79,1.8398257E7
1497225600,38.8,39.37,38.8,39.07,2.2779929E7
1497312000,39.01,39.01,38.58,38.68,1.8842056E7
1497398400,38.79,38.81,38.5,38.72,1.6356187E7
1497484800,38.67,38.9,38.64,38.84,1.6686186E7
1497571200,38.97,39.0,38.66,38.96,2.9734739E7
1497830400,38.98,38.98,38.685,38.91,2.0957794E7
1497916800,38.77,38.92,38.6,38.66,2.1738797E7
1498003200,38.64,38.67,37.85,38.15,2.4597739E7
1498089600,38.19,38.35,37.965,38.1,1.6200953E7
1498176000,38.16,38.16,37.82,37.95,2.2906645E7
1498435200,37.94,38.28,37.86,38.15,1.8403775E7
1498521600,37.84,37.88,37.6,37.7,1.9862049E7
1498608000,37.88,38.065,37.78,37.94,2.0345237E7
1498694400,37.87,37.98,37.62,37.62,2.371792E7
1498780800,37.73,37.87,37.54,37.73,2.2540739E7
1499040000,37.84,38.13,37.785,38.11,1.1124346E7
1499212800,38.11,38.21,37.85,38.12,2.008486E7
1499299200,37.59,37.695,37.18,37.18,2.0807681E7
1499385600,37.18,37.23,36.82,36.98,2.0840791E7
1499644800,36.96,37.08,36.82,36.83,2.2775155E7
1499731200,36.83,36.86,36.54,36.6,2.1588516E7
1499817600,36.75,36.9,36.61,36.83,1.7486345E7
1499904000,36.54,36.6,36.19,36.21,3.0230063E7
1499990400,36.23,36.38,36.17,36.3,2.3561432E7
1500249600,36.32,36.45,36.25,36.39,2.0546783E7
1500336000,36.43,36.43,35.87,35.99,2.9145897E7
1500422400,36.03,36.13,35.81,36.13,2.6281264E7
1500508800,36.33,36.72,36.16,36.52,3.1892457E7
1500595200,36.42,36.61,36.255,36.51,2.0150775E7
1500854400,36.51,36.55,36.18,36.23,2.2403501E7
1500940800,36.29,36.5,36.13,36.22,2.9446967E7
1501027200,37.42,38.1,37.4,38.03,7.24318E7
1501113600,38.2,39.5,38.2,39.41,6.1986966E7
1501200000,39.25,39.67,38.83,39.0,3.6012922E7
1501459200,38.97,39.13,38.715,39.0,2.8481301E7
1501545600,39.25,39.27,38.71,38.88,2.9374491E7
1501632000,38.98,38.99,38.04,38.27,3.4610544E7
1501718400,38.23,38.5,38.15,38.28,1.8852222E7
1501804800,38.44,38.52,38.04,38.43,1.6317012E7
1502064000,38.44,38.64,38.37,38.52,1.6825749E7
1502150400,38.56,38.745,38.27,38.36,1.5435797E7
1502236800,38.2,38.395,38.06,38.36,1.9706726E7
1502323200,38.27,38.54,38.18,38.19,2.1305391E7
1502409600,38.3,38.34,38.07,38.1,1.3278982E7
1502668800,38.24,38.56,38.18,38.5,1.7163598E7
1502755200,38.5,38.55,38.01,38.16,1.4820393E7
1502841600,38.16,38.34,37.96,38.23,1.4973321E7
1502928000,38.16,38.215,37.58,37.6,2.1993973E7
1503014400,37.5,37.61,37.2,37.37,2.3017865E7
1503273600,37.49,37.885,37.405,37.58,1.7309101E7
1503360000,37.69,37.99,37.56,37.98,1.4737758E7
1503446400,37.85,38.075,37.85,37.92,1.993488E7
1503532800,37.96,37.975,37.635,37.68,1.0941782E7
1503619200,37.82,38.13,37.76,37.99,1.4187866E7
1503878400,38.0,38.07,37.75,37.94,1.012854E7
1503964800,37.75,38.03,37.75,37.85,9590990.0
1504051200,37.82,37.82,37.61,37.67,1.2433601E7
1504137600,37.74,37.87,37.45,37.46,2.0738519E7
1504224000,37.59,37.605,37.42,37.48,1.2769392E7
1504569600,37.4,37.43,36.93,37.09,2.2806313E7
1504656000,37.13,37.16,36.53,36.57,2.8370488E7
1504742400,36.6,36.79,35.58,35.6,4.862073E7
1504828800,35.6,35.76,35.1,35.59,4.1051014E7
1505088000,35.68,35.8,35.52,35.74,2.304878E7
1505174400,35.96,36.43,35.82,36.26,2.8285303E7
1505260800,36.34,36.67,36.28,36.55,2.5732242E7
1505347200,36.6,36.6,36.22,36.32,1.7884117E7
1505433600,36.41,37.11,36.39,37.1,4.7942916E7
1505692800,37.11,37.5,37.02,37.42,3.1974306E7
1505779200,37.41,38.44,37.269,38.21,4.6319957E7
1505865600,38.32,38.735,38.215,38.43,2.6869206E7
1505952000,38.5,38.54,38.14,38.22,1.6781231E7
1506038400,38.4,38.65,38.21,38.59,2.3212623E7
1506297600,38.53,39.19,38.5,39.12,3.6179101E7
1506384000,39.12,39.31,38.7,38.72,2.2605912E7
1506470400,38.63,38.91,38.51,38.77,2.3768508E7
1506556800,38.68,39.17,38.59,39.04,1.7368873E7
1506643200,38.95,39.22,38.81,39.17,2.1961431E7
1506902400,39.2,39.31,39.07,39.11,1.5604301E7
1506988800,39.19,39.48,39.09,39.48,1.6067551E7
1507075200,39.37,39.66,39.245,39.5,1.791325E7
1507161600,39.61,39.8,39.4,39.51,2.2606241E7
1507248000,38.84,39.05,38.54,38.59,2.2431894E7
1507507200,38.65,38.67,38.15,38.3,1.9247893E7
1507593600,38.35,38.61,38.27,38.5,1.7317456E7
1507680000,38.52,38.61,38.05,38.19,2.6978001E7
1507766400,37.49,37.53,35.83,35.86,8.1976416E7
1507852800,35.84,36.04,35.25,35.7,5.6085354E7
1508112000,35.82,36.45,35.75,36.17,3.1097057E7
1508198400,36.17,36.29,35.99,36.23,2.1663555E7
1508284800,36.23,36.28,35.51,35.71,3.6764776E7
1508371200,35.93,36.33,35.59,35.69,3.2887368E7
1508457600,35.79,35.84,35.4,35.54,3.7835452E7
1508716800,35.42,35.66,35.19,35.25,3.0902268E7
1508803200,35.31,35.36,34.81,34.86,5.2235811E7
1508889600,34.26,34.35,33.33,33.49,9.6377175E7
1508976000,33.75,33.89,33.6,33.68,4.5121512E7
1509062400,33.68,34.02,33.54,33.97,5.2317302E7
1509321600,34.02,34.33,33.39,33.54,5.1695635E7
1509408000,33.64,33.84,33.43,33.65,3.6376366E7
1509494400,33.86,33.94,33.29,33.55,3.7844704E7
1509580800,33.57,34.424,32.93,33.17,7.2968207E7
1509667200,33.34,33.39,32.95,33.3,4.023932E7
1509926400,33.07,33.08,32.55,32.86,4.7747017E7
1510012800,32.83,33.12,32.7143,33.07,3.0060967E7
1510099200,32.85,33.5,32.78,33.44,8.7599244E7
1510185600,33.43,34.453,33.35,34.0,6.9915864E7
1510272000,34.17,34.48,34.1,34.22,5.7476582E7
1510531200,34.28,34.36,34.14,34.17,2.8861756E7
1510617600,34.19,34.2,33.58,33.72,3.0261233E7
1510704000,34.02,34.2,33.65,33.81,3.2882313E7
1510790400,33.86,34.66,33.81,34.52,3.9966218E7
1510876800,34.43,34.88,34.35,34.51,3.6967216E7
1511136000,34.55,34.9,34.44,34.64,3.1264652E7
1511222400,34.6,34.75,34.29,34.33,3.5417001E7
1511308800,34.28,34.91,34.2,34.87,2.6453909E7
1511481600,34.87,34.95,34.74,34.81,9203078.0
1511740800,34.84,35.01,34.55,34.68,2.6793427E7
1511827200,34.56,35.54,34.56,35.42,3.4450425E7
1511913600,35.48,36.55,35.41,36.48,5.3178129E7
1512000000,36.5,36.9,36.025,36.38,4.9831258E7
1512086400,36.35,36.75,35.925,36.5,3.1437115E7
1512345600,36.795,37.54,36.75,37.27,4.0482422E7
1512432000,37.2,37.29,36.52,36.55,3.3055388E7
1512518400,36.41,36.45,36.025,36.11,3.1172158E7
1512604800,36.13,36.4,35.81,36.17,2.4529301E7
1512691200,36.16,36.75,36.15,36.73,2.5507428E7
1512950400,36.65,36.94,36.52,36.9,2.3666709E7
1513036800,37.03,38.17,36.98,38.1,4.6399912E7
1513123200,38.01,38.19,37.37,38.04,3.9671434E7
1513209600,37.86,38.1556,37.68,37.74,3.4286518E7
1513296000,38.14,38.29,37.93,38.24,4.6808578E7
1513555200,38.5,38.89,38.385,38.46,3.1497249E7
1513641600,38.46,38.6785,38.03,38.05,2.9181805E7
1513728000,38.27,38.84,38.18,38.55,2.6968863E7
1513814400,38.56,39.29,38.471,38.88,3.198172E7
1513900800,38.78,39.11,38.7,38.94,1.9960503E7
1514246400,38.95,39.325,38.95,39.06,1.3578192E7
1514332800,39.08,39.14,38.71,38.89,1.6339334E7
1514419200,39.0,39.2,38.88,39.18,1.5627434E7
1514505600,39.22,39.32,38.88,38.88,2.6479899E7
1514851200,39.06,39.06,38.36,38.54,3.2195623E7
1514937600,38.47,38.49,37.53,37.65,3.9162458E7
1515024000,37.75,38.19,37.26,38.0,2.7865665E7
1515110400,38.14,38.16,37.8,38.14,2.2194851E7
1515369600,38.15,38.48,37.85,38.25,2.6643949E7
1515456000,37.63,37.99,37.48,37.49,2.8061066E7
1515542400,37.39,37.39,36.54,36.62,4.1078627E7
1515628800,36.67,36.77,36.37,36.48,4.1400305E7
1515715200,36.48,36.99,36.32,36.9,3.1182186E7
1516060800,36.9,37.02,36.54,36.72,2.4727605E7
1516147200,36.77,36.95,36.485,36.85,2.2050208E7
1516233600,36.84,37.38,36.81,37.15,2.766106E7
1516320000,37.37,37.37,36.94,37.21,2.7919839E7
1516579200,37.2,37.9,36.98,37.87,3.1660644E7
1516665600,37.95,38.22,37.03,37.19,3.3035978E7
1516752000,37.29,37.385,36.98,37.02,2.856781E7
1516838400,37.09,37.45,36.84,37.45,2.3400305E7
1516924800,37.46,37.82,37.36,37.82,2.1608455E7
1517184000,37.13,37.68,36.98,37.26,3.0879645E7
1517270400,37.36,37.8,37.3,37.44,2.9883171E7
1517356800,37.42,37.9248,37.33,37.45,4.1422384E7
1517443200,38.51,39.29,38.401,39.16,5.9963826E7
1517529600,39.03,39.04,37.81,38.07,4.6098657E7
1517788800,37.81,38.31,36.63,36.63,4.5595537E7
1517875200,36.08,37.07,35.5,36.83,6.29053E7
1517961600,36.81,37.45,36.74,36.93,3.5634519E7
1518048000,36.89,36.95,35.57,35.57,4.5743025E7
1518134400,35.83,36.35,35.03,36.05,5.0218426E7
1518393600,36.33,36.6,35.97,36.37,2.7750742E7
1518480000,36.29,36.71,35.97,36.6,2.287717E7
1518566400,36.4,36.769,36.11,36.41,2.4834221E7
1518652800,36.47,37.0,36.23,37.0,2.7507162E7
1518739200,36.98,37.39,36.8601,37.14,1.9901638E7
1519084800,36.88,37.09,36.67,36.77,2.2071534E7
1519171200,36.77,37.0388,36.28,36.31,2.0792614E7
1519257600,36.47,36.99,36.41,36.47,1.8537517E7
1519344000,36.55,36.75,36.29,36.72,1.7446314E7
1519603200,36.93,37.51,36.81,37.46,1.9871434E7
1519689600,37.42,37.64,36.87,36.87,2.1420614E7
1519776000,37.18,37.18,36.3,36.3,2.9281673E7
1519862400,36.31,36.75,35.865,36.0,2.8548902E7
1519948800,36.0,36.4,35.95,36.35,2.1364E7
1520208000,36.2,36.82,36.1,36.7,1.9298996E7
1520294400,36.83,36.9,36.5,36.87,1.7462057E7
1520380800,36.59,37.025,36.56,36.91,1.8485992E7
1520467200,36.91,37.11,36.56,37.11,1.9766286E7
1520553600,37.17,37.22,36.82,37.05,1.882027E7
1520812800,37.05,37.565,37.04,37.36,2.2305006E7
1520899200,37.55,37.81,37.26,37.39,1.9183815E7
1520985600,37.59,37.59,36.96,37.03,1.8605247E7
1521072000,37.09,37.29,37.01,37.04,2.1879149E7
1521158400,37.09,37.34,36.9,37.0,3.7103039E7
1521417600,36.98,37.095,36.47,36.58,1.9637887E7
1521504000,36.68,36.82,36.18,36.34,2.0167101E7
1521590400,36.34,36.5,36.0,36.0,1.7437156E7
1521676800,35.95,36.04,35.36,35.37,2.819693E7
1521763200,35.37,35.99,34.55,34.7,3.502799E7
1522022400,35.06,35.2866,34.44,34.69,3.1492531E7
1522108800,34.85,35.2,34.69,34.9,3.3860715E7
1522195200,35.29,35.85,35.24,35.56,3.0746165E7
1522281600,35.68,35.89,35.02,35.65,2.7564088E7
1522627200,35.58,35.66,34.8299,35.1,2.9232922E7
1522713600,35.16,35.42,34.85,35.37,2.1880171E7
1522800000,35.04,35.94,34.98,35.88,2.0562124E7
1522886400,35.93,36.21,35.6834,36.14,1.7103329E7
1522972800,36.01,36.2,35.42,35.63,2.5117409E7
1523232000,35.24,35.7,35.06,35.17,2.1879644E7
1523318400,35.32,36.39,35.05,35.81,4.0263863E7
1523404800,35.66,35.73,35.18,35.25,2.1045775E7
1523491200,35.42,35.47,35.06,35.16,2.1950205E7
1523577600,35.21,35.37,35.02,35.14,1.4374835E7
1523836800,35.37,35.82,35.215,35.64,2.4897295E7
1523923200,35.69,35.765,35.31,35.36,2.058577E7
1524009600,35.48,35.54,35.16,35.21,2.1601034E7
1524096000,35.24,35.27,34.81,34.82,2.3543932E7
1524182400,34.86,35.06,34.15,34.67,3.2452801E7
1524441600,34.71,34.89,34.59,34.89,2.1211939E7
1524528000,35.15,35.33,34.76,35.0,2.1572221E7
1524614400,34.8688,35.24,34.73,35.2,2.5291217E7
1524700800,33.44,33.7,32.465,33.1,1.32230365E8
1524787200,33.14,33.56,33.02,33.04,5.4209888E7
1525046400,33.27,33.41,32.67,32.7,4.6154796E7
1525132800,32.75,32.91,32.36,32.54,3.5817129E7
1525219200,32.63,32.63,31.9,32.06,4.0178616E7
1525305600,32.04,32.15,31.61,31.94,4.029615E7
1525392000,31.94,32.27,31.8201,32.14,2.5539542E7
1525651200,32.22,32.25,31.85,32.04,2.6266284E7
1525737600,31.97,32.0,31.58,31.7,3.3513948E7
1525824000,31.63,31.71,31.17,31.4,3.7494364E7
1525910400,31.58,32.03,31.5,31.88,2.9909412E7
1525996800,32.0,32.31,31.99,32.29,2.7512317E7
1526256000,32.39,32.48,32.105,32.19,2.6894988E7
1526342400,32.14,32.24,31.81,32.09,2.6506812E7
1526428800,32.09,32.41,32.05,32.3,1.9056312E7
1526515200,32.38,32.41,31.9,31.93,2.5420555E7
1526601600,31.94,32.1,31.78,32.05,2.1880412E7
1526860800,32.16,32.65,31.895,32.59,2.8688946E7
1526947200,32.63,32.81,32.4,32.43,2.9387281E7
1527033600,32.42,32.525,32.05,32.33,2.5966238E7
1527120000,32.39,32.81,32.21,32.78,3.5254745E7
1527206400,32.7,32.72,32.39,32.51,2.181633E7
1527552000,32.46,32.49,32.14,32.33,2.6957135E7
1527638400,32.36,32.6375,32.28,32.57,2.4135764E7
1527724800,32.52,32.55,32.16,32.32,2.9417475E7
1527811200,32.48,32.61,32.36,32.47,2.3764267E7
1528070400,32.58,32.68,32.37,32.41,1.8378731E7
1528156800,32.41,32.71,32.3,32.68,2.3413313E7
1528243200,32.77,33.56,32.6,33.38,3.4143281E7
1528329600,33.07,33.97,32.9,33.81,4.2562592E7
1528416000,33.66,34.03,33.58,33.83,3.3183619E7
1528675200,33.97,34.48,33.81,34.18,3.7157948E7
1528761600,34.51,34.53,34.08,34.35,5.9401268E7
1528848000,33.0,33.14,32.21,32.22,1.9508273E8
1528934400,32.6,32.98,32.1,32.52,8.8703108E7
1529020800,32.62,33.27,32.15,33.15,1.13983823E8
1529280000,33.02,33.04,32.1,32.19,7.865471E7
1529366400,32.0,32.6,31.96,32.39,8.7343701E7
1529452800,32.5,32.58,31.95,32.0,5.5805218E7
1529539200,32.1,32.3,31.51,31.6,5.1425403E7
1529625600,31.73,31.89,31.51,31.69,6.3900036E7
1529884800,31.65,31.95,31.58,31.71,4.8623447E7
1529971200,31.73,31.81,31.4,31.62,4.4643591E7
1530057600,31.98,32.05,31.64,31.65,4.6426999E7
1530144000,31.75,32.32,31.66,32.19,4.2241887E7
1530230400,32.25,32.49,32.05,32.11,4.2028711E7
1530489600,32.16,32.31,32.0,32.21,3.776622E7
1530576000,32.25,32.79,32.18,32.71,3.3880394E7
1530748800,32.75,32.8,32.46,32.6,3.5419418E7
1530835200,32.66,32.74,32.45,32.68,4.1215474E7
1531094400,32.24,32.37,32.11,32.15,4.3459104E7
1531180800,32.24,32.5,32.13,32.5,3.884851E7
1531267200,32.28,32.35,31.86,31.87,3.9230476E7
1531353600,32.06,32.31,31.9,32.23,4.4450041E7
1531440000,31.88,31.92,31.5,31.67,5.3377577E7
1531699200,31.71,31.985,31.65,31.9,3.3218261E7
1531785600,31.87,32.11,31.71,31.76,3.6439014E7
1531872000,31.82,31.95,31.7,31.71,4.4570973E7
1531958400,31.73,31.78,31.25,31.27,5.168336E7
1532044800,31.33,31.38,31.04,31.1,3.6692928E7
1532304000,31.14,31.2,30.8,31.0,3.7293282E7
1532390400,31.25,31.68,31.01,31.68,5.0969824E7
1532476800,31.1,31.18,30.13,30.25,9.6319197E7
1532563200,30.36,30.56,30.3,30.35,4.4339537E7
1532649600,30.45,31.21,30.3532,31.08,4.6038626E7
1532908800,31.56,32.13,31.45,32.0,6.4042962E7
1532995200,32.14,32.34,31.94,31.97,4.7549937E7
1533081600,32.2,32.27,31.805,31.9,3.1356239E7
1533168000,31.85,32.1,31.765,31.85,3.1197887E7
1533254400,31.9,32.28,31.76,32.27,2.6584417E7
1533513600,32.21,32.32,32.0,32.11,3.0087337E7
1533600000,32.09,32.44,31.97,32.4,2.7341463E7
1533686400,32.48,32.53,32.3,32.36,2.1953796E7
1533772800,32.4,32.5,32.245,32.49,1.6909405E7
1533859200,32.39,32.405,32.16,32.26,2.1481517E7
1534118400,32.26,32.34,32.18,32.21,2.2779435E7
1534204800,32.24,32.38,32.21,32.24,1.8037525E7
1534291200,32.28,32.55,32.13,32.47,2.9631546E7
1534377600,32.53,33.14,32.53,33.09,3.738475E7
1534464000,33.06,33.26,32.96,33.03,2.6168602E7
1534723200,33.14,33.25,33.01,33.11,2.3493474E7
1534809600,33.33,33.58,33.31,33.4,2.8419334E7
1534896000,33.2,33.2,32.66,32.68,3.4156895E7
1534982400,32.69,32.79,32.41,32.49,2.1453573E7
1535068800,32.46,32.74,32.46,32.64,1.6233345E7
1535328000,32.74,33.03,32.72,32.83,1.7595907E7
1535414400,32.81,32.83,32.63,32.67,1.6484686E7
1535500800,32.66,32.7,32.21,32.23,2.5162387E7
1535587200,32.2,32.32,31.87,31.96,2.5559388E7
1535673600,31.95,31.99,31.72,31.94,3.1258912E7
1536019200,31.78,31.94,31.48,31.86,2.5162226E7
1536105600,31.75,32.05,31.54,32.02,2.6723593E7
1536192000,32.13,32.31,32.0,32.18,2.5646095E7
1536278400,32.16,32.39,32.09,32.12,2.5757787E7
1536537600,32.28,32.69,32.2,32.39,2.6269019E7
1536624000,32.48,32.8,32.47,32.67,2.6353799E7
1536710400,32.84,33.65,32.84,33.42,4.9637035E7
1536796800,33.44,33.69,33.085,33.68,3.4605791E7
1536883200,33.61,33.65,33.3,33.6,3.3184761E7
1537142400,33.6,33.81,33.4302,33.62,2.5544289E7
1537228800,33.56,33.92,33.3824,33.72,3.3661937E7
1537315200,33.93,33.96,33.25,33.37,3.0996008E7
1537401600,33.49,33.53,33.15,33.44,2.4775754E7
1537488000,34.0504,34.24,33.78,33.78,1.30157081E8
1537747200,34.25,34.28,33.75,33.91,3.6390154E7
1537833600,33.78,34.19,33.69,33.76,3.0681499E7
1537920000,33.83,33.91,33.34,33.35,3.2880463E7
1538006400,33.4305,33.77,33.27,33.42,2.4834467E7
1538092800,33.41,33.68,33.3101,33.58,2.2052171E7
1538352000,33.66,33.75,33.39,33.49,2.251784E7
1538438400,33.53,33.93,33.475,33.92,3.0003414E7
1538524800,34.08,34.12,33.77,33.92,2.6699057E7
1538611200,33.83,34.14,33.535,34.12,2.7518236E7
1538697600,34.19,34.3,33.8622,33.99,2.8667812E7
1538956800,34.01,34.18,33.78,34.11,2.807166E7
1539043200,33.69,33.7,33.5,33.5,2.7866091E7
1539129600,33.63,33.99,32.84,32.85,4.5520118E7
1539216000,32.83,33.06,31.66,31.75,6.3697051E7
1539302400,32.19,32.36,31.85,32.25,4.3151601E7
1539561600,32.27,32.67,32.21,32.36,3.3242645E7
1539648000,32.37,32.465,32.15,32.39,2.8048719E7
1539734400,32.41,32.72,32.28,32.57,2.9913552E7
1539820800,32.57,32.85,32.24,32.5,3.0724973E7
1539907200,32.45,32.95,32.31,32.87,3.5133029E7
1540166400,32.91,32.96,32.59,32.67,2.30919E7
1540252800,32.7,33.28,32.05,33.02,5.3428177E7
1540339200,31.73,31.8,30.26,30.36,1.18852875E8
1540425600,30.65,30.71,29.76,29.98,7.6905428E7
1540512000,29.89,29.93,28.85,29.09,7.7662526E7
1540771200,29.59,30.32,29.29,29.64,4.9270037E7
1540857600,29.85,30.59,29.82,30.47,4.9148657E7
1540944000,30.69,30.98,30.12,30.68,4.4854836E7
1541030400,30.99,31.05,30.38,30.49,3.5379857E7
1541116800,30.63,30.91,30.35,30.52,3.3517094E7
1541376000,30.63,30.86,30.57,30.63,2.7346452E7
1541462400,30.64,30.97,30.51,30.96,2.4310567E7
1541548800,30.99,31.13,30.69,31.1,3.0836284E7
1541635200,31.08,31.16,30.88,31.04,2.9547578E7
1541721600,30.98,31.08,30.44,30.69,3.9994705E7
1541980800,30.7,31.23,30.65,30.78,2.593527E7
1542067200,30.85,30.9,30.28,30.33,2.5640955E7
1542153600,30.55,30.715,30.11,30.51,3.1293471E7
1542240000,30.35,30.37,29.9,30.12,3.8917357E7
1542326400,30.07,30.42,29.95,30.29,2.8929502E7
1542585600,30.34,30.695,30.21,30.35,2.7957692E7
1542672000,29.97,30.18,29.4,29.42,4.1394289E7
1542758400,29.5,30.025,29.41,29.77,3.0306459E7
1542931200,29.76,29.76,29.35,29.36,1.3401041E7
1543190400,29.65,30.15,29.64,29.95,3.5791456E7
1543276800,29.84,30.49,29.72,30.44,3.2155693E7
1543363200,30.44,30.87,30.35,30.74,3.4470875E7
1543449600,30.37,30.71,30.2,30.57,3.0877349E7
1543536000,30.71,31.43,30.68,31.24,8.0467279E7
1543795200,31.74,31.9,31.31,31.71,4.3725277E7
1543881600,31.73,32.01,30.67,30.73,4.483131E7
1544054400,30.48,30.56,29.85,30.53,5.1999337E7
1544140800,30.22,30.88,30.01,30.14,3.7474553E7
1544400000,30.08,30.09,29.17,29.91,4.1052118E7
1544486400,30.44,30.67,29.585,29.7,4.956333E7
1544572800,30.11,30.29,29.925,30.16,4.0903671E7
1544659200,30.09,30.19,29.55,29.91,4.9097777E7
1544745600,29.83,30.4,29.7,30.22,4.2741389E7
1545004800,30.13,30.24,29.6,29.86,4.4021662E7
1545091200,29.63,30.02,29.6,29.75,4.4497114E7
1545177600,29.92,30.3,29.6137,29.82,5.141959E7
1545264000,29.84,29.86,28.19,28.65,7.6716349E7
1545350400,28.34,29.24,28.14,28.31,7.9660738E7
1545609600,28.21,28.29,27.36,27.36,4.111005E7
1545782400,27.5,28.1,26.8,28.08,5.7391215E7
1545868800,27.81,28.16,27.17,28.15,5.857119E7
1545955200,28.19,28.8,28.17,28.46,5.0588253E7
1546214400,28.57,28.64,28.09,28.54,5.2861533E7
1546387200,28.5,29.59,28.3,29.54,3.9293953E7
1546473600,29.52,29.8065,29.21,29.58,3.7603571E7
1546560000,29.96,30.38,29.885,30.34,4.2072388E7
1546819200,30.73,31.27,30.42,30.89,4.1070898E7
1546905600,31.31,31.38,31.03,31.28,4.3567261E7
1546992000,30.88,30.88,29.97,30.1,4.430528E7
1547078400,30.05,30.48,29.82,30.4,3.2015596E7
1547164800,30.4,30.95,30.31,30.87,2.8933612E7
1547424000,30.7,30.78,30.39,30.62,2.446818E7
1547510400,30.52,30.6,30.23,30.6,2.6735374E7
1547596800,30.53,30.75,30.35,30.56,2.4494417E7
1547683200,30.55,30.745,30.405,30.64,2.6266965E7
1547769600,30.82,31.03,30.52,30.96,4.3249105E7
1548115200,30.92,30.99,30.42,30.58,3.7658459E7
1548201600,30.72,30.9,30.59,30.89,2.7854624E7
1548288000,30.78,30.78,30.27,30.6,2.4393843E7
1548374400,30.68,31.035,30.64,30.66,3.0505705E7
1548633600,30.62,30.68,30.43,30.67,3.1028573E7
1548720000,30.62,30.7,30.45,30.7,3.1342725E7
1548806400,29.96,30.4,29.01,29.37,9.2953484E7
1548892800,29.5,30.09,29.145,30.06,5.2176969E7
1548979200,30.21,30.36,29.9,30.0,4.1076164E7
1549238400,30.03,30.03,29.56,29.61,3.9034259E7
1549324800,29.67,29.71,29.4647,29.63,2.9276888E7
1549411200,29.7,29.79,29.52,29.56,2.2928167E7
1549497600,29.54,29.56,28.92,29.45,3.7887746E7
1549584000,29.4,29.56,29.1,29.55,2.4281568E7
1549843200,29.58,29.84,29.46,29.71,2.9057321E7
1549929600,29.85,30.03,29.7346,29.81,2.998907E7
1550016000,29.81,29.88,29.5,29.84,3.0040089E7
1550102400,29.7,30.01,29.55,29.79,2.5846239E7
1550188800,30.03,30.52,29.93,30.47,3.7188658E7
1550534400,30.46,30.68,30.31,30.63,2.4712413E7
1550620800,30.64,30.9429,30.46,30.85,2.474909E7
1550707200,30.86,31.06,30.63,30.83,2.6580394E7
1550793600,30.95,31.19,30.82,31.15,2.3357232E7
1551052800,31.25,31.29,31.02,31.13,2.4414699E7
1551139200,31.14,31.43,30.96,31.22,2.9664844E7
1551225600,31.23,31.27,30.78,31.06,2.6349549E7
1551312000,31.06,31.27,30.97,31.12,2.8225982E7
1551398400,31.2,31.24,30.64,30.82,3.0592851E7
1551657600,30.95,30.95,29.67,29.98,4.9482743E7
1551744000,30.02,30.05,29.8,29.95,2.6029791E7
1551830400,30.0,30.135,29.765,29.81,2.4580343E7
1551916800,29.86,30.07,29.8,29.92,2.4826103E7
1552003200,29.85,30.06,29.74,29.96,2.2505948E7
1552262400,29.98,30.31,29.945,30.22,2.6018525E7
1552348800,30.25,30.895,30.22,30.63,3.2484586E7
1552435200,30.65,30.72,30.21,30.28,2.7702221E7
1552521600,30.28,30.49,30.21,30.28,2.2091439E7
1552608000,30.51,30.68,30.3,30.67,5.336164E7
1552867200,30.68,30.84,30.5866,30.8,2.3325108E7
1552953600,30.87,31.05,30.56,30.68,2.873052E7
1553040000,30.59,30.76,30.4,30.51,2.4664904E7
1553126400,30.45,31.15,30.45,31.06,2.6343293E7
1553212800,31.0,31.34,31.0,31.07,3.3171404E7
1553472000,31.1,31.15,30.65,30.77,2.5633279E7
1553558400,30.97,31.42,30.94,31.39,2.4304939E7
1553644800,31.31,31.64,31.25,31.4,2.6743641E7
1553731200,31.42,31.5,30.87,31.01,2.6996419E7
1553817600,31.16,31.385,30.97,31.36,3.160653E7
1554076800,31.6,31.99,31.54,31.95,3.7773767E7
1554163200,31.91,31.95,31.55,31.63,3.1945765E7
1554249600,31.7968,31.96,31.64,31.87,2.8779967E7
1554336000,31.95,32.13,31.92,31.98,2.8211971E7
1554422400,32.07,32.36,31.92,32.35,3.9928718E7
1554681600,32.45,32.515,32.19,32.39,3.7251965E7
1554768000,31.85,31.89,31.54,31.75,2.6779029E7
1554854400,31.75,32.04,31.74,31.88,2.0385934E7
1554940800,31.92,32.25,31.88,32.2,2.4930873E7
1555027200,32.3,32.32,31.96,32.2,2.6021137E7
1555286400,32.21,32.25,31.94,32.02,1.9463704E7
1555372800,32.12,32.25,31.94,32.25,2.170192E7
1555459200,32.08,32.2,31.95,31.95,2.2364832E7
1555545600,31.95,32.1,31.85,32.03,2.3317482E7
1555891200,32.02,32.18,31.9199,32.08,2.2239129E7
1555977600,32.06,32.28,31.88,32.1,3.1674988E7
1556064000,31.07,31.59,30.52,30.79,7.2249253E7
1556150400,30.635,30.65,30.05,30.34,4.4021278E7
1556236800,30.47,30.96,30.28,30.68,3.5191837E7
1556496000,30.91,31.305,30.82,30.88,3.1762671E7
1556582400,30.94,31.135,30.76,30.96,3.5001292E7
1556668800,31.05,31.21,30.78,30.79,2.7046955E7
1556755200,30.96,31.01,30.59,30.62,2.9711544E7
1556841600,30.66,30.79,30.57,30.7,2.8225621E7
1557100800,30.46,30.64,30.38,30.59,2.5182044E7
1557187200,30.52,30.59,30.28,30.53,2.5771202E7
1557273600,30.39,30.5,30.17,30.3,2.5015157E7
1557360000,30.27,30.45,30.125,30.38,2.7078359E7
1557446400,30.25,30.72,30.16,30.62,2.2013322E7
1557705600,30.35,30.65,30.34,30.47,2.7713285E7
1557792000,30.7,31.38,30.62,31.09,3.7525165E7
1557878400,31.04,31.3,30.89,31.25,2.3931316E7
1557964800,31.3525,31.875,31.3525,31.62,2.3634851E7
1558051200,31.41,31.995,31.38,31.8,3.0889487E7
1558310400,32.28,33.08,31.96,32.19,5.3455213E7
1558396800,32.24,32.64,32.09,32.41,2.3313504E7
1558483200,32.24,32.45,32.115,32.28,1.9988761E7
1558569600,32.18,32.32,31.93,32.14,2.4665483E7
1558656000,32.32,32.35,32.1,32.27,1.6156736E7
1559001600,32.33,32.4185,31.91,31.93,2.4523052E7
1559088000,31.91,32.21,31.69,31.91,2.6948867E7
1559174400,31.96,32.07,31.64,31.86,2.4227597E7
1559260800,31.06,31.16,30.38,30.58,4.9412581E7
1559520000,30.72,31.35,30.675,31.09,3.6323622E7
1559606400,31.39,31.5,30.975,31.48,3.1262246E7
1559692800,31.62,31.71,31.415,31.68,2.0430778E7
1559779200,31.8,32.175,31.7,32.1,2.4411663E7
1559865600,32.17,32.7,32.14,32.49,3.1788435E7
1560124800,32.69,33.0,31.86,31.93,3.0927316E7
1560211200,32.06,32.44,32.03,32.11,1.9612611E7
1560297600,32.11,32.31,32.03,32.18,1.9282922E7
1560384000,32.22,32.33,32.12,32.29,1.6873425E7
1560470400,32.34,32.44,32.18,32.35,1.9848544E7
1560729600,32.25,32.39,32.17,32.3,1.681424E7
1560816000,32.44,32.7,32.4,32.44,2.0534071E7
1560902400,32.54,32.59,32.3249,32.41,2.1209552E7
1560988800,32.58,32.605,32.31,32.54,2.7066011E7
1561075200,32.69,32.7,32.42,32.45,3.9218598E7
1561334400,32.49,32.69,32.46,32.58,2.1745352E7
1561420800,32.6,32.6,32.45,32.55,1.9229656E7
1561507200,32.59,32.79,32.52,32.53,2.7960853E7
1561593600,32.76,33.03,32.56,32.98,2.818429E7
1561680000,33.04,33.55,32.92,33.51,4.0771306E7
1561939200,33.81,33.9,33.4,33.43,3.2421656E7
1562025600,33.47,33.87,33.37,33.84,2.6635036E7
1562112000,33.96,34.04,33.865,33.98,2.0136493E7
1562284800,33.98,34.37,33.94,34.3,2.4506957E7
1562544000,34.13,34.36,34.07,34.25,3.1848245E7
1562630400,33.59,33.66,33.4,33.54,3.0976979E7
1562716800,33.74,33.84,33.62,33.76,2.5352105E7
1562803200,33.99,34.02,33.26,33.46,2.8863919E7
1562889600,33.53,33.66,33.385,33.65,2.3251722E7
1563148800,33.66,33.7356,33.57,33.71,2.0255058E7
1563235200,33.68,33.72,33.51,33.58,1.7869349E7
1563321600,33.56,33.58,33.25,33.26,1.8798178E7
1563408000,33.19,33.2,32.84,33.09,3.2128778E7
1563494400,33.23,33.27,32.77,32.79,3.2156755E7
1563753600,32.75,32.75,32.07,32.13,3.5521084E7
1563840000,32.15,32.16,31.515,32.09,4.5574407E7
1563926400,32.18,33.39,32.18,33.24,4.8284728E7
1564012800,33.58,33.99,33.45,33.81,3.9019229E7
1564099200,33.74,34.23,33.59,34.15,3.4149302E7
1564358400,34.07,34.445,33.94,34.34,3.093905E7
1564444800,34.44,34.64,34.075,34.18,3.3926816E7
1564531200,34.05,34.48,33.89,34.05,4.0633777E7
1564617600,34.48,34.6,34.015,34.12,4.1058878E7
1564704000,33.8,34.34,33.54,34.17,3.6476292E7
1564963200,33.7,33.94,33.19,33.49,3.7067635E7
1565049600,33.51,33.97,33.29,33.96,3.1658718E7
1565136000,33.6,34.16,33.36,34.06,3.7948549E7
1565222400,34.25,34.54,34.07,34.54,2.84985E7
1565308800,34.43,34.59,34.15,34.54,2.2866772E7
1565568000,34.47,34.575,34.27,34.48,2.3659186E7
1565654400,34.37,34.96,34.37,34.86,3.1598979E7
1565740800,34.6,34.63,34.021,34.09,3.4615314E7
1565827200,34.24,34.4642,33.9635,34.34,2.4367612E7
1565913600,34.48,35.0,34.405,34.97,3.1102985E7
1566172800,35.01,35.435,34.99,35.38,2.6135677E7
1566259200,35.29,35.3,34.9,34.98,2.1805804E7
1566345600,35.19,35.25,34.97,35.16,2.1916204E7
1566432000,35.24,35.5,35.075,35.39,2.1461215E7
1566518400,35.3,35.44,34.64,34.82,3.3864032E7
1566777600,34.97,35.14,34.71,34.93,2.3199367E7
1566864000,35.01,35.04,34.63,34.72,3.2086664E7
1566950400,34.67,34.98,34.535,34.96,2.4369041E7
1567036800,35.11,35.33,35.05,35.15,2.3298615E7
1567123200,35.18,35.35,35.07,35.26,2.1610193E7
1567468800,35.08,35.39,34.915,35.38,2.0542298E7
1567555200,35.53,35.82,35.44,35.72,2.0751045E7
1567641600,35.9,35.98,35.75,35.89,2.1750094E7
1567728000,35.95,36.37,35.91,36.25,2.9266063E7
1567987200,37.82,38.14,36.71,36.79,1.17865963E8
1568073600,37.205,37.72,36.97,37.58,4.8019601E7
1568160000,37.93,38.75,37.71,38.74,5.5071433E7
1568246400,38.37,38.48,37.73,38.38,4.266702E7
1568332800,38.01,38.345,37.735,37.91,3.9225394E7
1568592000,37.7,37.83,37.1138,37.31,4.9189889E7
1568678400,37.04,37.25,36.79,37.16,3.5295611E7
1568764800,36.76,36.975,36.49,36.76,3.8600411E7
1568851200,37.03,37.22,36.8,37.15,2.7257877E7
1568937600,37.3,38.01,37.18,37.91,7.9104102E7
1569196800,37.62,37.85,37.48,37.6,2.3711988E7
1569283200,37.79,37.845,37.34,37.38,2.8103285E7
1569369600,37.33,37.56,37.24,37.38,2.2369591E7
1569456000,37.4,37.46,37.18,37.38,2.1829113E7
1569542400,37.61,37.73,37.18,37.43,2.4227756E7
1569801600,37.59,37.925,37.53,37.84,2.8436226E7
1569888000,37.95,37.96,37.37,37.41,2.4334716E7
1569974400,37.35,37.35,36.92,37.08,2.6612141E7
1570060800,37.0,37.2,36.66,37.19,2.1001457E7
1570147200,37.22,37.52,37.13,37.51,2.2598045E7
1570406400,37.58,37.87,37.52,37.66,2.1245336E7
1570492800,37.68,37.71,37.38,37.48,3.1034529E7
1570579200,37.21,37.22,36.885,37.05,2.4736026E7
1570665600,37.0,37.55,36.97,37.42,2.3887003E7
1570752000,37.59,37.8,37.47,37.58,2.7814613E7
1571011200,37.58,37.685,37.31,37.47,2.3651381E7
1571097600,37.45,38.07,37.42,37.9,2.2957991E7
1571184000,37.82,38.0,37.695,37.79,2.2152459E7
1571270400,37.86,37.86,37.61,37.81,1.9153745E7
1571356800,37.81,38.53,37.79,38.47,3.7673766E7
1571616000,38.42,38.62,38.19,38.23,2.8041279E7
1571702400,37.82,38.36,37.6,38.17,2.037353E7
1571788800,38.01,38.14,37.625,37.74,2.4362381E7
1571875200,37.69,37.77,36.54,36.82,4.0910408E7
1571961600,36.94,37.17,36.72,36.91,3.3280773E7
1572220800,38.3,38.86,37.97,38.49,6.2238149E7
1572307200,38.49,38.49,37.98,38.06,2.6710017E7
1572393600,38.39,38.8675,38.11,38.2,3.4018825E7
1572480000,38.21,38.49,37.88,38.49,3.9485026E7
1572566400,38.95,39.02,38.74,38.95,3.5232725E7
1572825600,39.1,39.5,38.86,38.89,3.5861679E7
1572912000,38.81,39.31,38.79,39.17,2.9715471E7
1572998400,39.25,39.28,38.99,39.25,2.1999335E7
1573084800,39.29,39.58,39.25,39.42,2.5542401E7
1573171200,39.34,39.425,39.09,39.38,1.8635139E7
1573430400,39.26,39.38,39.2,39.37,1.3585575E7
1573516800,39.35,39.48,39.07,39.17,1.6550113E7
1573603200,39.19,39.31,39.05,39.16,1.6596947E7
1573689600,38.97,39.08,38.69,38.95,2.7469011E7
1573776000,39.13,39.51,39.06,39.5,3.1476777E7
1574035200,39.3,39.7,39.21,39.63,2.5969683E7
1574121600,38.92,38.97,37.37,38.0,6.4556823E7
1574208000,37.09,37.61,36.4,37.18,6.9861438E7
1574294400,37.03,37.7,37.03,37.6,3.1358462E7
1574380800,37.75,37.93,37.69,37.75,1.9877074E7
1574640000,37.9,37.9,37.18,37.26,3.2466124E7
1574726400,37.28,37.44,36.77,37.4,5.4029541E7
1574812800,37.44,37.82,37.4,37.66,1.7069487E7
1574985600,37.74,37.96,37.36,37.38,1.817251E7
1575244800,37.48,37.48,37.23,37.32,2.488761E7
1575331200,37.2,37.55,36.905,37.55,2.4870032E7
1575417600,37.59,38.36,37.51,38.1,3.8236927E7
1575504000,38.12,38.36,38.01,38.19,2.1764567E7
1575590400,38.29,38.58,38.135,38.2,2.2613844E7
1575849600,38.12,38.43,38.03,38.04,2.0702326E7
1575936000,38.07,38.27,37.82,38.06,2.1783879E7
1576022400,38.02,38.25,38.0,38.17,1.8528997E7
1576108800,38.2,38.57,38.2,38.35,2.3598998E7
1576195200,38.21,38.28,37.95,38.26,2.4895937E7
1576454400,38.37,38.65,38.37,38.59,2.4046923E7
1576540800,38.6,38.7,38.45,38.5,3.4741135E7
1576627200,38.6,38.93,38.59,38.74,2.8439744E7
1576713600,38.79,38.93,38.66,38.93,2.677319E7
1576800000,39.21,39.26,38.89,39.15,4.8371162E7
1577059200,39.25,39.432,39.04,39.07,2.9142243E7
1577145600,39.1,39.12,38.9,38.96,8697213.0
1577318400,38.99,39.2,38.97,39.16,1.9818847E7
1577404800,39.24,39.36,39.2,39.24,1.543402E7
1577664000,39.27,39.28,38.98,39.04,1.7671577E7
1577750400,39.01,39.11,38.86,39.08,2.0218352E7
1577923200,39.16,39.22,38.71,38.86,3.0256306E7
1578009600,38.58,39.2,38.57,39.06,2.7416012E7
1578268800,38.99,39.15,38.82,39.1,3.869625E7
1578355200,39.08,39.3,38.98,39.25,2.8375359E7
1578441600,39.33,39.55,39.29,39.37,4.0542491E7
1578528000,38.92,39.0,38.55,38.8,3.9456701E7
1578614400,38.81,38.95,38.57,38.57,2.9722998E7
1578873600,38.54,38.55,38.02,38.1,3.307373E7
1578960000,38.06,38.185,37.95,38.09,2.6536986E7
1579046400,37.97,38.025,37.79,37.87,2.6077244E7
1579132800,37.99,38.13,37.77,38.03,2.7320255E7
1579219200,38.05,38.44,37.98,38.38,3.359355E7
1579564800,38.35,38.64,38.18,38.52,4.3754575E7
1579651200,38.68,39.14,38.64,39.04,3.6134774E7
1579737600,38.96,38.99,38.55,38.63,2.9007976E7
1579824000,38.6,38.78,38.23,38.5,3.4465331E7
1580083200,38.02,38.57,38.01,38.25,3.5221574E7
1580169600,38.32,38.8,38.27,38.58,3.0847837E7
1580256000,38.5,38.56,37.025,37.05,5.7974423E7
1580342400,36.47,37.45,36.32,37.43,5.0680306E7
1580428800,37.32,37.76,37.25,37.62,4.1160013E7
1580688000,37.96,37.97,36.8,36.96,4.0785825E7
1580774400,37.08,37.74,36.935,37.63,3.1958845E7
1580860800,37.73,37.95,37.52,37.81,2.4637491E7
1580947200,37.8603,38.48,37.8603,38.44,2.6212556E7
1581033600,38.45,38.72,38.36,38.45,2.5198659E7
1581292800,38.42,38.54,38.1,38.34,1.854434E7
1581379200,38.49,38.82,37.9,38.17,3.1978014E7
1581465600,38.19,38.33,38.02,38.04,3.1309382E7
1581552000,37.88,38.43,37.855,38.31,2.4627627E7
1581638400,38.28,38.47,38.11,38.25,2.7388865E7
1581984000,38.18,38.3194,38.04,38.26,2.4280102E7
1582070400,38.24,38.65,38.16,38.44,2.2601208E7
1582156800,38.4,38.67,38.31,38.61,2.7176134E7
1582243200,38.52,38.68,38.365,38.55,2.8468242E7
1582502400,37.99,38.51,37.98,38.05,3.4886904E7
1582588800,38.11,38.28,37.26,37.35,4.8886212E7
1582675200,37.19,37.785,36.92,37.1,4.0268174E7
1582761600,36.58,36.913,35.36,35.73,6.6325718E7
1582848000,34.0,35.72,33.01,35.22,1.21099729E8
1583107200,35.37,37.42,35.29,37.18,6.843279E7
1583193600,37.26,37.96,35.87,36.3,6.3808014E7
1583280000,37.02,38.22,36.72,38.18,4.2070353E7
1583366400,37.4,37.925,36.97,37.18,4.5298116E7
1583452800,36.71,37.25,36.18,37.03,4.8883084E7
1583712000,35.01,36.15,34.38,34.69,6.7968653E7
1583798400,35.51,35.89,34.24,35.85,5.6660605E7
1583884800,34.85,35.07,34.16,34.52,4.5340445E7
1583971200,31.86,33.43,31.06,31.33,8.4215236E7
1584057600,32.92,34.61,31.855,34.47,6.4688756E7
1584316800,31.0,33.8901,30.92,31.81,5.8776602E7
1584403200,32.12,34.061,32.01,33.74,5.9642018E7
1584489600,32.0,32.91,30.25,32.85,7.6034396E7
1584576000,31.36,32.49,30.5,31.15,6.0817171E7
1584662400,30.46,30.5,28.18,28.45,1.16732263E8
1584921600,27.39,27.71,26.08,26.77,9.6884135E7
1585008000,28.0,28.3,26.84,28.09,7.6300913E7
1585094400,28.08,29.93,27.37,28.4,6.8027712E7
1585180800,28.68,30.96,28.68,30.6,6.4092411E7
1585267200,29.69,30.82,29.22,29.84,4.6386011E7
1585526400,29.9,30.41,29.48,30.23,4.162988E7
1585612800,30.04,30.13,29.05,29.15,6.9813374E7
1585699200,28.38,28.58,27.7,28.05,5.464599E7
1585785600,28.0,28.87,28.0,28.76,3.3818421E7
1585872000,28.53,28.74,27.25,27.46,5.3443175E7
1586131200,28.4,29.68,28.31,29.44,5.3502008E7
1586217600,30.44,30.97,30.07,30.08,5.4265545E7
1586304000,29.95,30.0,29.1,29.89,4.0793294E7
1586390400,30.0,30.94,29.99,30.73,5.0332672E7
1586736000,30.5,30.715,29.9,30.19,3.4145822E7
1586822400,30.69,31.155,30.35,31.13,3.1941489E7
1586908800,30.63,30.9599,29.96,30.09,3.7542892E7
1586995200,30.28,30.28,29.705,30.16,3.2533858E7
1587081600,30.85,31.25,30.7,31.23,3.4656154E7
1587340800,30.85,31.42,30.701,30.98,3.058318E7
1587427200,30.51,30.52,29.64,29.87,4.3213059E7
1587513600,30.9,30.9,29.31,29.47,5.0764172E7
1587600000,29.44,30.05,29.33,29.5,3.4011522E7
1587686400,29.59,29.95,29.145,29.71,3.5567748E7
1587945600,29.99,30.68,29.74,30.54,3.3320717E7
1588032000,31.0,31.12,30.615,30.65,3.0924781E7
1588118400,31.13,31.87,31.07,31.43,3.3160143E7
1588204800,31.0,31.05,30.28,30.47,4.0751938E7
1588291200,30.77,30.79,29.75,29.9,3.6851311E7
1588550400,29.75,29.75,29.22,29.6,3.5164096E7
1588636800,29.74,30.18,29.72,29.74,2.4626123E7
1588723200,29.82,29.87,28.79,28.79,4.5094227E7
1588809600,29.17,29.2,28.83,28.89,3.1814282E7
1588896000,29.29,29.85,29.21,29.79,2.4047674E7
1589155200,29.65,29.65,29.15,29.38,2.9223357E7
1589241600,29.51,29.67,28.89,28.89,3.5220892E7
1589328000,28.8,28.92,28.0,28.09,4.9265017E7
1589414400,27.98,28.6,27.61,28.58,3.9827034E7
1589500800,28.28,28.455,28.07,28.31,3.2250323E7
1589760000,28.99,29.69,28.93,29.45,3.4952257E7
1589846400,29.46,29.52,28.9,28.96,3.5217784E7
1589932800,29.27,29.82,29.01,29.59,3.7899058E7
1590019200,29.79,30.06,29.53,29.77,3.8670851E7
1590105600,29.78,29.91,29.425,29.88,2.6638287E7
1590451200,30.64,31.12,30.57,30.82,4.138319E7
1590537600,31.74,31.9751,31.53,31.85,4.3440277E7
1590624000,32.03,32.07,30.97,31.06,3.9689492E7
1590710400,30.55,30.96,30.33,30.86,4.3747283E7
1590969600,30.75,31.24,30.6,30.93,2.4959542E7
1591056000,31.05,31.1,30.71,30.99,2.8436964E7
1591142400,31.3,31.66,31.28,31.51,2.7861297E7
1591228800,31.39,31.8,31.28,31.8,3.0762811E7
1591315200,32.54,33.0,32.225,32.77,4.668938E7
1591574400,33.0,33.24,32.69,33.23,3.4279284E7
1591660800,32.81,32.86,32.35,32.62,3.2209533E7
1591747200,32.57,32.62,32.1,32.14,2.729122E7
1591833600,31.2,31.32,30.115,30.17,4.9865162E7
1591920000,31.02,31.08,30.01,30.5,3.6279651E7
1592179200,29.99,30.65,29.52,30.5,4.0263555E7
1592265600,31.42,31.465,30.36,30.78,4.1630972E7
1592352000,30.78,30.82,30.21,30.26,3.1480615E7
1592438400,30.06,30.41,29.95,30.35,2.8364618E7
1592524800,30.69,30.75,29.98,30.31,7.4958936E7
1592784000,30.18,30.3,30.0,30.11,2.9559417E7
1592870400,30.3,30.6774,30.2,30.25,3.8913011E7
1592956800,30.03,30.04,29.16,29.42,6.5596027E7
1593043200,29.49,29.81,29.21,29.72,3.6571305E7
1593129600,29.56,29.56,28.92,29.08,7.657668E7
1593388800,29.33,29.93,29.29,29.91,3.7534495E7
1593475200,30.01,30.34,29.71,30.23,4.3791447E7
1593561600,30.13,30.48,29.8522,29.9,3.0972794E7
1593648000,30.11,30.5,30.02,30.08,3.7724979E7
1593993600,30.54,30.6,30.24,30.49,3.3715853E7
1594080000,30.3,30.45,30.23,30.32,2.7509243E7
1594166400,30.46,30.545,30.15,30.46,3.893302E7
1594252800,29.87,29.88,29.39,29.54,3.9365702E7
1594339200,29.5,30.225,29.45,30.13,3.6893104E7
1594598400,30.16,30.17,29.64,29.76,4.0993109E7
1594684800,29.72,30.1,29.525,29.96,3.0603497E7
1594771200,30.07,30.13,29.85,30.01,3.0955944E7
1594857600,29.97,30.5,29.9203,30.39,3.298705E7
1594944000,30.48,30.53,30.1841,30.25,2.3156728E7
1595203200,30.18,30.18,29.8,29.85,3.2399528E7
1595289600,29.89,30.42,29.86,30.25,3.4270709E7
1595376000,30.16,30.27,29.95,30.16,3.0508666E7
1595462400,30.15,30.15,29.54,29.9,5.1503445E7
1595548800,29.8,30.21,29.46,29.57,3.8727179E7
1595808000,29.5,29.51,29.21,29.29,3.3494616E7
1595894400,29.26,29.89,29.2,29.69,3.7667134E7
1595980800,29.67,29.67,29.31,29.56,3.0475883E7
1596067200,29.47,29.73,29.36,29.57,2.6647892E7
1596153600,29.51,29.62,29.27,29.58,3.8694208E7
1596412800,29.945,29.98,29.41,29.62,3.8979156E7
1596499200,29.6,30.155,29.56,30.01,3.4044431E7
1596585600,30.15,30.209,29.79,29.85,2.2991667E7
1596672000,29.71,30.09,29.68,29.84,2.1908725E7
1596758400,29.74,30.06,29.58,30.02,3.0422083E7
1597017600,30.05,30.2,29.985,30.2,3.5514362E7
1597104000,30.41,30.77,30.1,30.2,3.0986949E7
1597190400,30.36,30.51,30.11,30.18,2.1188089E7
1597276800,30.0,30.13,29.84,29.91,2.4893071E7
1597363200,29.83,30.15,29.7601,30.01,2.2547745E7
1597622400,30.08,30.08,29.8,29.85,2.5019445E7
1597708800,29.86,29.93,29.77,29.79,2.1913568E7
1597795200,29.81,29.89,29.68,29.73,2.4779948E7
1597881600,29.55,29.875,29.5,29.67,2.2927026E7
1597968000,29.73,29.79,29.53,29.69,2.4883645E7
1598227200,29.71,30.05,29.6605,30.03,2.6384315E7
1598313600,30.09,30.14,29.83,29.9,2.1027062E7
1598400000,29.83,30.12,29.7,29.99,2.7840305E7
1598486400,30.01,30.17,29.815,29.9,2.9612453E7
1598572800,29.94,30.08,29.81,30.04,2.6839368E7
1598832000,30.15,30.16,29.8,29.81,4.1482986E7
1598918400,29.74,29.75,29.32,29.47,4.6552904E7
1599004800,29.37,29.84,29.32,29.7,3.5128793E7
1599091200,29.78,30.175,29.42,29.59,4.4328301E7
1599177600,29.63,29.87,29.26,29.42,4.4835228E7
1599523200,29.5,29.6,29.02,29.51,4.6433102E7
1599609600,29.63,29.6995,29.37,29.37,2.9620226E7
1599696000,29.38,29.38,28.9,28.91,4.7416639E7
1599782400,28.96,29.13,28.8,29.0,2.9669553E7
1600041600,29.1,29.3,29.0,29.14,2.8722807E7
1600128000,29.19,29.34,29.06,29.12,2.5911737E7
1600214400,29.13,29.54,29.12,29.24,3.087918E7
1600300800,29.15,29.24,28.95,29.07,3.1650021E7
1600387200,29.04,29.22,28.91,28.93,4.5861784E7
1600646400,28.8,28.82,28.26,28.63,4.5473995E7
1600732800,28.53,28.93,28.42,28.51,2.8148374E7
1600819200,28.55,28.685,27.84,27.87,4.3786781E7
1600905600,27.87,28.255,27.75,28.04,3.3052111E7
1600992000,27.91,28.11,27.75,28.04,3.5928816E7
1601251200,28.32,28.65,28.24,28.38,3.0525147E7
1601337600,28.36,28.405,28.13,28.3,2.5472226E7
1601424000,28.38,28.67,28.285,28.51,3.908821E7
1601510400,28.52,28.64,28.34,28.49,2.8640457E7
1601596800,28.27,28.89,28.21,28.68,2.8698107E7
1601856000,28.49,28.75,28.36,28.67,3.3463571E7
1601942400,28.745,29.16,28.66,28.71,3.9162573E7
1602028800,28.92,28.975,28.69,28.8,4.1425537E7
1602115200,28.32,28.63,28.24,28.61,3.2108638E7
1602201600,28.63,28.69,28.23,28.32,3.2697673E7
1602460800,28.3,28.3,28.01,28.13,5.1208925E7
1602547200,28.01,28.13,27.68,27.75,5.4011942E7
1602633600,27.71,27.95,27.48,27.49,4.8462436E7
1602720000,27.31,27.45,27.11,27.45,3.2086954E7
1602806400,27.48,27.57,27.32,27.33,2.9326146E7
1603065600,27.435,27.47,26.82,26.88,5.2128035E7
1603152000,26.99,27.12,26.66,26.76,4.1589793E7
1603238400,26.77,26.92,26.54,26.72,4.7749159E7
1603324800,27.83,28.5,27.7,28.28,8.9507895E7
1603411200,28.35,28.41,27.75,27.82,4.2630544E7
1603670400,27.63,27.65,27.09,27.38,4.152447E7
1603756800,27.24,27.27,26.9,26.92,3.516696E7
1603843200,26.695,26.88,26.45,26.5,4.8948835E7
1603929600,26.5,27.05,26.35,26.76,4.4176199E7
1604016000,26.74,27.04,26.69,27.02,4.8443044E7
1604275200,27.4,27.6,27.01,27.34,4.8052113E7
1604361600,27.51,27.8,27.4,27.46,3.3284852E7
1604448000,27.21,27.445,26.86,27.04,4.5482693E7
1604534400,27.19,27.85,27.18,27.51,3.5119352E7
1604620800,27.4902,27.705,27.38,27.44,2.6235293E7
1604880000,28.24,28.79,28.15,28.3,7.0673973E7
1604966400,28.55,28.97,28.49,28.85,4.4191969E7
1605052800,28.97,29.0,28.43,28.73,3.9718751E7
1605139200,28.5,28.58,28.19,28.44,3.0495607E7
1605225600,28.57,28.99,28.47,28.91,2.7490069E7
1605484800,29.11,29.23,28.9,28.97,4.9948993E7
1605571200,28.78,29.13,28.68,29.03,2.857541E7
1605657600,29.05,29.17,28.61,28.62,2.9558856E7
1605744000,28.51,28.51,28.11,28.28,4.1380974E7
1605830400,28.22,28.42,28.16,28.32,2.8220045E7
1606089600,28.39,28.7,28.35,28.62,2.7818839E7
1606176000,28.93,29.44,28.91,29.23,4.4008027E7
1606262400,29.28,29.29,28.9,28.99,2.4489231E7
1606435200,29.0697,29.19,28.88,29.03,1.5649805E7
1606694400,28.87,29.02,28.695,28.75,4.33405E7
1606780800,28.82,29.14,28.745,28.87,4.2064174E7
1606867200,28.82,29.2,28.785,29.09,2.9487247E7
1606953600,29.03,29.24,28.9,29.23,3.4957864E7
1607040000,29.37,29.76,29.31,29.54,3.7725523E7
1607299200,29.78,29.78,29.52,29.64,3.4632649E7
1607385600,29.49,30.93,29.46,30.81,7.3608037E7
1607472000,31.0,31.89,30.97,31.46,7.0685357E7
1607558400,31.07,31.11,30.48,30.69,4.7031929E7
1607644800,30.43,31.09,30.39,31.01,3.150219E7
1607904000,31.23,31.27,30.4,30.55,4.1281671E7
1607990400,30.64,30.7,30.28,30.58,3.2040369E7
1608076800,30.53,30.59,30.24,30.29,3.2303819E7
1608163200,30.04,30.12,29.54,29.62,6.1678987E7
1608249600,29.52,29.68,29.26,29.4,7.4417091E7
1608508800,28.98,29.21,28.75,29.01,4.7824714E7
1608595200,29.0,29.01,28.32,28.4,6.398456E7
1608681600,28.5,28.93,28.5,28.75,3.9301101E7
1608768000,28.73,28.76,28.5,28.69,1.9153092E7
1609113600,28.93,28.9591,28.5,28.55,4.1619463E7
1609200000,28.69,28.88,28.51,28.54,3.6617545E7
1609286400,28.54,28.68,28.43,28.49,3.4347761E7
1609372800,28.45,28.8,28.39,28.76,3.8622254E7
1609718400,29.39,29.49,29.02,29.44,6.5484028E7
1609804800,29.5,29.75,29.19,29.26,6.2729974E7
1609891200,29.41,30.0,29.365,29.83,5.5480035E7
1609977600,30.02,30.09,29.68,29.91,5.3825775E7
1610064000,29.14,29.21,28.75,29.02,5.4736872E7
1610323200,28.74,29.02,28.68,28.87,3.0857037E7
1610409600,28.87,28.87,28.51,28.75,4.3440478E7
1610496000,28.79,28.8,28.47,28.61,3.8809033E7
1610582400,28.65,29.765,28.53,29.29,6.3858747E7
1610668800,28.95,29.29,28.8208,29.17,4.0653079E7
1611014400,29.28,29.38,28.9,28.95,4.0763961E7
1611100800,29.0,29.01,28.74,28.96,3.2542486E7
1611187200,28.91,29.075,28.765,28.83,2.8045402E7
1611273600,28.81,29.05,28.571,28.93,3.4724599E7
1611532800,28.76,29.18,28.49,29.11,5.1913343E7
1611619200,29.1,29.84,29.07,29.75,5.0518939E7
1611705600,29.035,30.2,28.96,29.14,7.3550651E7
1611792000,29.03,29.72,28.78,28.8,5.2642495E7
1611878400,28.78,29.04,28.57,28.63,5.0054934E7
1612137600,28.94,28.975,28.33,28.65,4.2881245E7
1612224000,28.78,28.82,28.38,28.54,4.2804417E7
1612310400,28.51,28.6973,28.45,28.51,4.0384252E7
1612396800,28.52,28.89,28.465,28.89,3.1723396E7
1612483200,28.98,29.07,28.86,28.93,2.757081E7
1612742400,28.97,28.99,28.62,28.77,3.2069007E7
1612828800,28.66,28.78,28.56,28.62,3.2788E7
1612915200,28.64,28.655,28.48,28.55,4.2270057E7
1613001600,28.51,28.7,28.46,28.69,3.3741085E7
1613088000,28.6,28.84,28.59,28.8,2.8712931E7
1613433600,28.8,29.18,28.73,28.97,3.8700704E7
1613520000,28.82,29.74,28.8,29.57,5.1286936E7
1613606400,29.55,29.59,29.21,29.23,2.7002688E7
1613692800,29.29,29.33,28.98,29.0,2.9702976E7
1613952000,28.99,29.57,28.98,29.32,3.4873918E7
1614038400,29.65,29.81,29.1127,29.18,4.696019E7
1614124800,29.3,29.59,29.2,29.38,3.4631901E7
1614211200,29.16,29.26,28.59,28.63,5.8536245E7
1614297600,28.68,28.79,27.89,27.89,7.7507379E7
1614556800,28.16,28.45,28.02,28.09,4.4403416E7
1614643200,28.08,28.46,28.08,28.22,3.5724601E7
1614729600,28.18,28.93,28.18,28.72,5.7266264E7
1614816000,28.77,29.32,28.65,28.92,6.0753233E7
1614902400,29.01,29.74,28.98,29.62,5.871396E7
1615161600,29.54,30.39,29.42,29.99,5.597925E7
1615248000,29.9,30.14,29.61,29.64,4.7952125E7
1615334400,29.94,30.155,29.57,29.99,4.3789277E7
1615420800,29.91,30.0,29.5,29.54,3.6501354E7
1615507200,29.9,30.865,29.7188,29.81,7.0111224E7
1615766400,30.02,30.07,29.68,29.93,4.2404936E7
1615852800,29.75,30.04,29.69,29.99,3.799981E7
1615939200,30.12,30.23,29.81,30.15,3.9940603E7
1616025600,30.07,30.5,29.99,30.01,3.1298169E7
1616112000,30.01,30.06,29.62,29.76,7.3685587E7
1616371200,29.78,30.01,29.58,29.99,3.1364041E7
1616457600,29.95,30.265,29.81,30.0,3.6918964E7
1616544000,29.98,30.29,29.97,29.99,3.3537445E7
1616630400,30.0,30.185,29.81,30.08,3.701046E7
1616716800,30.28,30.6,30.075,30.31,6.2974497E7
1616976000,30.4,30.6457,30.22,30.56,3.7277315E7
1617062400,30.61,30.74,30.395,30.73,3.5132972E7
1617148800,30.65,30.65,30.2,30.27,4.5302855E7
1617235200,30.24,30.48,30.03,30.47,3.2476988E7
1617580800,30.62,30.84,30.6,30.71,3.8517296E7
1617667200,30.71,30.98,30.69,30.98,3.3666426E7
1617753600,31.01,31.15,30.8,30.93,4.0650506E7
1617840000,30.3,30.34,29.93,30.0,4.9877419E7
1617926400,30.05,30.19,29.91,30.04,3.3316746E7
1618185600,30.01,30.16,29.9,29.96,2.4858831E7
1618272000,29.86,29.86,29.51,29.63,4.1385404E7
1618358400,29.6,29.795,29.3,29.73,3.1287888E7
1618444800,29.78,29.84,29.68,29.75,2.649082E7
1618531200,29.91,30.03,29.84,29.95,3.01631E7
1618790400,30.0,30.075,29.81,29.99,2.9788532E7
1618876800,29.97,30.02,29.85,29.89,2.7038675E7
1618963200,29.96,30.235,29.905,30.11,3.435737E7
1619049600,31.3,31.89,31.15,31.36,1.08523112E8
1619136000,31.48,31.71,31.4,31.4,4.036934E7
1619395200,31.38,31.38,30.89,30.91,4.5461322E7
1619481600,30.84,30.88,30.63,30.77,3.3392195E7
1619568000,30.97,31.15,30.9,30.96,2.8091351E7
1619654400,31.13,31.53,31.11,31.34,3.847792E7
1619740800,31.36,31.43,31.05,31.41,3.1332606E7
1620000000,31.78,31.85,31.465,31.5,3.7454107E7
1620086400,31.6,32.08,31.55,32.02,5.188868E7
1620172800,32.01,32.095,31.88,32.03,2.0836259E7
1620259200,32.04,32.42,31.71,32.41,2.9120865E7
1620345600,32.2,32.36,32.06,32.16,2.8950204E7
1620604800,32.33,32.9,32.26,32.63,4.0983553E7
1620691200,32.49,32.67,32.08,32.26,3.3399776E7
1620777600,32.15,32.295,31.93,31.97,3.1482144E7
1620864000,31.83,32.355,31.66,32.21,2.7068405E7
1620950400,32.33,32.55,32.22,32.24,2.1181778E7
1621209600,33.51,33.88,31.24,31.37,1.71457883E8
1621296000,29.88,30.0,28.89,29.55,2.47052434E8
1621382400,29.05,29.18,28.67,28.96,1.226359E8
1621468800,29.01,29.7,28.91,29.64,8.1940197E7
1621555200,30.01,30.24,29.86,30.01,7.4587869E7
1621814400,30.05,30.16,29.73,29.75,4.7598374E7
1621900800,29.71,29.75,29.23,29.52,5.8376815E7
1621987200,29.5,29.64,29.38,29.55,3.3055738E7
1622073600,29.65,29.9,29.57,29.71,4.7450089E7
1622160000,29.71,29.71,29.37,29.43,4.0929988E7
1622505600,29.46,29.525,29.22,29.32,3.9397487E7
1622592000,29.3,29.64,29.15,29.61,4.0032951E7
1622678400,29.46,29.565,29.19,29.23,4.5912511E7
1622764800,29.24,29.34,29.19,29.27,3.4160198E7
1623024000,29.3,29.33,29.01,29.08,3.3090837E7
1623110400,29.03,29.04,28.725,28.98,6.177996E7
1623196800,28.95,29.18,28.88,29.01,2.9228138E7
1623283200,29.01,29.29,29.0,29.18,3.4757756E7
1623369600,29.22,29.35,29.13,29.32,3.1090598E7
1623628800,29.23,29.275,28.96,29.09,2.7195073E7
1623715200,29.06,29.3,29.04,29.28,2.6212498E7
1623801600,29.28,29.34,28.99,29.06,3.0401409E7
1623888000,29.04,29.1467,28.71,28.74,3.5712452E7
1623974400,28.63,28.765,28.41,28.65,6.5706189E7
1624233600,28.72,28.95,28.67,28.93,3.3607023E7
1624320000,28.94,29.0,28.77,28.78,3.1362702E7
1624406400,28.8,28.92,28.64,28.65,2.377622E7
1624492800,28.71,28.84,28.61,28.79,3.587856E7
1624579200,28.7,28.95,28.66,28.89,2.797534E7
1624838400,28.91,28.91,28.75,28.78,2.7094846E7
1624924800,28.8,29.04,28.65,28.66,3.2262766E7
1625011200,28.66,28.86,28.65,28.78,3.2948476E7
1625097600,28.89,29.22,28.86,29.11,2.6395465E7
1625184000,29.11,29.35,29.1,29.23,2.8686361E7
1625529600,29.28,29.33,28.95,29.02,4.0206637E7
1625616000,29.03,29.07,28.86,28.93,3.3598447E7
1625702400,28.27,28.37,28.09,28.18,4.0019186E7
1625788800,28.25,28.5375,28.24,28.45,3.4150163E7
1626048000,28.34,28.58,28.23,28.48,2.6879901E7
1626134400,28.48,28.62,28.22,28.27,2.9026579E7
1626220800,28.26,28.36,28.16,28.26,3.1965876E7
1626307200,28.24,28.5,28.205,28.43,2.7267951E7
1626393600,28.4998,28.63,28.3,28.34,2.6188219E7
1626652800,28.11,28.2,27.5,27.79,5.7679269E7
1626739200,27.71,28.18,27.65,27.91,3.4763185E7
1626825600,28.08,28.3,27.85,27.9,3.0814329E7
1626912000,28.26,28.35,27.74,28.01,3.6936984E7
1626998400,27.97,28.207,27.935,28.15,3.023413E7
1627257600,28.08,28.24,28.01,28.18,3.6555998E7
1627344000,28.01,28.395,27.88,28.2,3.4185344E7
1627430400,28.15,28.29,27.86,28.01,3.1774817E7
1627516800,28.19,28.45,28.11,28.29,3.1819474E7
1627603200,28.37,28.4,28.01,28.05,3.7502241E7
1627862400,28.24,28.55,28.03,28.11,3.254278E7
1627948800,28.08,28.25,27.91,28.19,2.8687712E7
1628035200,28.04,28.12,27.81,27.85,2.9441177E7
1628121600,27.87,28.01,27.86,27.94,2.1025516E7
1628208000,27.91,28.09,27.91,27.96,2.3083584E7
1628467200,27.97,28.0,27.81,27.85,2.5196013E7
1628553600,27.82,28.11,27.77,28.09,2.2260375E7
1628640000,28.08,28.22,28.02,28.16,2.0500677E7
1628726400,28.2,28.22,27.95,28.02,1.9014073E7
1628812800,28.04,28.26,28.0,28.19,2.1942742E7
1629072000,28.14,28.29,27.98,28.2,2.0506969E7
1629158400,28.08,28.27,28.0133,28.19,1.9910486E7
1629244800,28.06,28.1497,27.8,27.83,2.7643337E7
1629331200,27.8,27.85,27.5,27.53,3.767503E7
1629417600,27.52,27.84,27.43,27.57,2.7760041E7
1629676800,27.62,27.72,27.5,27.52,2.7958858E7
1629763200,27.53,27.56,27.37,27.45,2.9291782E7
1629849600,27.45,27.52,27.34,27.43,2.2438265E7
1629936000,27.4,27.42,27.01,27.02,3.7203441E7
1630022400,27.04,27.195,26.88,27.13,3.2240303E7
1630281600,27.12,27.3,27.05,27.23,3.0414431E7
1630368000,27.19,27.495,27.12,27.42,3.9800862E7
1630454400,27.44,27.46,27.14,27.19,2.8209939E7
1630540800,27.18,27.87,27.16,27.64,6.0977318E7
1630627200,27.64,27.75,27.32,27.56,2.704799E7
1630972800,27.47,27.55,27.365,27.42,2.6386189E7
1631059200,27.46,27.735,27.46,27.6,2.8682982E7
1631145600,27.57,27.67,27.41,27.42,3.006536E7
1631232000,27.48,27.49,27.16,27.18,2.8886367E7
1631491200,27.34,27.75,27.33,27.52,3.8647148E7
1631577600,27.55,27.61,27.25,27.33,2.8736152E7
1631664000,27.35,27.65,27.31,27.57,3.3641282E7
1631750400,27.56,27.74,27.4441,27.6,2.8732423E7
1631836800,27.42,27.94,27.42,27.53,6.7979007E7
1632096000,27.32,27.37,26.94,27.21,4.8815322E7
1632182400,27.305,27.43,26.94,26.96,3.5589226E7
1632268800,27.02,27.2058,26.99,27.01,3.168478E7
1632355200,27.06,27.29,27.0218,27.19,3.4023964E7
1632441600,27.15,27.38,27.1,27.13,2.4476239E7
1632700800,27.17,27.65,27.16,27.4,3.2153916E7
1632787200,27.44,27.74,27.19,27.24,3.2928582E7
1632873600,27.28,27.57,27.17,27.4,3.1434652E7
1632960000,27.48,27.51,27.01,27.01,4.4374495E7
1633046400,27.135,27.4,27.01,27.16,3.1540441E7
1633305600,27.24,27.455,27.09,27.25,4.3725387E7
1633392000,27.3,27.48,27.165,27.35,3.2212451E7
1633478400,27.26,27.335,26.97,27.31,5.5833607E7
1633564800,27.0,27.23,26.97,27.09,4.8642679E7
1633651200,27.06,27.119,26.75,26.77,3.8999894E7
1633910400,26.69,26.77,26.03,26.03,6.4547524E7
1633996800,26.02,26.0257,25.36,25.43,7.6673706E7
1634083200,25.28,25.46,25.01,25.3,6.0836113E7
1634169600,25.368,25.81,25.35,25.62,5.6671194E7
1634256000,25.69,25.94,25.65,25.7,4.7629654E7
1634515200,25.56,25.65,25.28,25.33,4.5171917E7
1634601600,25.46,25.6,25.265,25.59,3.4926517E7
1634688000,25.61,26.09,25.56,25.91,4.8283414E7
1634774400,26.12,26.29,25.6,25.76,5.5827824E7
1634860800,25.76,25.8,25.465,25.49,3.7129283E7
1635120000,25.43,25.66,25.32,25.64,4.962606E7
1635206400,25.63,25.7,25.35,25.37,3.6395574E7
1635292800,25.39,25.475,25.04,25.06,3.9993988E7
1635379200,25.13,25.635,25.09,25.55,5.3082648E7
1635465600,25.37,25.52,25.15,25.26,5.4211127E7
1635724800,25.46,25.58,25.345,25.37,4.0270442E7
1635811200,25.4,25.48,25.13,25.23,3.4599713E7
1635897600,25.12,25.33,25.11,25.18,3.6375002E7
1635984000,25.13,25.25,24.54,24.8,6.3091148E7
1636070400,24.85,25.31,24.83,25.1,4.4461554E7
1636329600,25.06,25.13,24.73,24.88,4.6194302E7
1636416000,24.82,24.85,24.58,24.71,4.536068E7
1636502400,24.69,25.13,24.66,24.95,4.7032833E7
1636588800,24.99,25.1,24.88,24.92,3.0380323E7
1636675200,24.95,25.075,24.91,24.94,2.7354469E7
1636934400,24.97,25.05,24.74,24.8,4.0249427E7
1637020800,24.79,24.89,24.63,24.66,3.6376432E7
1637107200,24.63,24.72,24.56,24.66,3.2297658E7
1637193600,24.63,24.69,24.39,24.39,3.7564054E7
1637280000,24.32,24.34,23.96,24.13,5.0469648E7
1637539200,24.1,24.86,24.07,24.7,5.393846E7
1637625600,24.69,24.99,24.69,24.76,4.4543765E7
1637712000,24.67,24.7184,24.43,24.47,3.368413E7
1637884800,24.06,24.32,24.01,24.22,2.9344081E7
1638144000,24.25,24.26,23.85,23.89,5.2454338E7
1638230400,23.64,23.68,22.55,22.83,1.39344683E8
1638316800,23.0,23.195,22.22,22.23,8.0358968E7
1638403200,22.28,23.26,22.28,23.05,8.0024826E7
1638489600,23.02,23.53,22.91,23.46,7.0543671E7
1638748800,23.59,23.94,23.23,23.28,5.9112803E7
1638835200,23.295,23.37,22.97,23.08,6.2421683E7
1638921600,23.02,23.565,22.98,23.17,4.8938067E7
1639008000,23.03,23.07,22.68,22.94,5.157399E7
1639094400,22.98,23.05,22.75,22.84,4.0021723E7
1639353600,22.71,22.8,22.285,22.44,6.6144169E7
1639440000,22.39,22.73,22.25,22.29,7.7280236E7
1639526400,22.28,22.4,22.02,22.17,7.0727562E7
1639612800,22.65,23.89,22.65,23.71,1.1362251E8
1639699200,23.8,23.84,23.28,23.78,1.07980328E8
1639958400,24.03,24.29,23.75,24.19,7.7105998E7
1640044800,24.32,24.8239,24.195,24.47,7.2902796E7
1640131200,24.44,24.835,24.24,24.78,5.1168198E7
1640217600,24.85,25.02,24.809,24.87,4.3314359E7
1640563200,24.87,25.09,24.625,24.78,5.1249008E7
1640649600,24.74,25.12,24.69,24.82,4.2075382E7
1640736000,24.81,24.92,24.6,24.64,3.37829E7
1640822400,24.67,24.95,24.66,24.78,4.0563456E7
1640908800,24.72,24.83,24.57,24.6,4.50006E7
