1483401600,37.78,37.965,37.47,37.725,7643718.0
1483488000,37.905,38.365,37.895,38.31,6695438.0
1483574400,37.7,38.26,37.495,38.075,9958592.0
1483660800,38.02,38.2734,37.905,37.99,6948926.0
1483920000,37.93,38.29,37.93,38.05,6437774.0
1484006400,37.955,38.605,37.905,38.345,7690792.0
1484092800,38.295,38.4215,37.765,38.115,5806984.0
1484179200,37.99,38.05,37.61,37.965,6780182.0
1484265600,37.91,38.23,37.89,37.965,5233970.0
1484611200,38.04,38.6,38.0,38.375,6864244.0
1484697600,38.49,38.535,38.13,38.34,6430914.0
1484784000,38.255,38.35,37.525,37.54,8398752.0
1484870400,37.655,37.7725,37.295,37.745,8272390.0
1485129600,37.59,37.68685,37.195,37.245,6104922.0
1485216000,37.36,37.47,37.145,37.295,7966476.0
1485302400,37.46,37.76,37.32,37.715,6617068.0
1485388800,37.74,37.85,37.5,37.53,4746310.0
1485475200,37.65,37.73305,36.985,37.13,5186446.0
1485734400,37.135,37.16,36.695,37.02,5352902.0
1485820800,36.725,37.495,36.625,37.46,1.0055498E7
1485907200,37.535,37.64,37.1555,37.34,7634876.0
1485993600,37.32,37.765,37.15,37.465,8669182.0
1486080000,37.38,37.915,37.345,37.735,8495292.0
1486339200,37.525,37.82,37.47,37.665,7469258.0
1486425600,37.585,37.75,37.5,37.615,4672270.0
1486512000,37.56,37.885,37.525,37.755,7997728.0
1486598400,37.85,38.2625,37.81,38.055,6351626.0
1486684800,38.12,38.6,37.96,38.525,7343116.0
1486944000,38.655,38.8,38.305,38.45,6972182.0
1487030400,38.4,39.075,38.32,39.04,8086718.0
1487116800,39.12,39.235,38.855,39.115,6765708.0
1487203200,39.025,39.04,38.31,38.415,1.0997412E7
1487289600,38.315,38.725,38.19,38.595,1.228585E7
1487635200,38.7,38.705,38.0125,38.12,1.7787708E7
1487721600,38.54,38.85,37.725,38.175,1.8270594E7
1487808000,38.4,39.44,38.4,38.905,1.8138844E7
1487894400,38.8,39.4,38.765,39.125,1.0806876E7
1488153600,39.125,39.435,39.0775,39.31,8866178.0
1488240000,39.115,39.335,38.77,39.225,1.2518716E7
1488326400,39.49,39.5,38.94,39.225,1.2873098E7
1488412800,39.14,39.8575,39.055,39.695,7851478.0
1488499200,39.55,39.635,39.205,39.41,5851814.0
1488758400,39.255,39.48,39.1825,39.3,5672372.0
1488844800,39.185,39.5,39.11,39.15,6364344.0
1488931200,39.11,39.43,39.065,39.225,6377898.0
1489017600,39.18,39.275,38.92,38.97,5659630.0
1489104000,39.145,39.21,38.53,39.09,5935982.0
1489363200,38.995,39.235,38.805,39.03,4938352.0
1489449600,39.13,39.32,39.01,39.14,4767620.0
1489536000,39.125,39.66,39.085,39.59,6538108.0
1489622400,39.75,39.825,39.4814,39.61,7679452.0
1489708800,39.805,39.82,39.38,39.61,1.0223462E7
1489968000,39.605,39.61,38.96,39.09,7905308.0
1490054400,39.25,39.36,38.835,39.045,5887662.0
1490140800,39.025,39.3675,38.845,39.32,5003334.0
1490227200,39.365,39.54,39.14,39.215,5504444.0
1490313600,39.135,39.31,38.955,39.215,5612212.0
1490572800,38.92,39.245,38.82,39.175,6205382.0
1490659200,39.135,39.445,39.08,39.355,9353096.0
1490745600,39.405,39.98,39.27,39.84,6476644.0
1490832000,39.725,39.92,39.67,39.885,3762186.0
1490918400,39.82,39.985,39.51,39.54,5431392.0
1491177600,39.645,39.68,39.065,39.165,7079872.0
1491264000,39.155,39.165,38.31,38.355,1.0850038E7
1491350400,38.4,38.53,37.905,37.965,9552844.0
1491436800,38.175,38.6875,38.175,38.4,7544340.0
1491523200,38.31,38.395,38.04,38.045,7189754.0
1491782400,38.05,38.41,37.9,38.01,6252058.0
1491868800,37.985,38.505,37.905,38.495,8550058.0
1491955200,38.605,38.605,38.305,38.545,7882186.0
1492041600,38.51,38.685,38.385,38.405,5706940.0
1492387200,38.54,38.59,38.095,38.24,5060264.0
1492473600,38.25,38.595,38.13,38.42,4344596.0
1492560000,38.57,38.62,38.37,38.45,4035376.0
1492646400,38.585,39.165,38.5775,39.085,6308354.0
1492732800,39.065,39.295,38.965,39.28,6104360.0
1492992000,39.565,39.62,39.1,39.31,4829322.0
1493078400,39.355,39.4775,39.135,39.39,4545184.0
1493164800,39.48,39.74,39.33,39.46,4404086.0
1493251200,39.475,39.5475,39.24,39.485,4598466.0
1493337600,39.465,39.475,39.03,39.32,5419230.0
1493596800,39.445,39.46495,38.825,38.825,4067744.0
1493683200,38.895,39.455,38.81,39.455,6405148.0
1493769600,39.445,39.66,39.285,39.57,5854548.0
1493856000,39.5,39.58,39.25,39.485,4734824.0
1493942400,39.615,39.625,39.215,39.345,5780042.0
1494201600,39.445,39.485,39.1025,39.25,6552356.0
1494288000,39.14,39.715,39.085,39.49,6493842.0
1494374400,39.515,40.46,39.39,40.36,9874468.0
1494460800,40.1,40.105,39.36,39.735,8713844.0
1494547200,39.535,39.535,38.51,38.655,1.1910072E7
1494806400,38.75,38.915,38.315,38.45,1.1815126E7
1494892800,36.81,37.685,36.515,36.88,3.0643518E7
1494979200,36.88,37.96,36.875,37.385,2.009054E7
1495065600,37.48,37.685,37.1808,37.24,1.1622548E7
1495152000,37.39,37.4,36.565,37.135,1.6200818E7
1495411200,37.28,37.725,37.16,37.645,1.0872702E7
1495497600,37.63,37.645,37.13,37.2,1.0835346E7
1495584000,37.27,37.35,36.9825,36.995,1.1141716E7
1495670400,37.19,37.865,37.0955,37.685,9098176.0
1495756800,37.8,37.92,37.615,37.765,5496632.0
1496102400,37.665,37.85,37.38,37.425,6939976.0
1496188800,37.585,37.68,37.405,37.605,7954658.0
1496275200,37.88,38.0275,37.5205,37.95,5530536.0
1496361600,37.7,37.895,37.43,37.61,6952876.0
1496620800,37.51,37.795,37.385,37.515,5087024.0
1496707200,37.335,37.425,36.94,36.985,7778786.0
1496793600,37.165,37.34,37.01,37.095,5436344.0
1496880000,37.19,37.31,36.36,36.39,1.0310066E7
1496966400,36.395,37.04,36.145,36.84,9353890.0
1497225600,36.765,37.24,36.765,36.885,7417838.0
1497312000,36.92,37.11,36.775,36.955,6415438.0
1497398400,36.865,36.925,36.435,36.585,7714518.0
1497484800,36.565,36.65,35.84,36.27,7819224.0
1497571200,35.935,36.255,35.7,36.22,1.1545094E7
1497830400,36.305,36.35,35.7971,36.175,7778004.0
1497916800,36.035,36.09125,35.0725,35.09,1.440361E7
1498003200,34.95,35.3743,34.425,34.7,1.4474768E7
1498089600,34.705,34.725,34.27,34.375,1.2287706E7
1498176000,34.36,34.685,34.11,34.635,1.2230324E7
1498435200,34.895,35.17,34.7105,34.97,7687786.0
1498521600,34.85,35.115,34.825,34.98,7125766.0
1498608000,35.14,35.765,35.07,35.705,9648826.0
1498694400,35.69,35.795,35.3955,35.54,8987912.0
1498780800,35.745,36.275,35.665,36.085,1.2423614E7
1499040000,36.325,36.605,35.765,35.785,5938090.0
1499212800,35.855,35.855,35.1275,35.59,1.02774E7
1499299200,35.325,35.4269,35.0575,35.145,9383682.0
1499385600,35.25,35.465,35.11,35.175,8533722.0
1499644800,35.095,35.145,34.3,34.34,7759668.0
1499731200,34.3,34.46,34.175,34.3,9519162.0
1499817600,34.385,34.575,34.355,34.465,6893256.0
1499904000,34.665,35.015,34.62,34.99,1.0021704E7
1499990400,35.11,35.26,34.79,34.9,7418284.0
1500249600,34.9,35.3925,34.855,35.18,8482204.0
1500336000,35.135,35.2325,34.845,34.975,5697124.0
1500422400,35.05,35.31,34.95,35.15,1.0121818E7
1500508800,35.155,35.34,34.765,34.8,9760146.0
1500595200,34.645,34.715,34.15,34.46,9621752.0
1500854400,34.3,34.3,33.3275,33.45,1.46873E7
1500940800,33.635,34.635,33.61,34.35,1.1730678E7
1501027200,34.465,34.4752,34.055,34.235,1.0048026E7
1501113600,34.225,34.8675,34.16,34.82,9348638.0
1501200000,34.84,35.0275,34.575,34.8,6866972.0
1501459200,34.875,35.22,34.59005,35.155,8457184.0
1501545600,35.2,35.47,35.135,35.36,7076154.0
1501632000,35.145,35.44,35.0,35.255,6852784.0
1501718400,35.255,35.31,34.5325,34.8,9416774.0
1501804800,34.875,35.185,34.765,35.08,6646320.0
1502064000,35.025,35.44,35.025,35.34,5566550.0
1502150400,35.4025,36.045,35.35,35.75,1.0751138E7
1502236800,35.62,35.755,35.28,35.63,7745816.0
1502323200,35.345,35.39,34.895,35.13,9474096.0
1502409600,35.055,35.775,34.99,35.535,9866694.0
1502668800,35.815,35.875,34.65,34.81,1.5372986E7
1502755200,34.875,35.905,34.445,35.08,1.6432364E7
1502841600,35.38,35.855,35.115,35.795,1.144646E7
1502928000,35.54,35.56,35.09,35.125,1.0500204E7
1503014400,35.15,35.61,35.0,35.235,1.3310114E7
1503273600,35.245,35.8325,35.075,35.73,1.0439314E7
1503360000,35.795,35.975,35.565,35.8,8857610.0
1503446400,35.74,35.915,35.54,35.795,8798496.0
1503532800,36.28,36.605,35.33215,35.445,1.3380954E7
1503619200,35.65,36.065,35.505,35.835,5931884.0
1503878400,36.0,36.1,35.805,35.9,9468526.0
1503964800,35.67,35.805,35.42,35.745,6457640.0
1504051200,35.705,36.14,35.61,36.025,6432912.0
1504137600,35.915,36.22,35.9125,36.15,9065380.0
1504224000,36.22,36.41,36.08,36.19,5649464.0
1504569600,36.085,36.2825,35.86,36.17,6549464.0
1504656000,36.195,36.55,36.17,36.515,6046072.0
1504742400,36.75,36.825,36.275,36.46,5414508.0
1504828800,36.485,36.495,35.8625,36.195,5362808.0
1505088000,36.195,36.5,36.0,36.42,6392532.0
1505174400,36.5025,37.15,36.5,36.77,5713820.0
1505260800,36.835,37.11,36.7,36.745,7606038.0
1505347200,36.755,36.78,36.43,36.605,6972554.0
1505433600,36.595,36.895,36.28,36.87,8045572.0
1505692800,36.94,36.95,36.565,36.71,3889888.0
1505779200,36.795,36.83,36.405,36.415,5666790.0
1505865600,36.4,36.4055,35.9725,36.21,9761294.0
1505952000,36.27,36.585,36.215,36.41,7468030.0
1506038400,36.325,36.445,36.075,36.225,8517494.0
1506297600,36.26,36.995,36.15,36.915,1.0140022E7
1506384000,37.0,37.19,36.76,36.89,5863654.0
1506470400,36.925,37.19005,36.685,37.08,4674064.0
1506556800,37.025,37.115,36.76,36.975,4917214.0
1506643200,37.045,37.185,36.81,36.865,5972940.0
1506902400,36.845,36.885,36.3694,36.7,5896150.0
1506988800,36.755,36.985,36.64,36.91,3971300.0
1507075200,36.82,36.935,36.55,36.825,5613774.0
1507161600,36.715,36.945,36.6005,36.905,7773766.0
1507248000,36.75,36.9775,36.55,36.8,4127364.0
1507507200,36.82,36.93,36.405,36.515,3640138.0
1507593600,36.55,36.62,36.075,36.125,5821926.0
1507680000,36.23,36.465,36.105,36.275,5909920.0
1507766400,36.215,36.215,35.565,35.89,6957872.0
1507852800,35.895,36.23,35.775,36.035,5299036.0
1508112000,35.885,35.91,35.4,35.585,6182946.0
1508198400,35.56,35.945,35.53,35.9,5210186.0
1508284800,35.85,35.995,35.58,35.65,6874048.0
1508371200,35.65,35.85,35.535,35.705,6904588.0
1508457600,35.885,36.165,35.8,36.045,6701826.0
1508716800,36.005,36.42,35.915,36.1,5615080.0
1508803200,36.14,36.3,35.825,35.87,5328590.0
1508889600,35.87,35.975,35.535,35.72,6299736.0
1508976000,35.73,35.97,35.475,35.735,6558684.0
1509062400,35.665,35.67,35.115,35.27,8995698.0
1509321600,35.1,35.11,34.45,34.675,9031376.0
1509408000,35.3,35.58,34.755,34.9,7563530.0
1509494400,35.14,35.2,34.69,34.86,5835586.0
1509580800,35.0,35.275,34.81,35.105,5883392.0
1509667200,34.99,34.99,34.26,34.3,8600680.0
1509926400,34.32,34.595,34.075,34.115,9608462.0
1510012800,34.145,34.365,33.995,34.15,9966020.0
1510099200,33.9,34.235,33.735,33.99,9541738.0
1510185600,33.975,34.945,33.87,34.625,1.034621E7
1510272000,34.69,35.12,34.57,35.11,1.2163438E7
1510531200,35.12,36.0295,35.045,35.38,1.8013168E7
1510617600,33.8,34.795,33.22,33.97,3.4174274E7
1510704000,33.755,34.78,33.5,34.52,2.0352772E7
1510790400,34.555,34.76,34.375,34.53,9703536.0
1510876800,34.675,35.68,34.675,35.51,1.5719498E7
1511136000,35.545,35.765,35.29,35.595,1.225943E7
1511222400,35.49,35.64,35.05005,35.615,8843382.0
1511308800,35.565,35.675,35.2175,35.285,7535746.0
1511481600,35.58,35.725,35.375,35.435,3206752.0
1511740800,35.475,35.7,35.2475,35.48,8922198.0
1511827200,35.53,36.375,35.435,36.325,9285296.0
1511913600,36.375,37.87,36.315,37.39,1.4984188E7
1512000000,37.155,38.11,37.09,37.775,1.256029E7
1512086400,37.65,38.095,37.23,37.675,1.04356E7
1512345600,37.875,38.97,37.83,38.5,1.0717178E7
1512432000,38.04,38.2,37.78,37.8,1.3640922E7
1512518400,37.86,38.065,37.525,37.525,6365712.0
1512604800,37.68,37.68,36.875,36.92,1.0557902E7
1512691200,37.005,37.045,36.565,36.94,9540814.0
1512950400,36.87,36.875,36.46,36.65,1.2004652E7
1513036800,36.525,36.89,36.525,36.81,1.0408708E7
1513123200,36.96,37.135,36.75,36.95,8416530.0
1513209600,37.19,37.21,36.68,36.71,8148274.0
1513296000,36.945,37.47,36.775,37.085,1.3935548E7
1513555200,37.265,37.8175,37.225,37.735,7242834.0
1513641600,37.9,38.095,37.575,38.03,1.0503062E7
1513728000,38.06,38.31,37.87,37.9,7444564.0
1513814400,37.685,38.335,37.655,38.15,7292892.0
1513900800,38.235,38.25,37.875,38.125,5992904.0
1514246400,38.2,38.745,38.175,38.725,4436386.0
1514332800,38.725,38.82,38.405,38.485,4209138.0
1514419200,38.505,38.555,38.04,38.19,4520466.0
1514505600,38.34,38.48,38.22,38.23,4752144.0
1514851200,38.43,38.78,38.23,38.345,6881354.0
1514937600,38.01,38.08,37.42,37.655,9258822.0
1515024000,37.615,37.795,37.135,37.715,7599866.0
1515110400,37.765,38.6,37.765,38.575,7728992.0
1515369600,38.585,38.68,37.66,37.825,7883340.0
1515456000,37.84,38.025,37.525,37.75,8376492.0
1515542400,37.77,38.275,37.6,38.135,6656886.0
1515628800,38.075,38.5,37.875,38.44,5397794.0
1515715200,38.575,39.4,38.525,39.14,7825336.0
1516060800,39.385,39.385,38.15,38.295,7647448.0
1516147200,38.36,38.62,38.04,38.29,7594966.0
1516233600,38.37,38.9475,38.33,38.625,5074728.0
1516320000,38.795,39.45,38.56,39.445,9128304.0
1516579200,39.47,39.79,39.155,39.73,8736672.0
1516665600,39.58,39.79,39.34,39.66,7822618.0
1516752000,39.6,39.93,39.33,39.625,6937352.0
1516838400,39.79,39.83995,39.37,39.63,4852592.0
1516924800,39.86,40.28,39.395,40.255,7546494.0
1517184000,40.105,40.615,40.105,40.415,7882846.0
1517270400,40.4,40.73,39.995,40.175,9984342.0
1517356800,40.195,40.54,39.88,40.16,1.1270576E7
1517443200,40.03,40.365,39.78,40.05,6082078.0
1517529600,39.645,39.995,38.955,39.235,1.1470152E7
1517788800,39.04,39.575,38.025,38.03,1.0812776E7
1517875200,37.0,38.26,36.685,37.995,1.188984E7
1517961600,38.12,38.58,37.885,38.1,1.2024262E7
1518048000,38.27,38.405,37.175,37.18,1.094008E7
1518134400,37.295,38.125,36.41,37.82,1.588199E7
1518393600,38.125,38.19,37.27,37.855,1.0206788E7
1518480000,37.755,38.095,37.51,37.775,6666676.0
1518566400,37.545,38.465,37.4875,38.285,8596642.0
1518652800,38.585,38.99,38.08,38.99,9808412.0
1518739200,38.985,39.565,38.935,38.94,8217500.0
1519084800,38.64,38.795,38.09,38.185,7274790.0
1519171200,38.27,38.575,37.905,37.92,7271966.0
1519257600,38.025,38.39,37.925,38.2,5683020.0
1519344000,38.425,38.995,38.3,38.98,6448762.0
1519603200,39.26,39.49,38.78,39.425,9020790.0
1519689600,39.855,40.12,38.65,38.655,1.0694942E7
1519776000,41.925,42.395,41.085,41.34,3.0077154E7
1519862400,41.105,42.27,40.5,41.42,1.7762178E7
1519948800,40.8,41.955,40.8,41.825,1.1111998E7
1520208000,41.75,42.02,41.65,41.915,8423606.0
1520294400,41.965,42.22,41.735,42.195,7967472.0
1520380800,41.67,42.26,41.245,41.315,1.32952E7
1520467200,41.65,41.9,41.22,41.33,1.2822278E7
1520553600,41.45,41.595,40.725,41.335,1.2639134E7
1520812800,41.25,41.36,40.87,41.235,7141526.0
1520899200,41.37,41.63,41.095,41.15,7518638.0
1520985600,41.275,41.405,40.72,40.94,8172360.0
1521072000,41.03,41.05,40.54,40.67,6009192.0
1521158400,40.64,41.12,40.605,40.705,1.1731932E7
1521417600,40.705,41.02,40.51,40.695,5298956.0
1521504000,40.84,41.045,40.62,40.92,6760434.0
1521590400,40.94,41.705,40.79,41.44,7235212.0
1521676800,41.065,41.29,40.475,40.5,9109050.0
1521763200,40.755,40.805,39.88,39.94,7377766.0
1522022400,40.32,40.725,40.245,40.535,8425934.0
1522108800,40.465,40.765,40.06,40.22,7267304.0
1522195200,40.44,41.125,40.285,40.345,6111774.0
1522281600,40.56,41.105,40.505,40.78,6764326.0
1522627200,40.865,41.18125,39.86,40.28,7230768.0
1522713600,40.365,41.1845,40.315,41.165,7943042.0
1522800000,40.86,42.08,40.6625,41.985,6186330.0
1522886400,42.125,42.605,41.84665,42.48,7424500.0
1522972800,42.295,42.5,41.455,41.72,5758014.0
1523232000,42.065,42.105,41.2675,41.305,9940006.0
1523318400,41.785,41.785,40.98,41.185,7118284.0
1523404800,40.855,41.7,40.81,41.025,9074378.0
1523491200,41.33,41.6,41.03,41.265,1.0266916E7
1523577600,41.42,41.43,40.4675,40.63,7904136.0
1523836800,40.995,41.59,40.845,41.37,6903518.0
1523923200,41.75,42.105,41.7,41.725,6501682.0
1524009600,41.835,42.24,41.56,41.59,4879994.0
1524096000,41.505,41.795,41.1,41.32,6375412.0
1524182400,41.29,41.43,40.97,41.24,7545806.0
1524441600,41.27,41.8125,41.16,41.615,4530482.0
1524528000,41.79,42.18,41.38,41.545,6077516.0
1524614400,41.42,41.79,41.13,41.665,4648148.0
1524700800,41.79,42.565,41.515,42.55,6064814.0
1524787200,42.625,43.365,42.4115,43.25,7967556.0
1525046400,43.4,43.62,42.4,42.425,8206034.0
1525132800,42.39,42.395,41.29,41.785,6360430.0
1525219200,41.6,42.14875,41.21,41.765,6230532.0
1525305600,41.745,42.005,41.0655,41.78,6035722.0
1525392000,41.56,41.68,41.13,41.415,6286232.0
1525651200,41.475,41.475,40.65,40.945,5787684.0
1525737600,40.985,41.32,40.82505,41.29,5070292.0
1525824000,41.295,41.975,41.185,41.945,6315352.0
1525910400,41.695,41.825,41.155,41.635,6141670.0
1525996800,41.62,42.21,41.57,42.035,4849476.0
1526256000,42.29,42.68,42.21,42.46,7048368.0
1526342400,42.49,42.99,42.395,42.795,5343844.0
1526428800,42.995,43.655,42.525,42.595,6624288.0
1526515200,42.455,43.4,42.455,43.135,9906248.0
1526601600,42.865,43.02,42.275,42.395,1.1738462E7
1526860800,42.41,42.71,42.025,42.35,9915992.0
1526947200,43.35,44.375,42.81055,43.725,1.654827E7
1527033600,43.455,44.275,43.41,43.945,1.2248746E7
1527120000,43.72,44.74,43.72,44.37,8095008.0
1527206400,44.08,44.35,43.995,44.055,6272800.0
1527552000,43.99,44.3875,43.79,44.185,5492494.0
1527638400,44.225,44.95,44.0925,44.89,8087090.0
1527724800,44.925,45.425,44.725,45.16,1.0902936E7
1527811200,45.265,45.62,45.14,45.21,7984296.0
1528070400,45.735,46.49,45.565,46.475,7549830.0
1528156800,46.5,47.0375,46.195,47.015,8378592.0
1528243200,47.085,47.195,46.425,47.15,8988118.0
1528329600,47.345,47.7875,47.1,47.25,7813118.0
1528416000,47.19,47.63495,47.065,47.47,6063732.0
1528675200,47.475,47.85,47.26,47.505,5431916.0
1528761600,47.495,47.955,47.12,47.71,6814416.0
1528848000,47.635,47.845,47.24,47.365,6288010.0
1528934400,47.315,47.585,46.9625,47.28,5440686.0
1529020800,47.245,47.625,47.125,47.585,9489132.0
1529280000,47.37,48.315,47.255,47.98,7662722.0
1529366400,47.405,47.925,47.32,47.875,5693134.0
1529452800,48.19,48.41,47.9,48.36,6138212.0
1529539200,48.005,48.28,47.4951,48.145,6338690.0
1529625600,48.165,48.225,47.335,47.54,7976072.0
1529884800,47.64,48.05,47.285,47.605,5661180.0
1529971200,47.045,47.615,46.81,47.585,5374772.0
1530057600,47.61,48.155,47.07,47.105,5050442.0
1530144000,47.215,47.82,47.01,47.665,5972964.0
1530230400,48.035,48.225,47.585,47.59,5823876.0
1530489600,47.395,47.555,47.1102,47.455,5682766.0
1530576000,47.64,47.89,47.425,47.575,2616604.0
1530748800,47.675,47.815,47.32,47.535,5191918.0
1530835200,47.49,47.975,47.47,47.775,5006012.0
1531094400,48.0,48.075,47.715,47.85,4201000.0
1531180800,47.765,47.8,47.185,47.515,9527824.0
1531267200,47.275,47.8775,47.255,47.68,5031928.0
1531353600,47.515,47.68,47.095,47.125,8791808.0
1531440000,47.14,47.69,47.095,47.665,4376090.0
1531699200,47.715,47.795,47.345,47.595,3691420.0
1531785600,47.555,48.37,47.555,48.15,6034426.0
1531872000,48.18,48.415,47.87,48.31,5564184.0
1531958400,48.29,48.985,48.25,48.845,5905226.0
1532044800,48.63,49.01,48.48,48.535,5288836.0
1532304000,48.58,49.06,48.55,48.78,4408176.0
1532390400,48.94,48.94,48.265,48.505,4871976.0
1532476800,48.54,48.92,48.385,48.84,5297950.0
1532563200,49.015,49.47,48.645,48.76,4894876.0
1532649600,48.825,49.147,48.165,48.275,3515396.0
1532908800,48.55,48.91,48.275,48.385,4374760.0
1532995200,48.455,48.835,48.26,48.63,6127908.0
1533081600,48.5,48.925,48.01505,48.205,5472698.0
1533168000,48.14,48.765,47.96,48.73,6055450.0
1533254400,48.925,49.135,48.375,48.795,4275566.0
1533513600,48.795,49.195,48.79,49.13,3398746.0
1533600000,49.13,49.425,48.78,49.37,4524726.0
1533686400,49.55,49.95,49.49,49.865,4773292.0
1533772800,50.0,50.225,49.72675,49.905,4639440.0
1533859200,49.865,50.615,49.68,50.35,7651102.0
1534118400,50.63,50.745,49.615,49.675,6956692.0
1534204800,49.8,50.595,49.8,50.5,9137762.0
1534291200,50.045,50.5,49.435,49.495,6394322.0
1534377600,49.85,50.305,49.09,49.765,7579212.0
1534464000,49.725,50.265,49.6,50.175,6324410.0
1534723200,50.575,50.9,49.905,50.825,1.006554E7
1534809600,53.5,53.63,52.3,53.23,1.8130552E7
1534896000,53.14,53.78,52.53,52.88,1.165469E7
1534982400,52.815,53.87,52.815,53.725,8616594.0
1535068800,53.24,54.16,53.15,54.03,1.036696E7
1535328000,54.285,54.325,53.68,53.73,6968792.0
1535414400,53.8,53.89,53.275,53.805,4490312.0
1535500800,53.81,54.425,53.525,54.27,5676084.0
1535587200,54.25,54.75,54.0975,54.26,5216728.0
1535673600,54.18,55.06,54.17,54.985,6886340.0
1536019200,55.24,55.9,55.01,55.72,8690752.0
1536105600,55.72,55.94,55.115,55.565,6934286.0
1536192000,55.79,55.955,55.2225,55.3,7569304.0
1536278400,55.2,55.565,54.9,54.965,8609934.0
1536537600,55.3,55.7149,55.2305,55.405,9585202.0
1536624000,55.295,55.5,54.855,55.195,6416274.0
1536710400,55.255,55.565,54.745,55.145,8262740.0
1536796800,54.945,55.25,54.295,54.49,8158414.0
1536883200,54.055,54.415,53.66,54.385,9089624.0
1537142400,53.91,54.2475,53.71,53.98,7938990.0
1537228800,53.965,54.87,53.79,54.535,9306080.0
1537315200,54.37,54.825,54.095,54.69,4317302.0
1537401600,54.68,54.85,54.18,54.775,6284222.0
1537488000,55.015,55.345,54.715,54.855,1.2974984E7
1537747200,54.83,55.22,54.5243,54.86,5432782.0
1537833600,55.085,55.315,54.915,55.16,6972564.0
1537920000,55.625,56.17,55.28,55.87,6463066.0
1538006400,55.805,56.1925,55.7,55.905,4517500.0
1538092800,55.935,56.37,55.82,56.01,6800338.0
1538352000,56.4,56.64,56.0825,56.115,7203322.0
1538438400,56.16,56.305,55.175,55.21,6995814.0
1538524800,55.325,55.6,54.935,55.17,5260390.0
1538611200,55.105,55.36,54.95,55.14,5773634.0
1538697600,55.225,55.78,54.87,55.15,4762346.0
1538956800,55.025,55.58,55.025,55.405,5167410.0
1539043200,55.585,56.08,55.3625,55.7,6138544.0
1539129600,55.76,55.785,54.195,54.32,6800132.0
1539216000,54.4,55.24135,53.58,53.88,8031392.0
1539302400,54.37,55.255,54.065,54.72,6609906.0
1539561600,54.69,55.56,54.525,55.255,5064410.0
1539648000,55.285,56.24,54.94,56.125,6195888.0
1539734400,55.755,55.995,54.76,55.4,7907236.0
1539820800,55.275,55.465,54.34,54.82,6845834.0
1539907200,54.795,54.86,53.46,53.63,9622692.0
1540166400,54.34,54.615,54.04005,54.325,8609308.0
1540252800,53.85,54.08,52.57,53.455,8655740.0
1540339200,53.36,54.395,53.015,53.115,7752076.0
1540425600,53.245,53.7,52.795,53.25,9646008.0
1540512000,53.155,53.515,52.565,53.27,8174830.0
1540771200,53.755,55.095,53.63,54.2,1.4275552E7
1540857600,54.455,55.46,54.205,55.085,9715402.0
1540944000,55.65,55.6825,54.435,54.94,9776258.0
1541030400,54.885,55.445,54.535,55.07,6601928.0
1541116800,55.57,56.185,54.5175,54.745,9024852.0
1541376000,54.745,55.5,54.3285,55.14,5949924.0
1541462400,55.175,55.49,54.345,54.775,5561598.0
1541548800,55.01,55.54,53.99,55.42,5858362.0
1541635200,55.88,56.0,55.2,55.54,5783560.0
1541721600,55.68,55.81,55.09,55.64,6533418.0
1541980800,56.04,56.18,54.5,54.57,6583804.0
1542067200,54.54,54.635,53.63,53.75,7612982.0
1542153600,54.38,54.57,52.575,52.64,9181709.0
1542240000,52.02,52.47,51.39,52.47,9145165.0
1542326400,51.86,51.86,50.87,51.49,1.3371677E7
1542585600,51.33,51.7,48.54,48.96,1.7398756E7
1542672000,46.0,48.76,45.56,46.82,1.6289582E7
1542758400,46.95,47.52,46.12,46.16,1.0857423E7
1542931200,46.18,46.435,45.43,45.86,3968929.0
1543190400,46.35,46.84,45.76,46.12,8434593.0
1543276800,45.85,46.16,45.125,45.55,7457301.0
1543363200,45.99,47.895,45.91,47.85,1.2062306E7
1543449600,48.71,48.77,46.705,47.49,8099311.0
1543536000,47.58,49.05,47.47,48.85,1.752932E7
1543795200,49.14,49.36,47.9,48.39,1.1665751E7
1543881600,48.52,48.77,46.94,47.17,1.0420451E7
1544054400,46.7,46.855,45.74,46.46,1.2052343E7
1544140800,46.37,46.41,45.04,45.29,9689245.0
1544400000,45.58,46.3716,45.05,46.21,7120400.0
1544486400,46.79,46.86,45.43,45.73,6308357.0
1544572800,46.22,46.56,45.775,46.1,6825622.0
1544659200,46.21,46.5,45.35,45.81,8450172.0
1544745600,45.42,46.19,45.1,45.22,6990866.0
1545004800,44.88,44.99,44.03,44.34,1.0883412E7
1545091200,44.37,44.75,43.84,44.07,8398715.0
1545177600,44.32,44.85,43.28,43.64,7474346.0
1545264000,43.5,43.5,41.93,42.43,9826930.0
1545350400,42.47,43.7,41.65,41.93,1.3765986E7
1545609600,41.62,42.41,41.49,41.63,4140353.0
1545782400,41.79,43.84,41.78,43.84,8182695.0
1545868800,43.38,43.86,42.31,43.84,6101483.0
1545955200,44.12,44.45,43.46,43.81,5045214.0
1546214400,44.1,44.86,44.06,44.74,5582369.0
1546387200,44.23,45.04,44.14,44.66,5939099.0
1546473600,44.59,44.87,43.8,44.19,5887998.0
1546560000,44.81,45.7,44.74,45.4,6324965.0
1546819200,45.32,47.13,45.32,46.62,8441330.0
1546905600,46.8,47.435,46.02,47.31,1.0044266E7
1546992000,47.45,47.764,46.9647,47.27,8048276.0
1547078400,46.25,47.13,45.66,47.09,7279510.0
1547164800,46.98,47.735,46.89,47.46,5301245.0
1547424000,47.18,47.77,46.43,46.78,7577179.0
1547510400,46.93,47.82,46.6534,47.32,6105055.0
1547596800,47.05,47.81,47.0,47.53,5984906.0
1547683200,47.48,48.16,47.39,48.0,4114386.0
1547769600,48.27,49.43,48.21,49.16,7061628.0
1548115200,48.89,49.2,48.31,48.74,8387844.0
1548201600,48.86,48.91,48.22,48.64,4649603.0
1548288000,48.86,48.88,48.48,48.68,3776540.0
1548374400,49.19,49.45,48.78,48.87,4996384.0
1548633600,48.67,49.01,48.46,48.96,4803416.0
1548720000,49.01,49.04,48.435,48.74,4362529.0
1548806400,48.88,49.18,48.63,48.9,5407993.0
1548892800,48.82,49.73,48.75,49.73,1.225462E7
1548979200,49.5,49.685,48.65,48.9,9875412.0
1549238400,48.86,49.0,48.19,48.99,5626829.0
1549324800,49.13,49.26,48.6642,49.22,5408693.0
1549411200,49.3,49.3,48.55,48.76,4790392.0
1549497600,48.49,48.77,48.21,48.52,5264015.0
1549584000,48.34,48.94,48.34,48.94,5760566.0
1549843200,48.96,49.19,48.77,49.1,4718386.0
1549929600,49.27,49.83,49.02,49.75,5033947.0
1550016000,49.6,49.95,49.12,49.89,5947965.0
1550102400,49.55,49.94,49.11,49.5,4613738.0
1550188800,49.98,50.33,49.88,50.23,5949749.0
1550534400,50.24,50.62,49.91,50.48,5057960.0
1550620800,50.4,50.6,50.21,50.51,4959123.0
1550707200,50.66,50.66,49.92,50.13,4893623.0
1550793600,50.32,50.53,50.14,50.35,5261133.0
1551052800,50.51,50.54,49.36,49.4,8754846.0
1551139200,49.55,50.18,49.31,49.72,1.1408742E7
1551225600,49.8,51.94,49.63,51.56,1.5552706E7
1551312000,51.79,52.18,51.025,51.29,9411915.0
1551398400,51.89,52.485,51.82,52.02,8700250.0
1551657600,52.18,52.68,51.09,51.41,6051162.0
1551744000,51.69,52.12,51.4,51.66,6014070.0
1551830400,51.91,52.49,51.68,51.93,6707283.0
1551916800,51.31,51.79,50.73,51.75,8552523.0
1552003200,51.22,51.26,50.39,50.72,5324388.0
1552262400,50.81,51.87,50.78,51.7,5823112.0
1552348800,51.88,52.04,51.475,51.94,5653717.0
1552435200,52.16,52.73,51.94,52.48,6512241.0
1552521600,52.3,52.35,51.83,52.1,5546506.0
1552608000,52.13,52.29,51.58,51.77,8431159.0
1552867200,51.76,52.46,51.65,52.35,6956352.0
1552953600,52.4,52.64,51.93,52.22,6264305.0
1553040000,52.16,52.64,51.86,52.54,6271332.0
1553126400,52.35,52.745,52.31,52.49,4127002.0
1553212800,52.38,52.73,52.045,52.34,5132721.0
1553472000,52.27,53.245,52.174,52.79,7067760.0
1553558400,53.03,53.28,52.6,52.84,4507206.0
1553644800,52.85,53.31,52.61,53.06,4804803.0
1553731200,53.33,53.51,52.9499,53.06,4448100.0
1553817600,53.17,53.29,52.9,53.21,5887832.0
1554076800,53.56,53.56,52.99,53.21,4849719.0
1554163200,53.21,53.435,52.91,53.08,3930976.0
1554249600,53.46,53.59,53.03,53.17,4359405.0
1554336000,53.17,54.26,53.09,54.25,5155914.0
1554422400,54.27,54.805,54.02,54.11,6679793.0
1554681600,54.08,54.6,54.02,54.33,4571956.0
1554768000,54.06,54.4059,53.74,53.82,4155307.0
1554854400,53.98,54.55,53.855,54.44,4676841.0
1554940800,54.44,54.44,53.795,53.89,5013749.0
1555027200,53.9,54.46,53.9,53.97,5209401.0
1555286400,54.02,54.41,53.995,54.24,4026873.0
1555372800,54.44,54.79,54.34,54.49,3639973.0
1555459200,54.87,55.2433,54.74,55.06,4945317.0
1555545600,55.05,55.48,54.94,55.12,3577233.0
1555891200,54.97,55.17,54.31,54.41,3761450.0
1555977600,54.47,55.43,54.44,55.19,4718092.0
1556064000,55.25,55.78,55.25,55.42,4714462.0
1556150400,55.27,55.47,54.53,55.08,5487208.0
1556236800,54.88,55.1053,54.52,55.06,2731428.0
1556496000,54.98,55.18,54.76,54.78,4540504.0
1556582400,54.86,55.02,54.53,54.88,4737903.0
1556668800,54.8,54.9,53.93,53.94,3319299.0
1556755200,54.04,54.51,53.84,54.45,3515912.0
1556841600,54.57,54.88,54.0,54.03,4916825.0
1557100800,53.49,54.38,53.26,54.19,5692520.0
1557187200,53.96,54.08,52.9848,53.42,4456111.0
1557273600,53.38,54.34,53.18,54.01,3747564.0
1557360000,53.75,54.35,53.335,53.84,4971630.0
1557446400,53.84,54.57,53.15,54.24,4895855.0
1557705600,53.58,53.62,51.9199,52.48,6723867.0
1557792000,52.87,52.87,52.06,52.58,6681393.0
1557878400,52.08,52.71,51.71,52.34,5323936.0
1557964800,52.41,53.38,52.38,52.69,5238965.0
1558051200,52.25,53.395,52.22,53.04,4645456.0
1558310400,52.98,53.24,52.6968,52.97,9723789.0
1558396800,53.5,53.65,51.28,53.26,1.2248279E7
1558483200,52.36,52.77,51.295,51.72,1.0859226E7
1558569600,51.38,52.48,51.16,52.16,8857965.0
1558656000,52.25,52.59,51.42,51.62,7673134.0
1559001600,51.59,52.11,50.07,50.07,9810607.0
1559088000,49.59,50.21,49.05,49.73,9046866.0
1559174400,50.27,50.72,50.2,50.56,6509154.0
1559260800,50.14,50.425,49.87,50.29,5393135.0
1559520000,50.29,50.85,49.69,49.89,7497977.0
1559606400,50.47,50.7,50.12,50.7,7401095.0
1559692800,50.98,51.495,50.87,51.16,5711165.0
1559779200,50.77,51.08,50.54,50.9,6033205.0
1559865600,51.39,52.15,51.07,51.92,4594205.0
1560124800,52.26,52.39,51.54,51.63,4644130.0
1560211200,51.99,52.39,51.76,52.06,6101559.0
1560297600,52.07,52.43,51.87,52.13,4067226.0
1560384000,52.45,52.91,52.2,52.82,7546533.0
1560470400,52.98,53.46,52.85,53.34,5459313.0
1560729600,53.2,54.21,53.15,53.56,6854521.0
1560816000,54.0,54.38,53.57,53.83,6708091.0
1560902400,53.82,54.46,53.36,54.14,6312110.0
1560988800,54.53,54.555,53.61,53.83,5289257.0
1561075200,53.88,54.12,52.91,52.93,1.0912297E7
1561334400,52.98,53.11,52.68,52.78,7225973.0
1561420800,53.11,53.3,52.83,53.05,7990473.0
1561507200,53.02,53.33,52.54,52.85,4954065.0
1561593600,52.94,53.03,52.3,52.88,4907786.0
1561680000,52.91,53.05,52.67,52.88,6454147.0
1561939200,53.48,53.6,52.56,52.96,4090391.0
1562025600,53.01,53.31,52.585,52.78,3678620.0
1562112000,52.76,54.12,52.7,53.92,3341283.0
1562284800,53.96,54.71,53.77,54.43,4093790.0
1562544000,54.46,55.04,54.21,54.95,4246669.0
1562630400,54.87,55.055,54.48,54.79,4668643.0
1562716800,54.93,55.52,54.69,55.16,6568130.0
1562803200,55.43,56.06,55.26,55.86,5616824.0
1562889600,56.01,56.745,55.86,56.69,5366477.0
1563148800,56.68,57.15,56.155,56.47,4108287.0
1563235200,56.35,56.685,56.0,56.22,4374135.0
1563321600,56.13,56.525,56.055,56.3,4200340.0
1563408000,55.81,55.97,54.92,55.22,5754952.0
1563494400,55.59,55.65,54.61,54.64,6749396.0
1563753600,54.67,55.02,54.07,54.2,3318022.0
1563840000,54.5,54.73,54.19,54.65,4521229.0
1563926400,54.71,55.1256,54.48,55.0,4926783.0
1564012800,54.85,55.24,54.58,55.05,4294492.0
1564099200,55.02,55.855,54.86,55.76,2883108.0
1564358400,55.63,55.9,55.39,55.44,2935381.0
1564444800,55.32,55.4,54.92,54.98,3925814.0
1564531200,54.9,55.34,54.02,54.56,5961182.0
1564617600,54.7,55.06,52.4,52.59,7938247.0
1564704000,52.56,52.915,52.115,52.36,5352971.0
1564963200,51.76,51.83,50.13,50.7,7504515.0
1565049600,50.87,52.485,50.73,52.35,8014182.0
1565136000,51.78,52.49,51.4,52.17,5364643.0
1565222400,52.56,53.6,52.38,53.53,5850182.0
1565308800,53.56,53.64,52.79,52.96,5654073.0
1565568000,52.7,52.79,51.54,51.72,4679399.0
1565654400,51.59,54.03,51.39,53.54,6407790.0
1565740800,51.85,52.215,51.39,51.43,8708724.0
1565827200,51.4,51.62,49.8,50.2,7416371.0
1565913600,50.97,51.58,50.38,51.39,9015091.0
1566172800,52.03,52.14,51.02,51.55,8093823.0
1566259200,50.03,51.82,49.36,51.51,1.6460856E7
1566345600,52.27,53.52,51.62,53.5,1.5880763E7
1566432000,53.64,54.97,53.58,54.88,1.0672242E7
1566518400,54.25,54.45,52.81,53.09,9039346.0
1566777600,53.38,53.84,53.05,53.45,6056699.0
1566864000,53.84,53.89,53.245,53.41,6653375.0
1566950400,53.28,54.77,53.16,54.61,5327701.0
1567036800,54.98,55.69,54.66,55.4,5956182.0
1567123200,55.85,56.14,54.94,54.97,5841198.0
1567468800,54.66,54.99,53.945,54.27,5049191.0
1567555200,54.4,54.68,54.27,54.4,5254217.0
1567641600,55.09,56.075,54.97,55.77,4950577.0
1567728000,55.79,56.75,55.79,56.14,5746215.0
1567987200,56.22,56.86,55.96,56.79,4461558.0
1568073600,56.91,56.99,55.97,56.92,6133358.0
1568160000,56.83,57.31,56.37,56.7,4451548.0
1568246400,56.71,57.15,56.45,56.75,4761804.0
1568332800,56.9,57.3,56.57,56.58,3583499.0
1568592000,55.23,56.44,55.08,55.43,6358320.0
1568678400,55.94,56.19,55.41,55.89,6014229.0
1568764800,55.84,56.38,55.61,56.27,6450966.0
1568851200,56.5,56.8448,56.2,56.46,4112809.0
1568937600,56.64,56.68,54.73,54.81,9492656.0
1569196800,54.6,55.45,54.26,55.19,5409449.0
1569283200,55.56,56.17,55.02,55.3,6117149.0
1569369600,55.51,55.878,55.28,55.52,3412778.0
1569456000,55.58,55.77,54.86,55.22,3517153.0
1569542400,55.36,55.55,54.54,54.83,5689601.0
1569801600,55.28,55.87,55.165,55.74,4427472.0
1569888000,55.95,56.29,55.27,55.39,3861639.0
1569974400,54.95,55.22,54.17,54.19,4882765.0
1570060800,54.05,54.3,53.07,53.98,3984387.0
1570147200,54.33,55.36,54.14,55.29,4192489.0
1570406400,55.07,55.89,54.94,55.73,3872770.0
1570492800,55.32,56.145,55.03,55.42,5901061.0
1570579200,55.75,56.28,55.57,56.11,3757466.0
1570665600,56.09,57.46,56.09,57.43,6187516.0
1570752000,58.0,59.15,57.84,58.57,5062311.0
1571011200,58.54,58.66,58.1,58.12,3233373.0
1571097600,58.28,58.8,58.13,58.48,4923872.0
1571184000,58.54,59.38,58.34,59.29,4910414.0
1571270400,59.57,60.54,59.45,60.49,6384835.0
1571356800,60.41,60.89,60.18,60.36,6026061.0
1571616000,60.69,60.84,59.3,59.91,6165364.0
1571702400,60.03,60.86,59.89,60.36,3393797.0
1571788800,60.11,60.32,59.395,59.68,3919327.0
1571875200,59.97,59.97,58.9,59.11,4270697.0
1571961600,58.82,59.67,58.62,59.1,2829753.0
1572220800,59.08,59.23,58.31,58.34,5101376.0
1572307200,58.52,58.65,57.5,57.51,5309305.0
1572393600,57.53,58.62,57.36,58.56,4665536.0
1572480000,58.49,58.69,57.5607,57.65,6221764.0
1572566400,58.05,58.59,57.91,58.01,3486325.0
1572825600,58.48,58.77,58.21,58.65,3033418.0
1572912000,59.24,59.24,58.33,59.22,5906001.0
1572998400,59.15,59.22,58.66,58.83,4052199.0
1573084800,59.13,59.93,59.04,59.3,3935421.0
1573171200,59.3,59.54,58.84,59.23,2343799.0
1573430400,58.84,59.0,58.295,58.55,2978313.0
1573516800,58.4,58.84,58.16,58.4,3496829.0
1573603200,58.26,58.65,57.63,58.44,3998616.0
1573689600,58.55,59.24,58.305,59.18,3323592.0
1573776000,59.72,59.955,59.0,59.82,4753593.0
1574035200,59.7,59.88,59.12,59.55,7023973.0
1574121600,60.28,61.69,59.81,60.64,1.1468192E7
1574208000,60.56,60.78,58.7,59.32,8678287.0
1574294400,59.13,59.87,58.995,59.12,6924258.0
1574380800,59.23,59.49,58.61,59.18,6193757.0
1574640000,59.3,59.825,58.981,59.35,5297950.0
1574726400,59.15,60.7,59.1,60.35,1.5894665E7
1574812800,60.62,61.23,60.395,60.97,5237221.0
1574985600,61.11,61.5,60.865,61.13,2425490.0
1575244800,61.21,61.41,60.34,60.4,4832724.0
1575331200,59.88,60.17,59.3682,59.5,6227867.0
1575417600,59.75,60.16,59.5,59.88,4481525.0
1575504000,60.05,60.06,59.18,59.57,5160528.0
1575590400,60.06,60.49,59.75,59.84,4901922.0
1575849600,60.02,60.59,60.02,60.36,5445341.0
1575936000,60.4,60.51,59.99,60.24,4117662.0
1576022400,60.21,60.44,59.9,60.39,4059869.0
1576108800,60.55,61.08,60.135,60.86,3981073.0
1576195200,60.83,60.83,59.85,60.37,3525511.0
1576454400,60.72,61.26,60.53,60.6,6259410.0
1576540800,60.71,60.96,60.5,60.75,4755645.0
1576627200,60.92,61.04,60.44,60.5,6273766.0
1576713600,60.33,60.505,59.94,60.25,4898963.0
1576800000,61.04,61.145,59.95,59.98,8194233.0
1577059200,59.99,60.24,59.83,60.04,3907721.0
1577145600,60.08,60.405,59.91,60.38,1166522.0
1577318400,60.5,60.87,60.36,60.82,2584654.0
1577404800,61.01,61.3,60.59,60.85,2943794.0
1577664000,60.78,61.4654,60.305,61.17,3493701.0
1577750400,61.1,61.2274,60.655,61.06,3631034.0
1577923200,61.33,61.7,61.06,61.7,5190651.0
1578009600,61.05,61.57,60.77,61.24,3229681.0
1578268800,61.2,61.64,60.91,61.63,5223004.0
1578355200,61.23,61.67,61.14,61.59,4609168.0
1578441600,61.73,62.39,61.73,61.92,3658125.0
1578528000,62.07,62.841,62.01,62.64,5585373.0
1578614400,62.66,63.03,62.2,62.34,3853438.0
1578873600,62.32,62.66,62.03,62.52,3486875.0
1578960000,62.5,62.795,62.05,62.72,5316757.0
1579046400,62.57,62.85,61.71,61.8,5020455.0
1579132800,62.2,62.825,62.15,62.81,4114686.0
1579219200,62.82,62.98,62.465,62.68,5382355.0
1579564800,62.44,62.76,62.0881,62.3,5090646.0
1579651200,62.78,63.01,62.42,62.43,2943092.0
1579737600,62.34,62.5294,61.93,62.45,3529568.0
1579824000,62.45,62.5,60.99,61.19,3909467.0
1580083200,60.26,61.221,60.17,60.93,3795661.0
1580169600,60.92,61.635,60.78,61.3,3928486.0
1580256000,61.69,61.78,61.08,61.09,3449225.0
1580342400,60.68,61.005,59.995,60.5,5375612.0
1580428800,60.38,60.46,58.84,59.04,6151940.0
1580688000,59.62,60.77,59.46,60.24,6331713.0
1580774400,61.2,61.87,61.08,61.28,4266676.0
1580860800,62.0,62.45,61.86,62.22,4353206.0
1580947200,62.47,62.5,61.81,61.82,4588879.0
1581033600,61.6,61.85,61.14,61.38,3727244.0
1581292800,61.45,61.87,61.19,61.65,3449894.0
1581379200,62.26,62.555,61.84,62.46,4490222.0
1581465600,62.79,63.37,62.39,63.29,4304711.0
1581552000,63.05,63.505,62.8,63.36,5195428.0
1581638400,63.63,63.89,63.145,63.38,5472301.0
1581984000,63.36,63.86,63.05,63.46,3498251.0
1582070400,63.58,63.92,63.39,63.81,3384465.0
1582156800,64.0,64.3,63.16,63.87,3015244.0
1582243200,63.52,63.92,63.05,63.31,4681781.0
1582502400,61.68,62.23,61.285,61.75,5638519.0
1582588800,61.97,62.12,59.62,59.72,8317616.0
1582675200,64.12,64.95,63.22,63.99,1.4678178E7
1582761600,61.76,63.7,60.06,60.12,1.2640131E7
1582848000,58.84,60.72,58.14,59.8,1.2936433E7
1583107200,60.22,62.32,59.37,62.19,1.0155066E7
1583193600,62.19,63.59,59.79,60.61,1.0093113E7
1583280000,61.09,62.44,60.14,62.27,6853630.0
1583366400,60.5,61.54,59.19,59.57,9162348.0
1583452800,57.26,59.26,57.02,58.56,1.0401531E7
1583712000,55.34,57.7239,54.8,57.2,1.11887E7
1583798400,58.56,59.13,55.68,57.97,1.2575875E7
1583884800,56.73,57.35,55.3,55.61,1.21077E7
1583971200,51.95,52.12,48.0,49.36,1.3572812E7
1584057600,51.88,52.13,47.6,51.57,1.1254542E7
1584316800,45.92,45.93,40.81,41.05,1.3684055E7
1584403200,41.64,43.705,39.0,42.51,1.8604451E7
1584489600,39.27,41.05,36.96,40.85,1.8300949E7
1584576000,40.44,43.0,34.36,41.65,2.2567073E7
1584662400,42.73,42.75,37.0,37.37,1.3402009E7
1584921600,35.9,37.24,32.72,36.76,2.1304038E7
1585008000,39.45,41.75,38.86,41.04,1.4467633E7
1585094400,42.41,47.02,42.25,44.08,1.4332165E7
1585180800,44.62,48.7615,44.22,47.96,1.7080416E7
1585267200,46.16,48.28,44.62,46.8,1.2743187E7
1585526400,47.17,48.18,45.4,47.55,1.2442798E7
1585612800,47.3,48.69,46.46,47.81,1.8381131E7
1585699200,44.28,46.65,43.93,44.62,8810194.0
1585785600,44.49,45.54,41.92,43.79,9665248.0
1585872000,43.25,43.34,40.72,40.96,1.2141243E7
1586131200,43.02,46.85,42.53,46.11,1.2722056E7
1586217600,49.65,50.43,46.21,46.68,1.4115991E7
1586304000,47.34,50.05,47.04,49.11,9146330.0
1586390400,50.08,51.24,48.37,48.81,1.1109846E7
1586736000,48.61,48.77,47.265,47.85,1.0381422E7
1586822400,48.58,50.38,48.43,50.22,8871240.0
1586908800,47.8,48.96,47.29,48.29,1.0240433E7
1586995200,48.26,48.26,46.29,46.45,1.3209893E7
1587081600,47.64,49.975,47.6,49.73,1.5547262E7
1587340800,48.98,48.99,47.71,47.79,8325559.0
1587427200,46.16,46.96,45.64,46.05,9508713.0
1587513600,46.99,47.17,46.015,46.38,7716192.0
1587600000,46.87,46.97,45.71,45.74,8092649.0
1587686400,46.18,46.55,44.87,46.05,9493476.0
1587945600,46.52,48.23,45.96,47.84,1.0028227E7
1588032000,49.57,50.8071,48.88,49.09,1.407948E7
1588118400,52.24,52.81,50.51,51.54,1.0941152E7
1588204800,50.52,50.82,48.87,49.05,1.4765448E7
1588291200,48.0,48.44,47.47,48.25,5910266.0
1588550400,47.43,48.22,46.72,47.7,1.0082678E7
1588636800,48.27,48.945,47.955,48.17,7951015.0
1588723200,48.52,48.94,47.48,47.68,5804130.0
1588809600,48.64,49.46,48.47,48.5,9375470.0
1588896000,49.19,49.42,48.25,48.51,5587076.0
1589155200,47.86,48.98,47.36,48.35,6726102.0
1589241600,48.69,48.82,45.92,45.96,6713668.0
1589328000,45.77,45.97,43.71,44.03,1.4312373E7
1589414400,43.33,44.76,42.52,44.74,1.1424755E7
1589500800,43.73,47.17,43.53,47.17,2.0593591E7
1589760000,49.79,51.07,49.26,49.76,1.3388892E7
1589846400,49.88,51.3169,48.47,50.26,1.1220256E7
1589932800,50.74,51.633,50.4,50.85,9771564.0
1590019200,53.6,55.29,52.74,54.3,2.3101459E7
1590105600,53.84,54.84,53.05,53.41,1.344685E7
1590451200,55.0,55.68,54.51,55.3,1.2240622E7
1590537600,56.33,56.68,54.76,55.29,1.0792951E7
1590624000,55.52,55.85,53.925,54.08,1.0448075E7
1590710400,53.35,54.1,52.455,52.76,1.3084508E7
1590969600,52.99,53.5899,52.36,53.33,6907802.0
1591056000,53.7,54.41,53.1,54.34,9785468.0
1591142400,54.66,55.82,54.5,55.24,7034131.0
1591228800,54.43,55.8713,54.43,54.83,1.4901685E7
1591315200,56.48,58.36,56.24,57.26,1.1740007E7
1591574400,57.88,58.5361,56.25,57.42,8700205.0
1591660800,56.5,57.02,55.89,56.24,7887947.0
1591747200,56.29,56.345,54.53,54.81,1.0910254E7
1591833600,52.76,53.54,52.39,52.66,1.0704842E7
1591920000,54.21,54.22,51.26,52.46,7368380.0
1592179200,50.33,52.67,50.11,52.6,8300987.0
1592265600,56.5,56.86,54.35,55.55,1.2471788E7
1592352000,55.65,55.99,54.21,54.54,6118473.0
1592438400,53.68,54.6288,53.205,53.45,9619273.0
1592524800,55.0,55.21,52.63,52.64,1.3537489E7
1592784000,52.31,53.26,51.82,52.82,8051356.0
1592870400,53.35,53.745,52.96,53.25,5141561.0
1592956800,52.5,52.88,50.65,51.53,7230703.0
1593043200,51.03,51.19,49.66,50.87,7174295.0
1593129600,50.73,51.48,49.395,49.54,8297968.0
1593388800,49.69,50.77,48.73,50.77,6555287.0
1593475200,50.32,50.805,49.77,50.56,6909163.0
1593561600,50.53,52.29,50.43,51.18,8206124.0
1593648000,51.96,52.58,51.37,51.75,6770754.0
1593993600,52.42,52.99,52.125,52.64,7239128.0
1594080000,51.93,52.08,50.67,50.8,6414647.0
1594166400,50.82,51.09,50.03,50.87,6327271.0
1594252800,50.7,50.93,49.18,49.99,6078698.0
1594339200,50.17,51.26,49.68,51.07,5058116.0
1594598400,51.31,51.945,50.12,50.37,6180870.0
1594684800,49.87,50.39,49.21,49.86,7368858.0
1594771200,51.71,52.775,51.445,52.63,7332446.0
1594857600,52.19,53.65,52.06,53.51,7335719.0
1594944000,53.73,53.75,52.73,52.91,4899674.0
1595203200,52.62,52.89,51.44,51.74,5158155.0
1595289600,51.8,53.49,51.7138,53.07,5112435.0
1595376000,52.57,53.55,52.24,53.44,5132289.0
1595462400,53.65,53.94,52.9,53.39,4905083.0
1595548800,53.25,53.68,52.68,52.89,3482128.0
1595808000,52.6,52.67,51.685,52.08,3439576.0
1595894400,52.0,52.48,51.74,51.78,3837309.0
1595980800,51.93,52.98,51.8,52.6,3927707.0
1596067200,51.89,52.01,51.015,51.6,4473157.0
1596153600,51.54,52.04,50.92,51.99,5125616.0
1596412800,52.02,52.17,51.04,51.89,5617297.0
1596499200,51.76,53.28,51.75,53.28,6781992.0
1596585600,53.48,53.67,52.83,53.54,7323666.0
1596672000,53.21,53.99,53.08,53.41,6582587.0
1596758400,53.58,55.756,53.3,55.45,7407298.0
1597017600,55.74,56.57,55.55,56.52,5072344.0
1597104000,57.32,58.44,56.67,57.51,7566688.0
1597190400,57.78,58.09,56.58,57.73,5133273.0
1597276800,57.37,57.61,56.665,57.11,4584278.0
1597363200,57.05,58.35,56.68,57.87,4927025.0
1597622400,59.0,59.54,57.71,59.41,8039411.0
1597708800,59.01,59.01,57.37,57.45,7840979.0
1597795200,54.01,54.81,52.24,54.36,3.1931958E7
1597881600,53.37,53.66,51.53,51.65,1.7300438E7
1597968000,51.98,53.24,51.6513,51.68,1.3732829E7
1598227200,51.52,53.49,51.52,53.41,1.1757014E7
1598313600,53.18,53.96,53.05,53.16,7907172.0
1598400000,53.02,53.795,52.82,53.26,8857537.0
1598486400,53.71,54.46,53.49,53.67,7639767.0
1598572800,53.79,55.23,53.52,55.09,6161967.0
1598832000,55.14,55.83,54.755,54.79,7453764.0
1598918400,54.59,55.28,53.91,55.27,5863433.0
1599004800,55.4,56.91,55.26,56.73,9768958.0
1599091200,57.01,57.05,55.18,55.52,7709005.0
1599177600,55.89,56.07,54.21,55.18,6807138.0
1599523200,54.65,55.7,54.39,55.3,7827423.0
1599609600,55.08,55.32,54.46,54.76,6996124.0
1599696000,55.04,55.57,53.92,54.11,9039987.0
1599782400,54.52,54.76,53.55,54.15,4841058.0
1600041600,54.71,55.67,54.53,55.47,4484074.0
1600128000,56.26,57.245,55.82,56.86,7179602.0
1600214400,57.23,58.15,56.92,57.32,5704055.0
1600300800,56.59,57.19,55.505,55.94,4683812.0
1600387200,55.72,56.74,55.47,56.02,6571839.0
1600646400,55.16,55.16,53.35,54.17,7933035.0
1600732800,54.17,54.61,53.242,53.88,5915087.0
1600819200,54.44,54.91,52.71,52.87,5962162.0
1600905600,52.57,53.54,51.8,52.83,4563397.0
1600992000,52.46,53.4,52.11,53.18,5954364.0
1601251200,54.06,55.88,54.01,55.6,7808529.0
1601337600,55.01,55.19,53.62,54.16,6444548.0
1601424000,54.62,56.575,54.5799,55.65,6344762.0
1601510400,56.02,57.385,55.89,57.08,6197328.0
1601596800,55.62,57.81,55.58,57.63,4566361.0
1601856000,58.04,58.46,57.07,57.52,3485907.0
1601942400,57.8,58.46,56.5,56.61,5522154.0
1602028800,57.48,58.83,57.36,58.36,4602810.0
1602115200,58.25,58.6,57.625,58.3,4445754.0
1602201600,58.85,59.16,57.9,58.19,5708841.0
1602460800,58.34,58.48,57.83,57.97,5535690.0
1602547200,57.97,58.17,57.195,57.39,3970883.0
1602633600,57.63,58.34,57.37,57.41,3427096.0
1602720000,56.96,57.57,56.68,57.41,4833888.0
1602806400,57.42,57.84,56.6,56.65,6839281.0
1603065600,56.99,57.29,54.94,55.13,4883545.0
1603152000,55.45,55.94,54.87,54.93,5672338.0
1603238400,54.95,55.39,54.57,54.98,4170986.0
1603324800,55.17,56.24,55.06,56.02,3190828.0
1603411200,56.41,57.03,55.78,57.02,4750262.0
1603670400,56.25,56.4099,54.41,55.0,4156655.0
1603756800,55.16,55.16,53.95,54.13,3621483.0
1603843200,52.9,53.2,51.24,51.35,9431660.0
1603929600,51.31,52.32,51.14,51.73,5040628.0
1604016000,51.4,51.54,50.06,50.8,8293726.0
1604275200,51.6,52.28,51.11,51.74,6244516.0
1604361600,52.5,54.31,52.11,53.99,6085652.0
1604448000,53.91,54.52,53.2,53.25,5937229.0
1604534400,53.85,54.91,53.615,54.61,5886612.0
1604620800,54.64,54.75,53.53,53.94,4544341.0
1604880000,60.82,62.95,59.775,60.9,1.7552705E7
1604966400,61.81,62.78,60.66,62.26,1.1527876E7
1605052800,61.81,62.11,59.48,60.12,8292764.0
1605139200,59.55,60.22,58.735,59.4,5177956.0
1605225600,59.77,59.985,58.23,59.63,9561493.0
1605484800,61.33,61.62,59.43,61.09,7357020.0
1605571200,60.03,61.5187,59.12,61.14,1.097056E7
1605657600,62.63,65.14,61.41,62.28,1.6395941E7
1605744000,60.72,62.56,60.4,61.56,1.100441E7
1605830400,61.55,62.06,60.52,60.68,1.104799E7
1606089600,61.13,61.85,60.61,61.8,8274362.0
1606176000,62.39,64.73,62.25,64.33,1.1804459E7
1606262400,63.4,63.46,62.21,62.8,6905852.0
1606435200,63.25,63.25,62.42,63.22,5435208.0
1606694400,62.63,63.69,61.8,63.51,2.5960368E7
1606780800,64.0,65.155,63.29,64.88,1.0488273E7
1606867200,64.52,65.04,64.2,65.0,6283846.0
1606953600,65.23,66.0,64.96,65.91,7399842.0
1607040000,66.03,66.76,65.92,66.63,6593843.0
1607299200,65.95,66.41,65.36,65.88,4979915.0
1607385600,65.18,65.78,65.0,65.42,4290763.0
1607472000,66.13,66.89,65.67,66.72,6691954.0
1607558400,65.96,66.895,65.57,66.52,5661963.0
1607644800,66.05,66.325,65.49,66.06,7478046.0
1607904000,66.92,66.95,65.31,65.34,8048759.0
1607990400,66.42,66.76,65.61,66.74,5923388.0
1608076800,67.13,67.19,66.325,66.62,6633902.0
1608163200,67.13,67.68,66.8,67.51,7665072.0
1608249600,67.65,68.1,66.78,67.7,1.7358732E7
1608508800,66.42,67.56,66.14,67.24,9790760.0
1608595200,67.13,67.73,66.67,66.97,4909014.0
1608681600,67.42,68.08,67.31,67.34,2829940.0
1608768000,66.85,67.13,66.59,66.98,1656846.0
1609113600,67.53,68.665,67.04,68.4,3696080.0
1609200000,68.65,68.89,67.9399,67.99,3563853.0
1609286400,67.99,68.77,67.99,68.3,4476123.0
1609372800,68.48,68.59,68.07,68.29,4563859.0
1609718400,68.3,68.4,66.4972,66.81,6330457.0
1609804800,66.48,66.88,66.17,66.72,4878659.0
1609891200,67.16,70.34,67.16,69.65,6499099.0
1609977600,70.14,70.45,69.59,69.9,4631251.0
1610064000,70.11,70.955,69.5,70.22,6307087.0
1610323200,69.58,69.88,68.16,68.37,5863375.0
1610409600,67.96,69.05,67.55,68.4,5918911.0
1610496000,68.27,68.59,67.37,68.13,5724856.0
1610582400,68.42,68.9,67.91,68.02,4167488.0
1610668800,67.51,68.58,67.04,68.46,6382913.0
1611014400,68.5,68.87,67.08,67.18,4990630.0
1611100800,67.53,68.72,67.36,68.29,4558486.0
1611187200,68.35,68.77,67.97,68.06,4314254.0
1611273600,67.88,68.2,66.85,66.91,5598546.0
1611532800,66.85,66.85,64.43,65.68,6892536.0
1611619200,65.87,65.87,64.42,64.47,7106240.0
1611705600,63.43,64.82,62.24,63.93,1.0471387E7
1611792000,64.76,66.335,64.2,65.49,8267366.0
1611878400,65.15,66.04,63.77,64.04,5763433.0
1612137600,64.44,64.525,63.4,64.07,6122810.0
1612224000,64.68,66.435,64.45,65.83,5547999.0
1612310400,65.96,67.14,65.52,66.73,5477549.0
1612396800,66.94,69.82,66.46,68.58,9747480.0
1612483200,69.33,69.69,68.16,68.33,3762337.0
1612742400,68.54,70.01,68.02,69.97,4532823.0
1612828800,69.84,70.05,68.96,69.0,5492599.0
1612915200,68.74,69.17,68.3,68.6,4632944.0
1613001600,68.63,70.25,68.33,69.02,5796319.0
1613088000,68.32,68.83,67.71,68.0,5801499.0
1613433600,67.86,68.09,67.26,67.5,6293716.0
1613520000,67.11,67.16,66.1,66.83,7949567.0
1613606400,66.99,68.76,66.517,68.3,7694272.0
1613692800,68.4,68.72,67.39,67.69,4383628.0
1613952000,67.29,70.06,67.29,69.55,1.0511914E7
1614038400,70.35,71.0565,69.18,70.23,1.0455929E7
1614124800,69.49,70.8599,68.8802,69.86,1.33874E7
1614211200,68.08,69.15,66.18,67.68,1.3410467E7
1614297600,68.31,68.31,65.4,65.99,9964449.0
1614556800,66.66,67.85,66.66,67.25,7006780.0
1614643200,67.37,67.67,65.76,66.21,8988370.0
1614729600,65.7,66.02,63.55,63.66,1.0689417E7
1614816000,63.93,64.45,61.15,62.55,1.109244E7
1614902400,63.03,63.21,61.355,62.72,9185055.0
1615161600,63.68,65.85,63.27,65.18,1.3576782E7
1615248000,65.99,67.04,64.93,66.08,8975538.0
1615334400,66.24,66.36,64.48,65.6,7127847.0
1615420800,65.785,66.705,65.73,66.08,5645756.0
1615507200,66.27,67.295,66.16,66.84,5480839.0
1615766400,67.0,68.05,66.39,68.02,5258883.0
1615852800,67.81,67.81,66.42,66.72,5425489.0
1615939200,66.82,67.84,66.68,67.34,5138484.0
1616025600,67.14,67.83,66.3,66.52,4726768.0
1616112000,65.76,67.14,65.16,66.61,2.1044298E7
1616371200,66.94,67.29,65.88,66.5,5303898.0
1616457600,66.29,66.37,64.24,64.53,6030100.0
1616544000,64.5,65.48,64.33,64.33,4936671.0
1616630400,64.0,65.285,63.41,65.08,5505272.0
1616716800,65.72,66.34,65.125,66.04,6022143.0
1616976000,65.98,66.69,65.06,65.53,5319696.0
1617062400,65.27,66.73,65.04,66.52,6649671.0
1617148800,66.73,67.51,66.1,66.15,5762960.0
1617235200,66.94,67.16,65.57,65.98,5031973.0
1617580800,66.27,67.93,66.27,67.76,5534703.0
1617667200,67.73,68.33,67.46,67.64,4331308.0
1617753600,67.58,68.32,67.55,67.78,4800841.0
1617840000,68.02,69.13,67.71,69.03,5324333.0
1617926400,69.14,69.5,68.29,69.45,5124602.0
1618185600,69.35,69.68,68.53,69.52,4771302.0
1618272000,68.84,69.28,67.91,68.46,5035937.0
1618358400,68.62,69.27,68.44,68.61,3561738.0
1618444800,69.23,69.93,69.11,69.24,3799635.0
1618531200,69.74,70.0799,69.31,69.99,5702940.0
1618790400,69.94,69.94,68.96,69.0,3556247.0
1618876800,68.52,68.7,67.04,67.75,4180086.0
1618963200,67.83,68.9071,67.56,68.48,4644098.0
1619049600,68.74,69.815,68.43,69.17,4319243.0
1619136000,69.31,70.685,68.93,70.39,5302460.0
1619395200,70.53,70.95,69.06,69.28,3679785.0
1619481600,69.48,70.2,69.13,69.8,3551360.0
1619568000,69.73,70.34,69.42,69.95,3067598.0
1619654400,70.5,71.49,70.15,71.42,4121271.0
1619740800,71.19,71.87,70.55,71.0,5017784.0
1620000000,71.49,72.48,71.16,72.08,6706962.0
1620086400,71.63,71.63,70.34,70.82,5773780.0
1620172800,71.33,71.31,70.74,71.03,4674203.0
1620259200,71.48,72.11,71.25,71.76,5838691.0
1620345600,71.63,74.02,71.385,73.78,6347443.0
1620604800,74.18,74.65,72.965,72.99,5207570.0
1620691200,72.21,72.36,70.74,72.01,5567705.0
1620777600,71.3,71.59,69.51,69.53,5811484.0
1620864000,69.83,71.51,69.7326,70.9,5671912.0
1620950400,71.32,72.84,71.28,72.43,6542361.0
1621209600,71.93,72.4,71.335,72.01,6668993.0
1621296000,72.2,72.81,70.955,71.14,7720266.0
1621382400,70.12,70.12,66.43,67.38,1.6703135E7
1621468800,68.0,68.75,66.87,67.37,1.1980788E7
1621555200,68.03,68.34,66.78,67.04,6933869.0
1621814400,67.26,67.54,66.32,66.36,8965462.0
1621900800,66.92,67.58,66.525,67.27,6173624.0
1621987200,67.78,67.895,67.17,67.86,6769725.0
1622073600,68.0,68.06,67.12,67.24,8649105.0
1622160000,67.77,68.23,67.19,67.54,7523334.0
1622505600,68.26,68.49,66.605,67.19,5844088.0
1622592000,67.04,67.19,65.905,65.98,9170195.0
1622678400,65.97,66.175,64.76,65.84,7450635.0
1622764800,66.15,66.15,65.03,65.64,5671866.0
1623024000,65.64,65.92,65.06,65.32,6071195.0
1623110400,65.58,66.15,65.32,65.75,7058487.0
1623196800,65.73,66.0,64.99,65.03,5491093.0
1623283200,64.87,65.39,64.6,64.77,6684213.0
1623369600,64.83,65.86,64.83,65.76,7654038.0
1623628800,65.61,66.11,64.95,65.13,5101889.0
1623715200,65.18,65.48,64.77,65.4,7296388.0
1623801600,65.98,66.16,64.83,65.2,7932797.0
1623888000,65.18,65.19,63.8,64.7,7570596.0
1623974400,64.14,64.37,63.25,63.37,1.1745727E7
1624233600,63.87,64.99,63.62,64.91,8811056.0
1624320000,64.75,66.05,64.65,65.91,5880620.0
1624406400,65.75,66.37,65.6,65.86,5415355.0
1624492800,66.51,67.07,66.05,66.97,6526299.0
1624579200,67.19,67.81,67.05,67.53,1.3165264E7
1624838400,67.27,67.49,66.04,66.49,6361846.0
1624924800,66.86,67.2,66.59,66.7,3272032.0
1625011200,66.57,67.6,66.49,67.42,5013733.0
1625097600,67.56,68.12,67.43,67.88,4418202.0
1625184000,67.98,68.36,67.8,68.25,3058689.0
1625529600,68.52,68.617,67.2,68.13,4133164.0
1625616000,68.35,68.58,67.42,67.65,4981415.0
1625702400,66.42,67.19,65.67,66.87,5685994.0
1625788800,67.51,68.46,67.44,68.36,4407446.0
1626048000,67.67,68.34,67.45,68.22,6072941.0
1626134400,68.0,68.325,67.47,67.64,3775336.0
1626220800,68.03,69.22,67.95,68.64,8748823.0
1626307200,68.38,68.47,67.7518,68.07,4905822.0
1626393600,68.42,68.6,67.18,67.41,7819917.0
1626652800,66.17,66.63,64.63,65.03,8044001.0
1626739200,64.8,66.865,64.43,66.5,5311993.0
1626825600,67.07,67.91,66.8,67.48,3499508.0
1626912000,67.62,67.73,66.78,67.27,2884495.0
1626998400,67.75,68.42,67.31,68.18,4816956.0
1627257600,67.95,68.92,67.82,68.72,4861238.0
1627344000,68.42,68.98,68.03,68.45,3789351.0
1627430400,68.45,68.75,67.69,67.88,3123783.0
1627516800,68.38,69.265,68.16,68.84,4318742.0
1627603200,68.27,69.775,68.27,68.81,3668578.0
1627862400,69.19,69.19,67.75,67.95,5747834.0
1627948800,68.42,69.0,67.35,68.98,3832066.0
1628035200,68.34,68.86,67.23,67.25,6909089.0
1628121600,67.39,68.645,67.25,68.58,4340433.0
1628208000,69.08,69.6,68.78,69.31,3456856.0
1628467200,69.01,69.32,68.36,68.93,3190120.0
1628553600,69.12,71.84,69.12,71.43,7078243.0
1628640000,71.51,71.79,70.88,71.71,4264953.0
1628726400,71.8,71.94,70.8,71.55,4273532.0
1628812800,71.27,71.5,70.285,70.49,5389338.0
1629072000,70.32,70.41,69.31,70.35,4055749.0
1629158400,70.04,70.04,68.48,69.15,8008253.0
1629244800,68.69,73.67,67.9,73.0,1.4316308E7
1629331200,71.33,73.87,71.3,73.59,1.1723223E7
1629417600,73.11,74.41,72.625,74.04,7835948.0
1629676800,74.32,76.11,74.32,75.13,9979416.0
1629763200,75.27,76.16,75.1,75.31,7444784.0
1629849600,74.89,76.07,74.74,75.81,5365290.0
1629936000,75.2,75.2,73.3801,73.84,6277300.0
1630022400,74.11,74.34,73.4,73.64,5087164.0
1630281600,73.68,73.83,72.7,72.8,4496603.0
1630368000,72.56,72.91,72.05,72.72,5829830.0
1630454400,73.16,73.389,71.95,72.08,4081184.0
1630540800,71.96,72.59,71.67,71.87,3813420.0
1630627200,71.42,71.84,70.96,71.07,5398657.0
1630972800,70.55,71.0,69.57,69.85,7085188.0
1631059200,70.11,70.13,69.055,69.82,7124946.0
1631145600,69.85,70.48,69.41,69.45,7613135.0
1631232000,69.95,70.15,68.82,68.87,6709421.0
1631491200,69.31,69.47,68.26,68.7,5820377.0
1631577600,69.38,69.72,68.67,69.48,7322901.0
1631664000,69.2,69.92,68.88,69.48,5031859.0
1631750400,69.64,70.76,69.58,70.48,5629753.0
1631836800,70.0,71.1189,69.77,70.41,9208850.0
1632096000,69.47,70.09,68.49,69.11,5759793.0
1632182400,69.83,70.41,69.24,69.29,6901346.0
1632268800,69.8,70.19,69.39,69.53,8418606.0
1632355200,69.97,71.94,69.96,70.7,6595417.0
1632441600,70.39,71.36,70.2,71.1,4802078.0
1632700800,71.5,72.61,71.085,71.14,5228438.0
1632787200,70.53,71.06,69.49,70.08,5431544.0
1632873600,70.49,70.99,69.82,69.9,3671265.0
1632960000,69.19,69.35,65.79,65.98,1.0900965E7
1633046400,66.3,67.06,65.51,66.61,6787267.0
1633305600,66.34,67.0,65.64,65.86,6503532.0
1633392000,65.91,66.305,64.81,65.11,9136624.0
1633478400,64.5,65.05,63.52,64.33,1.0030242E7
1633564800,64.8,66.29,64.77,64.98,6213891.0
1633651200,64.93,65.31,64.65,64.74,5352126.0
1633910400,64.57,64.76,62.95,63.02,8466231.0
1633996800,63.4,63.59,62.84,62.97,5157498.0
1634083200,63.53,64.185,63.36,63.5,7218330.0
1634169600,62.92,64.56,62.72,64.14,7946789.0
1634256000,64.65,64.97,64.26,64.35,5633932.0
1634515200,63.98,64.7879,63.69,64.64,4244637.0
1634601600,64.67,64.84,63.465,63.9,6146031.0
1634688000,64.11,65.03,63.685,63.86,5953870.0
1634774400,63.9,64.72,63.9,64.68,3970877.0
1634860800,64.61,64.76,63.55,64.16,4272532.0
1635120000,64.34,65.65,64.34,65.26,5969389.0
1635206400,65.67,66.14,65.26,65.33,6075867.0
1635292800,65.49,65.49,64.23,64.56,4573128.0
1635379200,64.82,65.4,64.76,65.2,3829663.0
1635465600,65.0,65.99,64.74,65.49,8269302.0
1635724800,65.53,67.03,65.45,66.65,7424415.0
1635811200,66.87,67.88,66.27,67.32,7510370.0
1635897600,66.95,68.71,66.95,68.43,6308731.0
1635984000,68.63,69.955,68.41,69.74,8238738.0
1636070400,70.95,71.88,70.85,71.2,8726138.0
1636329600,70.9,71.25,69.56,69.89,6713980.0
1636416000,69.81,70.26,69.27,69.68,4298761.0
1636502400,69.78,70.5073,68.9,68.96,5950565.0
1636588800,69.08,69.52,68.11,68.22,6047633.0
1636675200,68.7,69.03,68.18,68.8,8504726.0
1636934400,69.31,70.48,69.16,69.32,6333212.0
1637020800,69.37,70.34,68.34,69.5,9819337.0
1637107200,76.8,76.94,73.2,73.55,2.1456644E7
1637193600,73.6,73.78,71.79,73.1,9466473.0
1637280000,72.79,72.82,70.19,71.02,8163043.0
1637539200,71.65,71.9743,69.24,69.88,7021981.0
1637625600,69.39,71.27,69.0,70.95,7110216.0
1637712000,69.69,71.55,69.61,71.48,4960394.0
1637884800,69.92,70.46,69.04,69.36,4737169.0
1638144000,71.81,72.3,70.25,70.67,5813740.0
1638230400,70.29,70.58,68.435,69.4,9925257.0
1638316800,70.88,71.68,67.97,68.01,8014472.0
1638403200,68.02,70.48,67.98,70.25,6050500.0
1638489600,70.52,70.92,69.79,70.69,7970312.0
1638748800,71.5,73.5,71.22,72.64,7782772.0
1638835200,72.89,74.63,72.3881,74.12,7976003.0
1638921600,74.22,74.79,73.85,74.34,8159002.0
1639008000,74.07,74.69,73.9,74.02,4901368.0
1639094400,74.21,74.82,73.95,74.73,5123822.0
1639353600,74.34,74.82,72.86,73.13,6883868.0
1639440000,72.68,73.69,72.59,72.94,6972707.0
1639526400,72.82,73.2,71.335,73.06,5940763.0
1639612800,74.2,74.72,73.45,73.47,9558142.0
1639699200,73.47,74.57,72.345,74.02,1.1379921E7
1639958400,72.95,73.2,71.33,72.48,7263393.0
1640044800,73.07,74.4254,72.78,74.12,6644291.0
1640131200,74.02,74.43,73.46,74.0,4852479.0
1640217600,74.09,74.39,73.5,73.75,4625854.0
1640563200,73.74,74.53,73.73,74.29,3165561.0
1640649600,74.17,75.295,74.17,74.77,2982489.0
1640736000,74.74,75.92,74.7,75.46,2884253.0
1640822400,75.35,76.13,75.35,75.53,2799084.0
1640908800,75.65,76.33,75.38,75.92,3193200.0
