1483401600,58.1,58.91,57.75,58.32,3004143.0
1483488000,58.36,59.46,58.035,58.82,5540609.0
1483574400,58.77,59.42,57.08,57.61,5427228.0
1483660800,57.87,58.1399,56.64,56.77,4776635.0
1483920000,56.57,56.99,56.27,56.67,3329740.0
1484006400,55.72,58.84,55.3,58.74,5458290.0
1484092800,58.54,58.94,57.28,57.46,4718211.0
1484179200,57.4,57.5,56.57,57.15,2286344.0
1484265600,57.25,57.85,56.69,57.19,1973738.0
1484611200,57.25,58.14,56.8901,57.05,4115157.0
1484697600,57.54,58.85,57.39,58.66,5317671.0
1484784000,58.52,60.64,58.44,60.07,6036421.0
1484870400,60.54,60.73,59.51,59.62,3911818.0
1485129600,60.77,60.86,60.11,60.24,3560521.0
1485216000,60.01,60.57,59.62,60.22,3903013.0
1485302400,60.2,60.99,59.84,60.74,4003285.0
1485388800,61.11,63.64,61.1,63.37,1.2440292E7
1485475200,63.68,63.68,61.68,62.42,6294873.0
1485734400,61.91,62.08,60.59,61.13,5359778.0
1485820800,61.25,62.62,61.19,62.27,4502211.0
1485907200,62.26,63.65,62.24,63.26,8937496.0
1485993600,62.89,62.96,60.42,61.15,6004409.0
1486080000,61.25,61.71,60.81,61.36,5141014.0
1486339200,61.13,61.38,60.89,60.96,3762045.0
1486425600,61.03,62.05,60.61,61.89,3369774.0
1486512000,61.5,62.62,61.33,61.89,5555094.0
1486598400,61.71,62.42,61.71,62.25,3171467.0
1486684800,62.16,62.535,61.4,62.39,3829662.0
1486944000,60.59,61.0,60.032,60.9,1.1670065E7
1487030400,61.24,62.84,59.51,61.6,1.7976424E7
1487116800,61.47,61.8,60.725,61.295,9362416.0
1487203200,61.19,61.4,60.32,60.61,3852075.0
1487289600,60.54,65.41,59.89,63.92,1.343031E7
1487635200,63.41,63.61,62.33,63.2,5579085.0
1487721600,63.27,63.47,62.62,63.08,2655124.0
1487808000,63.22,63.35,61.95,62.07,5342185.0
1487894400,62.1,62.58,61.72,62.21,4570798.0
1488153600,61.31,62.18,60.791,62.17,6179957.0
1488240000,62.25,62.89,61.7,62.53,4297878.0
1488326400,62.66,62.97,62.185,62.34,3777302.0
1488412800,62.2,62.86,61.67,62.54,3688096.0
1488499200,62.22,63.61,62.0,63.56,4357562.0
1488758400,63.16,63.5,62.51,62.84,3363677.0
1488844800,62.53,62.87,61.375,61.63,3738761.0
1488931200,61.42,62.1991,61.36,61.41,4697206.0
1489017600,61.48,61.68,60.83,61.14,6050280.0
1489104000,61.58,61.865,60.88,61.48,4446033.0
1489363200,61.51,61.98,61.12,61.84,3604188.0
1489449600,61.8,62.04,61.14,61.35,2309579.0
1489536000,61.61,63.08,61.44,62.99,5470720.0
1489622400,63.09,63.19,62.07,62.39,2882741.0
1489708800,62.99,63.79,62.65,63.5,4563006.0
1489968000,63.39,63.55,62.75,63.11,2092661.0
1490054400,62.98,63.43,62.34,62.47,3416426.0
1490140800,62.68,63.58,62.49,63.27,4034534.0
1490227200,63.14,63.7,62.89,63.12,2169075.0
1490313600,63.54,64.76,63.26,64.17,4322745.0
1490572800,63.92,64.28,63.65,64.22,2595963.0
1490659200,64.0,64.42,63.64,64.23,3404197.0
1490745600,64.39,65.08,63.97,64.74,3681697.0
1490832000,64.75,65.21,64.29,65.13,2954193.0
1490918400,64.95,65.35,64.1825,64.59,4431770.0
1491177600,64.2,64.32,62.97,63.55,4087809.0
1491264000,63.32,63.94,63.2606,63.68,2605265.0
1491350400,63.76,64.0,63.38,63.5,2958458.0
1491436800,62.35,63.33,62.2232,63.24,6159983.0
1491523200,63.27,64.145,63.14,63.58,2507405.0
1491782400,63.89,64.26,62.38,63.89,2386227.0
1491868800,63.84,64.02,63.45,63.93,2524360.0
1491955200,63.77,64.0,63.5,63.92,1549193.0
1492041600,64.15,64.36,63.7,64.04,2275266.0
1492387200,64.5,64.97,64.21,64.94,2387784.0
1492473600,64.82,65.33,64.575,64.61,1977813.0
1492560000,65.05,65.51,64.82,65.13,3405602.0
1492646400,65.21,65.41,64.78,64.81,2612092.0
1492732800,65.24,65.24,64.53,64.7,4858289.0
1492992000,65.03,65.97,64.97,65.93,5564527.0
1493078400,66.0,67.45,65.26,67.35,6728291.0
1493164800,67.69,67.7609,67.14,67.58,4727299.0
1493251200,67.66,68.19,67.5,67.74,2909597.0
1493337600,67.79,67.87,66.97,67.27,3814203.0
1493596800,67.83,68.4,67.45,68.31,4259206.0
1493683200,68.56,68.88,66.57,66.94,3769179.0
1493769600,66.82,67.14,65.09,65.35,6369370.0
1493856000,65.48,65.63,64.91,65.48,3368642.0
1493942400,65.79,66.49,65.32,66.49,2707253.0
1494201600,66.84,67.072,65.83,66.15,3889730.0
1494288000,65.98,66.06,65.16,65.5,3383516.0
1494374400,66.94,67.63,65.94,66.0,6144725.0
1494460800,66.06,66.31,65.17,65.81,3044664.0
1494547200,66.83,66.87,65.25,65.55,3731406.0
1494806400,65.61,65.85,65.01,65.69,3484073.0
1494892800,65.65,66.28,65.5,65.91,3436892.0
1494979200,65.44,66.44,63.81,63.91,6304699.0
1495065600,63.75,66.27,63.63,65.72,4936294.0
1495152000,66.71,67.07,66.0,66.37,4974670.0
1495411200,66.33,67.24,66.25,67.22,2736843.0
1495497600,67.53,67.88,67.1,67.62,2099527.0
1495584000,67.82,67.94,67.05,67.89,2485272.0
1495670400,67.83,68.44,67.72,67.86,2221135.0
1495756800,67.88,68.045,67.52,67.8,3631285.0
1496102400,67.61,68.075,66.95,67.08,2841854.0
1496188800,67.08,67.56,66.776,67.42,5185749.0
1496275200,67.42,67.93,66.98,67.9,1979479.0
1496361600,67.93,68.42,67.77,68.32,1853735.0
1496620800,68.31,68.5,67.2903,67.4,3597428.0
1496707200,67.2,67.49,66.025,66.11,4351863.0
1496793600,66.35,66.43,65.4997,65.92,3027728.0
1496880000,66.04,66.25,65.0,65.69,5033436.0
1496966400,65.71,65.71,62.75,63.84,6337632.0
1497225600,63.56,64.78,63.52,64.67,3535119.0
1497312000,64.76,65.1,63.7,64.01,4712829.0
1497398400,63.91,64.1,62.85,63.27,2987174.0
1497484800,62.77,63.73,62.46,63.6,3883438.0
1497571200,63.27,63.81,62.47,63.13,7437718.0
1497830400,63.6,64.025,63.3,64.01,2978058.0
1497916800,63.8,64.53,62.76,63.98,6227655.0
1498003200,63.85,64.07,63.25,63.57,3203546.0
1498089600,63.63,63.96,63.26,63.56,4180975.0
1498176000,63.48,63.81,63.34,63.4,2086306.0
1498435200,63.6,63.79,63.12,63.15,1595245.0
1498521600,61.25,62.5399,60.72,61.01,1.0267323E7
1498608000,61.01,61.5377,60.84,61.48,3170889.0
1498694400,61.19,61.255,59.59,60.3,7212564.0
1498780800,60.88,61.0,59.94,60.62,4814317.0
1499040000,60.74,60.85,59.9,60.0,1637424.0
1499212800,59.88,60.32,59.38,59.95,6285912.0
1499299200,59.56,59.89,59.13,59.45,5596110.0
1499385600,59.45,60.16,59.26,60.01,3266657.0
1499644800,60.07,60.89,59.685,60.8,4361136.0
1499731200,60.74,61.47,60.665,61.23,3263368.0
1499817600,61.7,61.88,60.89,61.51,3055147.0
1499904000,61.5,61.73,60.745,60.91,2416531.0
1499990400,61.21,61.72,60.62,61.24,4904836.0
1500249600,61.04,61.735,60.75,61.38,3312515.0
1500336000,61.61,61.75,60.91,61.39,4499359.0
1500422400,61.51,62.08,61.13,61.97,6824500.0
1500508800,63.85,64.03,61.08,61.12,1.3594524E7
1500595200,61.28,62.73,61.08,62.58,6980090.0
1500854400,62.39,63.06,62.25,62.53,3706839.0
1500940800,62.5,62.82,62.25,62.36,3985441.0
1501027200,62.34,62.88,62.285,62.39,2756035.0
1501113600,62.39,62.75,61.43,61.62,3206364.0
1501200000,61.41,61.85,61.11,61.78,2809930.0
1501459200,62.25,62.51,61.09,61.66,3989028.0
1501545600,62.1,63.465,61.61,63.07,5531109.0
1501632000,63.22,63.725,62.75,63.63,3658528.0
1501718400,63.72,63.93,63.15,63.73,3527719.0
1501804800,63.94,64.53,63.56,64.52,3563602.0
1502064000,64.85,65.0,64.15,64.26,3637349.0
1502150400,64.04,64.37,63.65,63.9,1880826.0
1502236800,63.63,63.9499,63.19,63.8,2144979.0
1502323200,63.31,63.94,62.12,62.47,3092549.0
1502409600,62.45,63.65,62.24,63.61,2464366.0
1502668800,64.19,64.19,63.67,63.78,2455358.0
1502755200,63.79,64.0,63.41,63.88,2654421.0
1502841600,63.75,64.48,63.55,64.28,2034857.0
1502928000,64.0,64.12,62.975,62.99,2459851.0
1503014400,62.87,63.47,62.71,63.0,1419593.0
1503273600,63.49,63.49,62.56,62.83,2141373.0
1503360000,63.21,64.5,63.05,64.38,2432824.0
1503446400,64.2,64.36,63.881,64.0,1721873.0
1503532800,63.96,64.32,63.73,63.97,2115705.0
1503619200,64.12,64.45,63.72,63.74,2316815.0
1503878400,64.0,64.0,63.57,63.72,1199957.0
1503964800,63.31,63.74,63.08,63.47,1266769.0
1504051200,63.47,64.37,63.43,64.25,1437390.0
1504137600,64.25,64.76,64.15,64.71,2777593.0
1504224000,64.78,64.86,64.04,64.16,1496940.0
1504569600,64.17,64.46,63.27,63.64,2168620.0
1504656000,63.81,64.15,63.14,63.79,2774840.0
1504742400,64.01,64.16,63.14,63.34,1786183.0
1504828800,63.4,63.54,62.585,62.74,2236307.0
1505088000,63.16,63.5,62.76,63.03,2263772.0
1505174400,63.01,63.76,62.59,62.98,1504550.0
1505260800,62.93,63.43,62.59,62.8,2411130.0
1505347200,62.47,62.61,61.08,61.17,4864029.0
1505433600,61.33,61.89,60.73,61.17,5597554.0
1505692800,60.95,61.99,60.75,61.8,4756976.0
1505779200,62.01,65.46,61.33,65.42,1.1735681E7
1505865600,65.32,65.47,63.09,63.52,4549547.0
1505952000,63.74,63.99,63.22,63.39,1961668.0
1506038400,63.85,64.53,63.41,64.06,6631758.0
1506297600,64.11,64.469,62.8,62.89,5985377.0
1506384000,63.06,63.36,62.77,63.03,2949177.0
1506470400,63.03,63.17,62.38,62.39,3848801.0
1506556800,62.12,62.25,61.69,61.92,4341618.0
1506643200,62.13,62.44,61.4,61.66,4975670.0
1506902400,61.34,61.78,61.07,61.52,3516721.0
1506988800,61.56,61.99,61.4,61.68,3966814.0
1507075200,61.42,62.25,61.28,61.5,5695471.0
1507161600,61.51,62.09,61.32,61.52,3944162.0
1507248000,61.63,62.63,61.6,62.41,4124830.0
1507507200,62.31,62.61,61.18,61.56,3148441.0
1507593600,61.69,61.78,61.11,61.23,3252483.0
1507680000,61.15,61.74,59.42,61.18,4411812.0
1507766400,61.07,61.665,60.71,61.28,2506553.0
1507852800,61.29,61.55,60.74,61.39,2389460.0
1508112000,61.52,61.65,60.9,60.97,1489735.0
1508198400,60.93,61.04,60.56,60.94,1319090.0
1508284800,60.87,60.91,60.25,60.68,3115789.0
1508371200,60.44,61.97,60.31,61.51,4448458.0
1508457600,61.97,61.98,60.28,60.46,3796166.0
1508716800,61.1,62.0,60.3,61.47,6759698.0
1508803200,61.74,62.4,61.54,62.28,3645315.0
1508889600,61.95,62.26,61.37,61.93,4067115.0
1508976000,62.18,62.32,61.51,61.73,2838771.0
1509062400,61.47,63.0,61.47,62.95,3084644.0
1509321600,62.67,63.075,59.21,59.58,1.4267538E7
1509408000,59.64,60.25,59.32,59.77,7361313.0
1509494400,60.14,60.4,59.36,59.75,3352007.0
1509580800,59.76,60.11,58.13,58.3,5884443.0
1509667200,59.01,59.44,58.575,58.91,4097639.0
1509926400,56.2,56.5,54.93,55.54,1.6985502E7
1510012800,55.78,56.03,54.6,55.36,8785391.0
1510099200,55.36,56.415,55.24,56.22,5980998.0
1510185600,56.5,56.569,55.63,56.0,5205022.0
1510272000,55.69,57.04,55.54,56.8,5758922.0
1510531200,56.8,56.89,55.91,56.44,4429054.0
1510617600,56.39,56.96,55.96,56.54,5035345.0
1510704000,56.8,56.99,56.18,56.69,3709910.0
1510790400,56.81,59.975,56.81,59.8,1.0397672E7
1510876800,59.55,60.07,58.96,60.02,7147568.0
1511136000,59.745,60.45,59.58,60.3,4225063.0
1511222400,61.1,61.25,60.23,60.41,5170174.0
1511308800,60.41,61.4297,60.41,61.35,6642982.0
1511481600,60.81,62.09,60.75,61.68,2129277.0
1511740800,62.2,62.93,61.29,62.78,5123646.0
1511827200,62.34,62.4125,61.0,61.38,5690627.0
1511913600,61.56,62.66,61.42,61.83,4090443.0
1512000000,61.89,62.4,60.75,61.07,7164094.0
1512086400,60.35,61.255,60.15,60.9,4973450.0
1512345600,61.2,61.78,60.2,60.24,3903416.0
1512432000,60.5,61.34,60.3,60.96,3634885.0
1512518400,60.53,62.25,59.96,62.12,5145821.0
1512604800,61.58,62.92,61.3956,61.92,4623018.0
1512691200,62.47,62.98,62.34,62.54,3714984.0
1512950400,62.56,63.47,62.56,63.07,3366685.0
1513036800,63.05,63.94,63.05,63.48,3608461.0
1513123200,63.74,64.47,63.65,63.83,6759344.0
1513209600,64.05,64.05,62.38,62.56,7010777.0
1513296000,62.47,63.48,62.15,62.66,6584805.0
1513555200,62.67,63.63,62.58,63.47,3382299.0
1513641600,63.52,64.64,63.49,63.64,5714357.0
1513728000,63.92,64.0,62.8,62.9,5545397.0
1513814400,63.35,63.67,63.11,63.52,3035896.0
1513900800,63.49,63.84,63.23,63.62,2313982.0
1514246400,62.95,64.12,62.93,63.79,1518106.0
1514332800,64.01,64.2,63.71,64.11,1958673.0
1514419200,64.24,64.64,64.06,64.35,1597212.0
1514505600,64.1,64.43,63.46,63.51,1844286.0
1514851200,63.9,64.52,63.54,64.04,2192384.0
1514937600,63.89,64.13,63.25,63.61,2610751.0
1515024000,63.89,64.0,62.88,63.0,2384413.0
1515110400,63.54,64.81,63.12,64.6,3293122.0
1515369600,64.46,65.98,64.31,65.1,3606314.0
1515456000,66.0,66.52,65.52,65.6,5334365.0
1515542400,65.18,65.19,63.61,63.89,3597007.0
1515628800,63.94,64.19,63.23,63.84,3149145.0
1515715200,64.16,64.26,63.51,63.68,3165322.0
1516060800,64.14,64.14,62.555,62.97,4669925.0
1516147200,63.4,64.45,62.93,63.76,2925563.0
1516233600,63.84,64.079,62.44,62.88,4088661.0
1516320000,62.75,63.83,62.75,63.71,4768292.0
1516579200,63.75,63.99,63.48,63.94,2390297.0
1516665600,64.02,64.8,63.66,64.53,2872359.0
1516752000,64.59,65.34,64.55,65.0,2894297.0
1516838400,65.4,65.45,64.33,64.39,2798467.0
1516924800,64.6,65.4,64.4,65.28,2028425.0
1517184000,64.75,64.97,64.35,64.6,2553712.0
1517270400,64.8,64.97,64.39,64.76,2018283.0
1517356800,64.54,65.32,64.27,65.1,2164862.0
1517443200,64.7,65.11,63.55,63.79,4258481.0
1517529600,63.84,64.32,63.32,63.59,2647186.0
1517788800,63.46,63.81,61.53,61.54,3489598.0
1517875200,60.03,61.98,60.0,60.85,5740555.0
1517961600,60.96,62.91,60.96,62.06,7319272.0
1518048000,61.0,62.5,58.86,58.88,8031434.0
1518134400,60.1,60.45,57.65,59.2,5150920.0
1518393600,59.66,60.06,58.07,58.12,4816884.0
1518480000,57.68,58.275,57.22,57.69,5378580.0
1518566400,57.35,58.8,57.06,58.62,6498644.0
1518652800,59.32,60.6097,58.19,60.44,6213412.0
1518739200,60.63,60.87,59.79,60.06,4812370.0
1519084800,60.0,60.83,59.6601,60.51,3058992.0
1519171200,61.09,61.09,59.39,59.42,2974477.0
1519257600,59.75,59.98,58.59,58.73,3066521.0
1519344000,59.39,60.08,58.64,60.06,4079694.0
1519603200,60.0,61.15,58.74,61.11,4472087.0
1519689600,61.04,61.17,59.93,59.94,4245377.0
1519776000,60.52,61.39,59.96,60.61,4176169.0
1519862400,60.78,62.4,60.48,61.9,5373176.0
1519948800,61.58,62.67,61.28,62.47,5207885.0
1520208000,62.01,63.12,62.01,62.95,3381000.0
1520294400,63.3,63.91,62.65,63.56,3791932.0
1520380800,63.57,64.995,63.21,64.56,6485533.0
1520467200,65.0,65.28,64.25,65.06,2848001.0
1520553600,65.3,65.78,65.12,65.25,3643991.0
1520812800,65.51,65.73,64.4275,64.55,2965366.0
1520899200,65.1,65.76,64.8,64.98,4421135.0
1520985600,65.23,65.64,64.5,64.78,3283564.0
1521072000,64.71,65.52,64.6101,64.71,2679361.0
1521158400,64.44,65.0,64.36,64.76,6054660.0
1521417600,64.68,64.8602,63.05,63.22,3690324.0
1521504000,63.32,64.11,62.69,62.78,2547755.0
1521590400,62.6,63.21,62.52,62.59,2577416.0
1521676800,61.84,62.07,61.21,61.25,4103486.0
1521763200,61.42,61.765,59.73,59.74,5137725.0
1522022400,60.7,61.63,60.18,61.39,3395284.0
1522108800,61.66,62.02,60.08,60.34,2462587.0
1522195200,60.55,61.71,60.36,60.87,2589719.0
1522281600,60.95,61.29,60.41,61.04,2703078.0
1522627200,60.4,60.83,59.29,59.62,2595109.0
1522713600,60.06,60.18,59.29,59.59,3168769.0
1522800000,59.05,60.09,58.91,59.75,5541589.0
1522886400,60.13,60.4475,59.5,59.81,5461331.0
1522972800,59.5,60.3,59.35,59.65,3581508.0
1523232000,59.77,60.4099,59.69,59.74,4183076.0
1523318400,60.38,64.56,60.2,63.13,2.0069334E7
1523404800,62.72,63.61,62.71,62.92,4766881.0
1523491200,63.09,63.48,62.93,63.02,2380707.0
1523577600,63.13,63.2,61.785,61.95,2669986.0
1523836800,62.35,63.035,61.81,62.75,1947166.0
1523923200,63.0,63.63,62.57,63.02,2957034.0
1524009600,63.08,63.36,62.59,62.9,2606441.0
1524096000,62.65,63.61,62.65,63.25,2826027.0
1524182400,63.27,63.57,62.93,63.09,2829424.0
1524441600,63.15,63.36,62.15,62.29,2649260.0
1524528000,62.82,62.98,62.1,62.58,2560287.0
1524614400,62.48,64.32,62.32,63.93,5405896.0
1524700800,63.87,64.375,63.44,64.1,3594961.0
1524787200,64.35,65.68,63.99,64.52,8920019.0
1525046400,62.79,62.99,59.29,60.51,2.6172025E7
1525132800,60.77,61.19,58.17,59.43,1.2400729E7
1525219200,59.81,60.2,55.55,56.97,1.493069E7
1525305600,56.64,57.08,55.09,55.92,1.0742199E7
1525392000,55.87,57.74,55.83,57.26,6230633.0
1525651200,57.32,58.0,56.03,56.54,6202048.0
1525737600,56.7,56.94,55.43,55.58,4802031.0
1525824000,55.9,56.43,55.57,56.32,5059198.0
1525910400,56.17,57.289,56.17,56.85,5527523.0
1525996800,57.05,57.34,56.24,56.39,2774264.0
1526256000,56.39,56.66,56.12,56.46,3771804.0
1526342400,56.06,57.03,56.0,56.37,2919366.0
1526428800,56.88,56.9,56.26,56.53,2904451.0
1526515200,56.52,56.7699,56.4,56.68,2478265.0
1526601600,56.75,57.5,56.51,56.93,4025744.0
1526860800,57.19,57.32,56.56,57.19,2009195.0
1526947200,57.36,57.6,56.91,57.18,2752375.0
1527033600,56.94,57.28,56.459,57.02,2770602.0
1527120000,57.16,57.37,56.86,56.98,2548942.0
1527206400,57.1,57.215,56.58,56.59,2051407.0
1527552000,56.36,57.15,55.98,56.62,2997902.0
1527638400,56.66,57.06,56.2,56.33,4615863.0
1527724800,56.23,56.26,55.23,55.7,5888581.0
1527811200,56.0,57.05,55.9,56.87,3314907.0
1528070400,56.8,57.4433,56.615,57.12,3642268.0
1528156800,56.91,57.59,56.88,57.16,1787414.0
1528243200,57.34,57.63,56.9,57.6,2853649.0
1528329600,57.5,58.2,57.5,57.82,3849605.0
1528416000,57.33,57.97,56.98,57.8,2491460.0
1528675200,57.6,58.18,57.41,57.99,2509476.0
1528761600,57.91,58.23,57.76,58.09,1968550.0
1528848000,59.0,59.09,58.38,58.68,6181869.0
1528934400,58.81,59.695,58.6001,59.53,3081307.0
1529020800,59.63,60.08,59.37,60.01,3696151.0
1529280000,59.6497,60.47,59.2301,60.36,4093879.0
1529366400,59.79,60.88,59.43,60.54,3649849.0
1529452800,60.65,60.73,60.07,60.34,4565877.0
1529539200,60.24,60.6969,59.46,60.0,3008350.0
1529625600,60.33,61.16,60.07,60.79,3424403.0
1529884800,60.53,60.9,59.47,59.73,4397466.0
1529971200,59.71,59.76,58.8201,59.7,3546421.0
1530057600,59.58,60.47,59.18,59.34,2475632.0
1530144000,59.94,60.2,58.68,59.86,4024524.0
1530230400,59.88,60.04,59.47,59.75,2433816.0
1530489600,59.46,59.96,59.04,59.91,2217795.0
1530576000,59.68,59.855,58.91,59.14,3121607.0
1530748800,59.45,60.12,59.21,60.06,3348154.0
1530835200,60.07,61.37,59.9,61.14,2928214.0
1531094400,61.0,61.61,60.6515,61.34,2788725.0
1531180800,61.42,61.51,60.98,61.18,1502192.0
1531267200,60.29,60.96,59.805,60.18,2473617.0
1531353600,60.28,61.62,60.01,61.58,3631273.0
1531440000,61.24,61.81,60.97,61.68,3079358.0
1531699200,61.51,62.09,61.51,61.63,1695138.0
1531785600,61.44,61.99,61.1,61.21,1779728.0
1531872000,61.42,61.49,60.49,60.52,1916806.0
1531958400,60.26,60.3848,59.23,59.41,2738589.0
1532044800,59.41,59.61,59.0702,59.25,2175811.0
1532304000,59.13,59.23,58.32,58.36,2462059.0
1532390400,58.48,59.1,57.89,58.78,2519762.0
1532476800,58.78,59.315,58.51,58.83,2200488.0
1532563200,59.1,59.8,58.89,59.37,2547992.0
1532649600,59.47,60.67,59.29,59.61,2325190.0
1532908800,59.5,60.735,59.5,59.82,2324242.0
1532995200,59.87,60.1972,59.482,60.0,2495747.0
1533081600,59.95,60.165,59.1449,59.36,4099320.0
1533168000,61.11,62.24,60.0,62.18,6327014.0
1533254400,62.16,62.26,61.24,61.55,2603301.0
1533513600,61.59,66.4,61.58,66.3,1.488097E7
1533600000,66.31,66.34,65.13,65.33,4777833.0
1533686400,65.31,65.65,64.46,65.5,3107210.0
1533772800,65.52,65.74,64.84,64.97,2317506.0
1533859200,64.64,65.2,64.06,64.98,2241580.0
1534118400,64.94,65.8,64.525,65.7,3222948.0
1534204800,65.78,66.44,65.66,65.96,3311874.0
1534291200,65.52,65.9,65.04,65.41,2408532.0
1534377600,65.68,66.21,65.55,65.98,2549398.0
1534464000,65.87,66.06,65.55,65.9,3088363.0
1534723200,65.74,66.24,65.495,65.84,2621421.0
1534809600,65.77,66.6377,65.77,66.51,1973885.0
1534896000,66.28,66.41,65.521,65.81,1750231.0
1534982400,65.5,65.9,65.18,65.21,1564593.0
1535068800,65.45,65.93,65.17,65.41,1945599.0
1535328000,65.2,65.94,65.2,65.8,1629256.0
1535414400,65.85,66.09,65.4115,65.59,1698008.0
1535500800,65.74,66.49,65.51,65.98,2411663.0
1535587200,65.57,66.36,65.33,66.01,1965657.0
1535673600,66.13,66.38,65.7,66.04,2375234.0
1536019200,65.74,66.295,65.53,65.77,2104033.0
1536105600,65.63,66.03,65.43,65.71,3141149.0
1536192000,65.5,65.96,65.37,65.52,2277532.0
1536278400,65.33,65.64,64.07,64.39,2843057.0
1536537600,64.98,65.8,64.59,65.56,2171552.0
1536624000,65.56,66.02,65.24,65.91,1375418.0
1536710400,66.0,68.32,65.62,67.92,5020278.0
1536796800,68.0,68.71,67.37,68.48,3797293.0
1536883200,68.58,68.65,67.9,68.25,3161655.0
1537142400,68.03,68.18,67.32,67.42,2757336.0
1537228800,67.43,68.58,67.08,68.49,4113065.0
1537315200,68.61,68.87,67.72,68.35,2847165.0
1537401600,68.78,69.15,68.34,69.13,1875253.0
1537488000,69.34,69.77,68.89,69.07,4046051.0
1537747200,68.7,69.34,68.5,68.92,2749308.0
1537833600,69.51,69.545,68.56,69.45,2610892.0
1537920000,69.47,69.49,68.69,68.79,2577660.0
1538006400,69.08,70.63,68.87,70.49,3661016.0
1538092800,70.45,70.88,69.98,70.18,3703758.0
1538352000,70.71,70.94,69.97,70.25,2684371.0
1538438400,70.16,70.58,69.57,69.72,2272271.0
1538524800,69.82,69.98,68.75,68.98,5561975.0
1538611200,68.53,68.99,68.26,68.95,2890632.0
1538697600,68.95,69.73,68.12,68.59,2933643.0
1538956800,68.59,69.24,68.03,68.82,3656381.0
1539043200,68.77,69.35,68.24,68.46,3237171.0
1539129600,68.54,69.05,66.55,66.63,6295518.0
1539216000,66.75,67.71,66.01,66.21,5098302.0
1539302400,67.27,68.6,66.84,68.38,3870629.0
1539561600,68.12,68.66,67.575,67.62,3013958.0
1539648000,67.68,69.13,67.56,68.94,2422308.0
1539734400,68.96,69.655,68.58,69.08,2662725.0
1539820800,69.23,69.69,68.33,68.77,2954419.0
1539907200,69.53,70.14,69.21,69.75,4744345.0
1540166400,69.85,70.21,69.42,69.51,2647250.0
1540252800,69.08,69.77,67.79,69.28,3113004.0
1540339200,69.05,69.37,65.59,65.71,5758791.0
1540425600,66.34,67.0,65.1,66.32,6795235.0
1540512000,64.55,65.56,64.2755,65.11,7111280.0
1540771200,66.14,66.66,63.48,64.91,4654967.0
1540857600,64.53,65.49,63.61,63.92,6077259.0
1540944000,67.37,69.6,67.25,68.55,9212389.0
1541030400,68.96,69.6,68.615,68.88,4194654.0
1541116800,69.39,69.45,67.55,68.51,2606408.0
1541376000,68.96,69.67,68.57,68.89,2743088.0
1541462400,68.85,69.281,68.27,68.77,3891707.0
1541548800,69.24,70.78,69.05,70.34,3639571.0
1541635200,70.07,70.75,69.515,69.75,2763656.0
1541721600,69.42,69.7,67.98,68.68,2263641.0
1541980800,68.69,69.16,67.78,67.89,2471601.0
1542067200,68.54,69.41,68.26,68.41,4005141.0
1542153600,68.66,69.22,67.55,68.12,3665656.0
1542240000,67.86,68.36,67.55,68.08,2826823.0
1542326400,67.23,69.7,67.0,69.14,5257193.0
1542585600,68.53,69.6,67.92,68.0,3387532.0
1542672000,67.74,67.78,66.2104,66.57,5081096.0
1542758400,66.79,67.51,66.63,66.78,3274220.0
1542931200,66.39,67.46,66.08,67.07,1215234.0
1543190400,67.76,67.89,67.18,67.49,3285085.0
1543276800,67.24,68.12,66.94,67.49,2393791.0
1543363200,67.75,68.98,67.51,68.92,3271964.0
1543449600,68.4,68.94,68.08,68.68,2814647.0
1543536000,68.88,69.21,68.08,68.45,3470455.0
1543795200,68.5,69.02,66.97,67.8,3641209.0
1543881600,67.46,68.54,65.47,66.57,5329690.0
1544054400,65.68,67.55,65.02,67.3,4899154.0
1544140800,66.68,68.47,65.37,65.69,3340843.0
1544400000,65.67,65.96,64.34,65.73,3012665.0
1544486400,66.62,67.34,65.44,65.53,2475314.0
1544572800,66.77,67.075,66.06,66.1,3279579.0
1544659200,66.21,66.85,65.47,66.36,3209995.0
1544745600,65.83,66.69,65.39,65.65,2872853.0
1545004800,65.73,65.94,64.28,64.81,3999260.0
1545091200,64.81,65.63,63.95,64.78,4068427.0
1545177600,64.64,66.57,64.48,64.87,4204471.0
1545264000,64.62,65.31,63.41,64.26,5126959.0
1545350400,64.58,65.37,61.7,61.93,7669068.0
1545609600,61.51,61.72,59.96,60.8,2581836.0
1545782400,60.92,63.03,59.96,63.01,5088149.0
1545868800,62.35,62.66,60.89,62.65,4353513.0
1545955200,62.7,63.75,62.61,63.24,4098263.0
1546214400,63.32,63.65,62.41,63.61,3112543.0
1546387200,62.87,65.33,62.5492,65.26,4418719.0
1546473600,64.55,66.24,64.11,65.02,3390701.0
1546560000,65.88,67.56,65.55,67.49,5490571.0
1546819200,67.37,68.61,67.01,68.44,4786881.0
1546905600,68.67,68.68,67.37,67.77,6053033.0
1546992000,68.65,68.67,67.12,67.72,4498664.0
1547078400,67.44,68.86,67.22,67.96,3230823.0
1547164800,67.83,69.06,67.4,69.0,4177729.0
1547424000,68.41,68.52,67.42,67.91,2691034.0
1547510400,67.81,68.56,66.7,67.14,5366710.0
1547596800,67.51,67.61,66.38,66.69,3260988.0
1547683200,66.72,66.75,65.64,66.25,3357370.0
1547769600,67.11,68.05,66.37,66.96,4766317.0
1548115200,66.75,67.19,66.2,66.83,2971247.0
1548201600,66.8,67.85,66.57,67.8,1979742.0
1548288000,67.72,68.66,67.22,68.66,2849812.0
1548374400,68.93,69.27,68.2,68.48,4940373.0
1548633600,67.87,68.49,67.06,67.62,2958101.0
1548720000,67.66,67.94,66.63,67.78,2340065.0
1548806400,67.74,68.69,67.09,68.32,2318336.0
1548892800,68.41,70.12,68.03,69.62,5816300.0
1548979200,69.46,69.78,69.08,69.63,3117889.0
1549238400,69.41,69.63,68.88,69.41,1926229.0
1549324800,69.7,69.7,66.8,66.85,5001167.0
1549411200,66.8,67.2972,66.54,66.94,4334536.0
1549497600,68.0,68.46,65.56,68.28,7554601.0
1549584000,67.64,68.47,66.95,68.38,4129452.0
1549843200,68.17,69.18,68.0,68.44,2644201.0
1549929600,69.0,69.67,68.5,69.6,2630724.0
1550016000,69.61,69.96,68.86,69.07,4742400.0
1550102400,69.1,70.52,69.01,70.5,3200314.0
1550188800,70.65,72.07,70.43,72.05,5711297.0
1550534400,72.01,72.8597,71.76,72.52,3672755.0
1550620800,72.46,73.08,72.17,72.75,4476852.0
1550707200,72.57,73.76,72.39,73.41,4561213.0
1550793600,73.8,74.06,72.97,73.2,2522266.0
1551052800,73.37,73.53,72.62,73.05,2400367.0
1551139200,71.44,72.965,71.2538,72.53,2915437.0
1551225600,72.13,72.53,71.77,72.12,2742829.0
1551312000,72.08,72.7,71.92,72.21,3072566.0
1551398400,72.39,72.6,71.7774,72.34,1883630.0
1551657600,72.24,72.34,71.28,71.65,2439364.0
1551744000,71.75,71.98,71.28,71.41,1725612.0
1551830400,71.41,71.6,69.99,70.78,4375378.0
1551916800,70.62,71.38,70.52,71.32,2309287.0
1552003200,70.93,71.25,70.18,70.65,3573494.0
1552262400,70.83,71.58,70.41,71.47,2493087.0
1552348800,71.47,72.13,71.25,71.7,2773185.0
1552435200,72.12,72.48,71.68,72.25,1920758.0
1552521600,72.25,72.44,71.94,72.34,1653319.0
1552608000,72.76,73.5,72.1,73.46,2806214.0
1552867200,73.28,73.91,72.9507,73.68,2945307.0
1552953600,74.0,74.06,72.41,72.59,4188136.0
1553040000,72.8,72.93,72.01,72.06,3136248.0
1553126400,72.08,72.74,71.99,72.26,2329154.0
1553212800,71.93,72.47,71.81,71.9,3265936.0
1553472000,71.85,72.41,71.64,72.31,1972354.0
1553558400,72.58,73.36,72.37,73.34,2857171.0
1553644800,73.39,73.79,71.96,72.24,4989666.0
1553731200,71.98,72.2548,68.92,69.15,5866541.0
1553817600,69.33,69.485,68.16,69.1,5051860.0
1554076800,69.54,70.04,69.27,69.97,3808349.0
1554163200,69.81,70.16,69.22,69.73,3913267.0
1554249600,69.82,70.02,68.696,69.0,3077520.0
1554336000,69.08,70.13,69.0,70.05,3037116.0
1554422400,70.48,70.75,70.05,70.35,3483109.0
1554681600,70.14,71.24,69.77,71.23,4035506.0
1554768000,70.96,71.66,70.27,71.42,2866847.0
1554854400,71.55,72.335,71.19,72.16,2629875.0
1554940800,72.15,73.01,71.84,73.0,2535739.0
1555027200,73.19,73.88,72.87,73.71,2858703.0
1555286400,73.71,73.86,73.19,73.79,2194465.0
1555372800,74.0,74.27,73.5203,74.1,2834457.0
1555459200,72.72,74.31,71.3,72.46,7576036.0
1555545600,73.22,73.78,72.57,73.75,2746817.0
1555891200,73.76,73.86,73.01,73.72,1912363.0
1555977600,73.56,74.0,73.05,73.75,2180386.0
1556064000,73.39,73.87,72.72,73.33,2373616.0
1556150400,72.7,73.585,72.51,72.71,3365758.0
1556236800,74.73,74.73,72.595,72.92,3561918.0
1556496000,72.94,73.82,72.5,73.6,2631280.0
1556582400,73.47,73.74,72.55,72.99,3064934.0
1556668800,73.14,74.11,73.04,73.58,2941080.0
1556755200,73.78,73.95,72.66,73.61,2269317.0
1556841600,73.71,74.78,73.4,74.74,2588796.0
1557100800,73.88,74.51,73.34,74.46,1875705.0
1557187200,73.8,74.45,73.54,74.0,2594813.0
1557273600,73.96,73.96,72.48,72.63,2849202.0
1557360000,72.3,74.4,72.25,74.25,3319750.0
1557446400,74.0,75.32,73.54,75.23,3360501.0
1557705600,74.38,74.74,73.25,73.42,3477107.0
1557792000,73.42,73.87,73.04,73.6,2987137.0
1557878400,73.37,74.78,73.05,74.63,3798245.0
1557964800,74.48,77.13,74.25,75.38,4946409.0
1558051200,75.39,76.32,75.02,75.37,3618980.0
1558310400,79.87,80.93,75.72,78.29,2.0102698E7
1558396800,78.16,78.29,76.78,77.15,6338990.0
1558483200,76.49,77.13,76.14,76.35,3287280.0
1558569600,76.26,77.0,75.25,76.01,3886957.0
1558656000,76.5,77.45,75.63,77.27,3579551.0
1559001600,77.55,77.98,75.89,75.91,5391317.0
1559088000,75.82,76.65,75.29,76.13,3541107.0
1559174400,76.04,76.57,75.02,76.03,4111885.0
1559260800,74.81,75.25,73.28,73.44,5147765.0
1559520000,73.62,74.64,73.37,74.2,2941025.0
1559606400,74.63,75.74,74.52,75.69,3144677.0
1559692800,75.94,76.55,75.67,76.29,1970587.0
1559779200,76.14,76.445,74.61,75.95,2671042.0
1559865600,76.55,77.14,76.31,77.03,2256596.0
1560124800,77.06,77.38,76.38,76.67,3096006.0
1560211200,77.13,77.46,74.63,75.46,3822494.0
1560297600,75.83,75.9,74.65,75.38,3296613.0
1560384000,75.17,75.28,74.01,74.45,4279968.0
1560470400,74.67,78.0,74.28,74.9,4813554.0
1560729600,75.08,75.43,74.54,75.27,2928999.0
1560816000,75.94,77.125,75.55,76.44,4995899.0
1560902400,76.34,78.5,76.34,78.28,3377952.0
1560988800,79.11,79.26,77.15,77.93,3339462.0
1561075200,77.71,77.75,75.2,75.7,5223909.0
1561334400,76.02,76.55,75.38,75.54,2122977.0
1561420800,75.47,75.5,74.45,74.58,2593900.0
1561507200,74.28,74.4,72.765,73.04,4393262.0
1561593600,73.45,73.72,72.92,73.29,2319565.0
1561680000,73.29,74.49,72.9,74.14,4117804.0
1561939200,74.67,74.67,73.92,74.15,2230467.0
1562025600,74.4,75.78,73.92,75.48,2871718.0
1562112000,75.89,77.03,75.595,75.82,2080940.0
1562284800,75.83,76.43,75.63,76.23,1318543.0
1562544000,76.37,76.39,75.43,75.63,1667326.0
1562630400,75.35,75.825,75.075,75.15,3552972.0
1562716800,77.96,78.95,77.57,78.63,1.4441239E7
1562803200,78.73,78.88,76.95,78.26,1.0108763E7
1562889600,78.2,79.73,78.01,79.45,6.3068445E7
1563148800,79.67,80.0,78.59,79.31,6189822.0
1563235200,79.35,79.59,78.83,79.04,5234911.0
1563321600,79.23,79.455,78.9,78.93,3238346.0
1563408000,78.78,79.07,77.2687,77.97,6471681.0
1563494400,77.99,77.99,76.935,77.43,5311849.0
1563753600,77.8,78.66,77.27,77.66,4695214.0
1563840000,77.74,78.16,76.95,78.14,3507825.0
1563926400,79.2,81.57,78.8281,80.61,1.0198421E7
1564012800,81.36,81.41,79.71,79.91,5501803.0
1564099200,81.1,85.22,80.95,84.25,1.2333212E7
1564358400,84.63,84.79,81.92,82.38,5858850.0
1564444800,81.7,82.33,81.02,81.3,5285021.0
1564531200,81.22,81.65,78.95,79.73,4596590.0
1564617600,79.99,80.31,78.77,79.31,4761361.0
1564704000,79.39,79.39,76.79,77.73,5428007.0
1564963200,76.85,76.93,75.62,76.19,4046241.0
1565049600,76.51,77.32,75.97,77.28,4010398.0
1565136000,76.49,76.8,75.27,76.48,3492699.0
1565222400,76.94,78.06,76.83,77.9,3023432.0
1565308800,77.6,78.21,77.01,77.52,2698629.0
1565568000,77.07,77.615,76.77,76.94,1888186.0
1565654400,76.93,78.26,76.78,77.62,2559772.0
1565740800,76.77,77.38,76.1125,76.93,2900750.0
1565827200,76.47,77.8,76.2,77.27,2597687.0
1565913600,77.99,78.25,77.46,77.75,3159025.0
1566172800,78.26,78.5,77.72,78.23,1697288.0
1566259200,77.98,78.24,77.64,77.68,1855967.0
1566345600,78.07,78.31,77.77,78.18,1221488.0
1566432000,78.31,78.42,77.51,77.79,2010861.0
1566518400,77.64,78.25,76.12,76.48,2885550.0
1566777600,77.0,78.07,76.68,78.06,1735921.0
1566864000,77.7,78.1,77.02,77.12,2239806.0
1566950400,76.93,77.37,76.28,77.06,2035614.0
1567036800,77.87,78.41,77.4,78.01,1403622.0
1567123200,78.38,78.38,77.79,78.05,1657916.0
1567468800,77.9,77.94,77.0,77.13,1760857.0
1567555200,77.51,77.84,77.02,77.61,1902360.0
1567641600,78.22,78.57,77.555,77.83,1963200.0
1567728000,77.96,79.17,77.85,79.15,2930610.0
1567987200,79.33,79.47,78.59,79.13,2514422.0
1568073600,78.78,78.78,77.94,78.38,2254177.0
1568160000,78.39,79.77,78.21,79.74,2412244.0
1568246400,79.88,80.6,79.39,79.69,2005874.0
1568332800,80.09,80.09,79.03,79.4,1737704.0
1568592000,78.96,79.64,78.74,79.56,2178828.0
1568678400,79.73,80.545,79.06,80.21,2855620.0
1568764800,80.21,80.547,79.58,80.12,2218639.0
1568851200,80.72,81.15,80.54,81.0,2851295.0
1568937600,80.56,80.85,79.08,80.59,7207982.0
1569196800,80.02,80.78,79.81,79.96,2445807.0
1569283200,80.49,80.4904,79.03,79.36,3691961.0
1569369600,79.53,80.03,78.86,79.81,1970987.0
1569456000,79.97,80.01,78.96,79.0,1929562.0
1569542400,79.06,79.15,76.765,77.56,3407714.0
1569801600,77.87,79.09,77.62,78.77,2327960.0
1569888000,78.88,79.37,78.0,78.2,2820113.0
1569974400,77.6,77.97,75.82,76.41,3284504.0
1570060800,76.6,77.41,76.02,77.025,2375028.0
1570147200,76.96,78.07,76.96,77.99,1843469.0
1570406400,77.63,78.68,77.63,78.48,1951020.0
1570492800,77.78,78.14,77.36,77.615,2346697.0
1570579200,78.11,78.28,77.31,77.79,1983991.0
1570665600,77.72,78.485,77.03,78.3,2414385.0
1570752000,78.66,80.03,78.55,79.53,2074210.0
1571011200,79.53,79.53,78.57,78.63,2000225.0
1571097600,78.95,79.94,78.8,79.74,1875098.0
1571184000,79.74,80.18,79.6,80.01,2262682.0
1571270400,80.45,81.18,79.17,81.05,3913720.0
1571356800,81.14,82.33,80.78,81.6,3212054.0
1571616000,81.77,82.53,81.71,82.09,2923137.0
1571702400,82.53,82.57,81.65,81.67,2249787.0
1571788800,81.44,81.75,81.0702,81.36,1309199.0
1571875200,81.25,81.63,81.0202,81.48,1891081.0
1571961600,81.68,82.18,81.51,81.62,2014354.0
1572220800,82.01,83.12,81.76,82.39,3076797.0
1572307200,81.24,82.37,79.72,81.77,4215586.0
1572393600,81.57,83.85,81.54,83.27,4158288.0
1572480000,83.35,83.5,81.78,82.66,2683280.0
1572566400,83.09,83.19,82.0,82.47,2608498.0
1572825600,82.7,82.805,80.45,80.92,3091189.0
1572912000,81.06,81.85,80.85,81.47,1738429.0
1572998400,81.6,81.945,81.29,81.86,2707596.0
1573084800,82.4,83.03,81.565,81.86,2680955.0
1573171200,81.8,81.84,80.83,80.94,1617667.0
1573430400,80.59,81.14,77.55,79.62,6391790.0
1573516800,79.62,79.645,77.2,77.43,4345988.0
1573603200,77.63,78.07,76.8,77.97,2726815.0
1573689600,77.38,77.82,76.49,76.84,2897991.0
1573776000,77.56,79.5,77.33,78.07,3949219.0
1574035200,76.87,78.45,76.33,78.19,4236248.0
1574121600,78.2,78.3,76.915,77.16,2362695.0
1574208000,76.85,77.675,76.72,77.64,2796916.0
1574294400,77.84,77.94,77.36,77.7,1704091.0
1574380800,77.95,78.78,77.79,78.59,2910753.0
1574640000,78.74,78.87,77.59,78.0,2984840.0
1574726400,78.0,78.695,77.59,78.45,2882130.0
1574812800,78.47,79.3,78.47,78.98,2081544.0
1574985600,78.88,79.28,78.5,78.55,872904.0
1575244800,78.58,78.84,76.86,77.64,2899552.0
1575331200,77.45,78.06,76.81,78.01,2081102.0
1575417600,78.05,78.53,77.44,78.34,1905504.0
1575504000,78.07,78.2,76.895,76.94,2820518.0
1575590400,77.54,78.0,76.63,77.74,2900347.0
1575849600,77.7,77.9,75.3,75.87,4384253.0
1575936000,75.79,75.905,74.93,75.02,3080649.0
1576022400,75.08,75.41,74.31,74.62,3374814.0
1576108800,75.23,75.25,74.46,74.89,2846145.0
1576195200,74.97,75.54,74.65,75.47,2725523.0
1576454400,75.53,75.85,75.23,75.47,3488056.0
1576540800,75.45,75.7,75.02,75.49,3603766.0
1576627200,75.62,76.42,75.46,76.31,4348337.0
1576713600,76.04,77.55,76.0,77.22,3092924.0
1576800000,77.93,77.93,77.02,77.4,5944315.0
1577059200,77.47,77.56,76.92,76.96,1709398.0
1577145600,77.05,77.41,76.92,77.32,470066.0
1577318400,77.46,77.54,77.305,77.4,1240867.0
1577404800,77.32,77.5,77.01,77.24,1310043.0
1577664000,77.47,78.1,77.18,78.08,2342019.0
1577750400,77.94,78.44,77.78,78.42,1714915.0
1577923200,78.88,78.89,77.93,78.59,3392698.0
1578009600,78.06,78.43,77.47,78.17,1832053.0
1578268800,78.13,78.85,77.97,78.62,2678038.0
1578355200,78.57,79.51,78.15,78.92,3263113.0
1578441600,79.22,79.79,78.08,79.42,3037645.0
1578528000,79.77,80.33,79.4,79.81,2982013.0
1578614400,80.21,80.21,78.845,79.0,2227075.0
1578873600,79.17,79.56,78.89,79.4,2283371.0
1578960000,79.17,79.95,78.86,79.8,2050056.0
1579046400,79.86,80.48,79.62,80.27,1612285.0
1579132800,80.27,81.515,80.27,81.44,3109596.0
1579219200,81.95,82.24,81.57,82.15,3559646.0
1579564800,81.99,82.95,81.8,82.03,3612004.0
1579651200,82.14,83.03,82.07,82.48,1672464.0
1579737600,82.3,82.37,81.95,82.18,1754888.0
1579824000,82.29,82.59,81.33,81.58,1596701.0
1580083200,80.89,81.55,80.38,80.72,1934692.0
1580169600,81.08,82.3,80.93,81.66,2395016.0
1580256000,81.87,81.89,80.09,80.26,2603586.0
1580342400,79.59,81.05,79.58,80.94,2352747.0
1580428800,80.59,80.7917,79.16,79.19,2863980.0
1580688000,80.36,80.76,79.33,79.46,2879773.0
1580774400,80.15,81.89,79.23,81.51,4597761.0
1580860800,81.96,82.71,81.745,81.79,2758812.0
1580947200,82.13,83.08,82.0,82.77,2976217.0
1581033600,83.37,85.79,82.26,85.44,6740568.0
1581292800,85.41,85.65,84.38,84.53,3423072.0
1581379200,93.7,95.23,92.66,94.49,2.5874362E7
1581465600,94.0,96.27,93.9201,95.67,8915458.0
1581552000,95.12,96.15,94.7971,95.14,5490741.0
1581638400,95.26,96.615,95.02,96.48,3045879.0
1581984000,96.85,100.02,96.28,99.88,7461956.0
1582070400,101.16,101.35,99.64,100.49,6091697.0
1582156800,100.1,100.42,98.23,99.5,6350432.0
1582243200,98.97,99.49,96.62,98.57,1.2101178E7
1582502400,96.125,97.31,95.88,96.37,4700926.0
1582588800,96.56,97.0,94.45,94.58,5117464.0
1582675200,94.68,95.66,93.44,93.65,4372041.0
1582761600,92.83,93.32,91.16,91.24,5856384.0
1582848000,89.44,90.5,87.48,90.16,6958107.0
1583107200,90.28,93.36,88.98,93.29,5160552.0
1583193600,92.63,93.92,88.77,89.37,5701992.0
1583280000,90.43,93.96,90.25,93.81,5222194.0
1583366400,91.61,93.16,89.19,89.86,4941725.0
1583452800,86.1,88.275,85.42,87.86,5978567.0
1583712000,83.27,84.89,79.58,79.75,7946627.0
1583798400,81.98,85.01,80.205,84.98,6713620.0
1583884800,82.86,87.83,82.845,86.45,8845839.0
1583971200,82.02,85.0,76.41,76.76,9075251.0
1584057600,80.15,85.52,76.61,85.39,7401738.0
1584316800,78.34,80.55,74.84,76.53,6787698.0
1584403200,77.6,80.4,75.45,78.35,7609134.0
1584489600,74.6,76.1,63.5,74.32,1.111424E7
1584576000,74.77,81.99,73.61,79.45,8906187.0
1584662400,80.0,82.0,73.16,74.55,6836633.0
1584921600,74.98,76.66,70.83,75.7,8328765.0
1585008000,78.5,79.71,75.83,78.65,5929407.0
1585094400,77.77,85.4699,77.75,79.17,6252712.0
1585180800,80.0,84.99,79.73,84.63,4821709.0
1585267200,82.54,83.9,81.02,81.72,4191644.0
1585526400,82.29,83.86,81.24,83.12,5625305.0
1585612800,83.04,84.75,81.98,83.9,6920878.0
1585699200,82.99,86.71,82.7,85.13,1.1018842E7
1585785600,85.05,88.52,84.02,84.41,2.2956096E7
1585872000,84.56,84.99,81.0406,81.98,8378527.0
1586131200,84.49,86.49,82.99,86.09,5256296.0
1586217600,87.66,87.91,85.17,86.51,4410304.0
1586304000,86.6,87.64,86.0,86.85,3831664.0
1586390400,86.88,87.75,84.93,85.9,5770997.0
1586736000,84.59,87.28,84.47,86.17,3955715.0
1586822400,87.19,89.94,86.4,89.62,4787281.0
1586908800,87.92,89.39,87.1,88.54,5804279.0
1586995200,89.11,90.58,88.07,90.27,4796367.0
1587081600,92.75,93.3,89.86,90.99,3847948.0
1587340800,89.58,91.73,89.05,89.94,3508714.0
1587427200,89.25,89.89,86.1,87.22,3946374.0
1587513600,89.88,90.65,88.28,90.16,4261904.0
1587600000,90.68,91.88,89.29,90.34,4537354.0
1587686400,90.39,91.0,89.01,90.8,3564224.0
1587945600,91.32,91.38,89.02,90.91,3726714.0
1588032000,91.24,91.41,87.8928,87.94,3356497.0
1588118400,89.04,90.03,87.97,89.31,3110712.0
1588204800,88.9,89.02,87.3,87.8,3938122.0
1588291200,87.74,88.11,85.81,86.2,3162074.0
1588550400,86.77,88.97,86.06,88.96,4212345.0
1588636800,88.78,89.77,88.44,88.97,3020111.0
1588723200,89.22,89.73,86.41,86.59,3840916.0
1588809600,90.35,95.4,90.2324,95.29,1.0444455E7
1588896000,96.64,98.77,95.03,98.52,4851497.0
1589155200,96.48,97.46,95.98,96.72,3733218.0
1589241600,96.18,96.665,94.55,94.61,3773559.0
1589328000,94.39,94.53,91.5,92.78,3257187.0
1589414400,92.54,95.07,92.16,94.91,3990141.0
1589500800,95.02,97.67,93.73,97.32,6715931.0
1589760000,98.16,102.73,98.07,101.895,6392842.0
1589846400,98.41,99.76,96.15,98.6,2.1394526E7
1589932800,99.14,99.8,97.8,98.14,5978667.0
1590019200,98.75,98.75,93.0,94.39,5586896.0
1590105600,94.54,96.72,94.35,95.8,4849505.0
1590451200,96.92,97.24,94.46,95.57,5007242.0
1590537600,95.66,98.17,95.06,97.2,4540416.0
1590624000,97.52,99.83,97.15,99.22,5460347.0
1590710400,99.27,100.4,97.32,100.04,9792547.0
1590969600,99.96,101.0,99.315,99.7,2903589.0
1591056000,98.66,100.5,98.51,100.41,4720398.0
1591142400,100.91,102.35,100.44,101.21,3756288.0
1591228800,101.54,101.6914,99.79,100.17,2534404.0
1591315200,101.3,102.965,100.5,101.13,3958309.0
1591574400,100.74,105.11,100.44,104.46,5043865.0
1591660800,102.18,103.54,101.77,103.19,5036986.0
1591747200,102.81,106.72,102.81,105.79,6273536.0
1591833600,104.51,105.31,100.74,100.89,7689251.0
1591920000,104.25,105.05,100.26,102.31,5289275.0
1592179200,101.32,105.19,100.727,104.68,3845924.0
1592265600,104.0,104.0,100.11,102.89,5767414.0
1592352000,103.0,104.8,102.34,102.63,3757402.0
1592438400,103.82,106.84,103.25,106.39,4698883.0
1592524800,107.34,109.0,106.39,106.9,9268315.0
1592784000,106.86,108.7,106.03,106.6,5090503.0
1592870400,103.7,110.46,103.5,107.16,2.292908E7
1592956800,105.46,109.14,104.57,108.43,6.6903149E7
1593043200,109.78,111.58,108.51,110.19,5.5407307E7
1593129600,109.15,109.85,104.73,105.2,2.5367781E7
1593388800,105.79,106.26,103.95,105.96,9097070.0
1593475200,105.9,106.2,104.0,104.15,1.0833813E7
1593561600,105.68,106.25,103.85,106.13,9599885.0
1593648000,106.95,107.34,105.35,106.01,6411905.0
1593993600,106.6,107.68,106.2,106.78,5256628.0
1594080000,106.44,107.59,105.55,105.8,5572497.0
1594166400,106.25,106.63,105.365,106.61,4300360.0
1594252800,106.66,106.72,105.05,106.17,3956566.0
1594339200,105.8155,107.19,105.29,107.05,4557925.0
1594598400,106.89,107.55,104.23,104.52,5752750.0
1594684800,103.57,106.535,103.57,105.39,7882234.0
1594771200,105.51,106.08,104.53,104.92,4476262.0
1594857600,104.5,104.86,103.4301,104.49,5751199.0
1594944000,104.87,105.73,104.09,105.35,4009251.0
1595203200,105.4,106.28,105.025,106.14,3632370.0
1595289600,106.35,106.48,105.25,105.58,3602530.0
1595376000,105.66,106.34,104.74,104.93,4655264.0
1595462400,105.21,105.28,104.36,104.51,6640827.0
1595548800,104.52,105.23,104.23,104.93,4989983.0
1595808000,104.53,106.27,104.35,105.62,7958877.0
1595894400,105.0,105.5,104.0,104.52,3670038.0
1595980800,105.22,106.37,104.54,105.78,3606340.0
1596067200,104.72,105.95,104.59,105.48,2689603.0
1596153600,105.63,107.42,105.05,107.38,4119560.0
1596412800,107.98,108.74,106.82,106.88,4548307.0
1596499200,106.63,108.42,106.3838,108.39,2991189.0
1596585600,108.74,109.16,107.26,107.9,3114618.0
1596672000,107.32,108.3,107.18,108.1,4016593.0
1596758400,113.24,118.0,113.09,115.09,1.3771167E7
1597017600,115.06,116.65,113.6,116.07,4812695.0
1597104000,116.08,116.2,113.28,113.59,4763144.0
1597190400,114.27,116.24,114.07,115.25,3512765.0
1597276800,115.15,117.15,114.89,115.37,3030470.0
1597363200,115.6998,116.09,114.33,115.49,2027736.0
1597622400,115.98,117.32,115.82,116.87,3308932.0
1597708800,117.68,117.73,115.86,116.02,2363260.0
1597795200,116.69,116.93,114.92,115.14,2700447.0
1597881600,114.56,115.86,114.51,115.4,2268754.0
1597968000,114.34,115.25,113.3821,115.01,2841035.0
1598227200,115.03,116.09,114.755,115.26,2713778.0
1598313600,115.56,115.56,114.6,115.41,2322267.0
1598400000,115.11,116.24,114.74,116.19,2953430.0
1598486400,116.62,116.62,115.0,115.24,2464847.0
1598572800,115.25,116.35,114.88,116.26,2798033.0
1598832000,115.49,117.11,115.41,116.68,3926105.0
1598918400,116.63,117.33,115.95,116.9,2938637.0
1599004800,117.83,119.2,117.14,118.88,3600379.0
1599091200,118.702,119.15,113.93,114.84,4411922.0
1599177600,115.49,116.0,112.21,114.29,4690951.0
1599523200,112.63,113.85,111.08,111.57,5686502.0
1599609600,111.64,114.56,111.64,113.2,4024445.0
1599696000,113.11,114.95,111.255,111.72,3862016.0
1599782400,112.28,113.42,110.45,111.58,3098311.0
1600041600,112.95,113.49,111.64,112.27,3939425.0
1600128000,113.12,116.15,112.48,115.93,4821923.0
1600214400,116.41,117.42,113.49,113.76,5759104.0
1600300800,110.94,112.79,110.11,111.91,5859348.0
1600387200,112.21,112.65,107.79,110.72,8822916.0
1600646400,109.92,110.67,108.9,110.57,4562640.0
1600732800,111.64,112.61,110.64,112.39,4332243.0
1600819200,112.8,112.83,108.66,109.0,3542047.0
1600905600,108.21,112.15,108.15,110.55,4184905.0
1600992000,110.25,112.56,109.705,112.02,5135097.0
1601251200,112.87,114.48,112.485,114.24,5850920.0
1601337600,114.35,114.84,113.29,113.52,3221574.0
1601424000,113.36,115.09,112.01,114.36,5174394.0
1601510400,115.0,116.43,113.89,115.73,4306879.0
1601596800,114.41,115.7,113.0,113.41,4014904.0
1601856000,113.46,114.99,113.42,114.8,2657343.0
1601942400,113.61,114.47,111.8,112.45,3335475.0
1602028800,113.02,114.52,112.62,114.22,3367494.0
1602115200,114.89,115.6,114.2801,115.49,2254766.0
1602201600,115.5833,117.52,115.52,117.23,3340123.0
1602460800,118.06,121.36,117.4,120.07,6498662.0
1602547200,120.8,123.42,120.07,121.57,5326459.0
1602633600,122.05,122.24,116.45,116.67,6639798.0
1602720000,115.81,116.95,114.07,115.3,3287558.0
1602806400,115.8113,116.78,114.85,114.96,3762899.0
1603065600,115.47,115.55,112.01,112.75,3037461.0
1603152000,113.9,114.21,112.7,113.07,2744994.0
1603238400,112.67,113.792,112.21,112.42,3029688.0
1603324800,112.77,113.76,110.88,111.64,3604483.0
1603411200,112.4993,112.62,110.9,112.38,2269311.0
1603670400,111.18,112.04,110.0185,111.78,2764670.0
1603756800,111.78,113.56,111.13,112.82,2628909.0
1603843200,111.3,111.93,109.66,109.8,3661845.0
1603929600,109.28,111.04,108.9,109.51,2895872.0
1604016000,108.86,109.76,107.5641,109.57,4041188.0
1604275200,111.1442,111.1442,108.75,110.39,3145029.0
1604361600,111.25,112.39,110.71,111.12,3341389.0
1604448000,113.91,116.88,112.81,116.02,5025909.0
1604534400,117.574,119.31,116.28,117.26,7669706.0
1604620800,127.0,127.03,122.705,123.56,8931300.0
1604880000,125.48,126.96,122.57,122.78,6190557.0
1604966400,119.03,123.24,118.6,121.72,4454849.0
1605052800,122.63,126.03,122.04,125.15,3931577.0
1605139200,125.41,127.8,124.73,126.81,3558580.0
1605225600,127.33,128.5249,126.31,128.23,3399950.0
1605484800,129.816,130.1075,127.56,128.65,3444455.0
1605571200,130.6039,132.33,128.72,129.0,3648464.0
1605657600,129.6306,130.51,127.84,127.85,3222918.0
1605744000,127.3,130.23,127.1105,129.19,2427023.0
1605830400,129.66,130.34,128.36,129.68,4388200.0
1606089600,129.87,130.15,126.91,127.88,4177210.0
1606176000,127.4705,129.02,125.76,128.06,4694679.0
1606262400,128.79,129.63,127.755,128.74,3562674.0
1606435200,129.12,132.47,128.87,131.9,2278372.0
1606694400,131.9,133.05,130.13,132.94,5746041.0
1606780800,132.92,133.94,132.24,133.73,3968513.0
1606867200,133.64,134.24,132.41,133.14,2926991.0
1606953600,131.65,132.97,131.09,131.19,3587959.0
1607040000,131.63,131.98,130.68,131.8,2029174.0
1607299200,132.08,133.08,131.92,132.96,2637360.0
1607385600,132.83,133.43,131.825,133.15,2442876.0
1607472000,133.88,133.88,130.57,131.12,3660502.0
1607558400,130.73,131.875,130.035,130.56,4164484.0
1607644800,130.57,131.63,129.69,131.23,2405262.0
1607904000,131.02,132.97,129.23,129.36,5240495.0
1607990400,129.7,130.71,128.78,130.0,2886822.0
1608076800,130.65,130.65,129.11,129.81,3261062.0
1608163200,130.32,130.7597,129.65,130.01,4132224.0
1608249600,130.3,132.14,129.51,131.92,8782907.0
1608508800,130.0,131.23,127.63,130.22,3259744.0
1608595200,131.93,132.42,130.26,132.25,3061482.0
1608681600,132.25,132.87,130.95,132.23,2152440.0
1608768000,132.78,133.83,132.59,132.92,901102.0
1609113600,134.23,134.76,131.4,133.0,2569114.0
1609200000,133.52,133.97,131.65,133.14,1672539.0
1609286400,133.52,133.83,132.51,133.28,1673134.0
1609372800,133.15,135.0,133.105,134.85,2080626.0
1609718400,134.2995,134.98,130.46,132.43,3433164.0
1609804800,131.9499,132.24,130.455,131.85,2544524.0
1609891200,130.72,131.98,129.61,131.53,4485950.0
1609977600,133.81,135.45,133.16,133.19,4928104.0
1610064000,133.26,135.2,132.23,135.06,2951158.0
1610323200,134.0,135.54,132.75,132.93,3084163.0
1610409600,132.88,133.4699,127.67,128.69,5374573.0
1610496000,129.14,129.9,128.45,128.5,2917272.0
1610582400,129.03,130.42,123.9,124.69,6359743.0
1610668800,124.75,127.9,124.75,127.28,4741035.0
1611014400,128.69,130.43,127.12,129.85,4033823.0
1611100800,130.12,132.42,129.5,132.3,4230427.0
1611187200,132.71,132.71,129.85,130.4,2688341.0
1611273600,130.44,131.32,129.12,130.36,2501591.0
1611532800,130.75,132.4,129.6708,131.1,2892807.0
1611619200,130.02,132.71,130.0,131.41,3218974.0
1611705600,129.69,130.0,122.45,123.27,7023139.0
1611792000,125.79,129.6,124.5,127.77,5000209.0
1611878400,126.56,129.23,125.37,126.08,4597364.0
1612137600,126.29,129.35,125.21,128.42,4070209.0
1612224000,128.63,132.41,128.065,131.89,3455993.0
1612310400,131.85,132.65,128.75,129.37,3918351.0
1612396800,130.31,130.85,129.3732,130.6,7395974.0
1612483200,129.02,129.59,124.55,125.28,1.0319059E7
1612742400,126.2,126.26,122.54,126.1,5742639.0
1612828800,125.92,125.99,124.045,124.45,3342881.0
1612915200,125.112,125.66,124.32,124.49,2879980.0
1613001600,125.43,125.45,123.46,124.4,3085307.0
1613088000,123.81,124.05,122.675,123.68,2713023.0
1613433600,122.98,123.3799,121.38,122.0,4247536.0
1613520000,121.89,122.95,120.83,121.3,6108997.0
1613606400,120.8455,123.24,119.6,123.04,6126292.0
1613692800,123.1,123.7214,119.4,120.1,4961134.0
1613952000,119.15,119.85,117.4,117.91,5138507.0
1614038400,117.88,119.65,115.89,119.22,6390227.0
1614124800,117.72,119.51,116.77,119.38,4424972.0
1614211200,124.49,125.34,119.74,120.89,1.1337265E7
1614297600,119.75,121.66,118.88,119.97,5117952.0
1614556800,120.31,123.93,120.27,123.57,5813819.0
1614643200,123.9,124.56,122.42,122.45,4797734.0
1614729600,121.4404,121.94,118.62,118.84,5390215.0
1614816000,119.19,121.52,117.41,118.61,4884173.0
1614902400,120.02,125.35,118.54,124.68,7944302.0
1615161600,124.09,128.46,123.85,127.06,7416016.0
1615248000,129.02,129.84,125.46,126.31,6409488.0
1615334400,128.43,129.12,126.06,127.41,4027759.0
1615420800,127.86,130.2,123.88,125.99,8824488.0
1615507200,126.57,127.67,124.68,127.12,6122524.0
1615766400,128.32,128.57,124.08,125.63,5601115.0
1615852800,125.8,128.81,124.84,127.78,4433176.0
1615939200,126.33,128.02,125.52,127.3,3471786.0
1616025600,125.375,126.54,124.82,124.91,3835061.0
1616112000,124.73,125.71,122.96,124.19,8848346.0
1616371200,124.66,127.1,124.64,126.11,4851005.0
1616457600,126.94,127.33,124.22,124.39,3653238.0
1616544000,125.2771,125.3,122.31,122.36,3673104.0
1616630400,124.21,124.28,121.15,123.48,4259288.0
1616716800,123.87,124.7199,121.0238,122.99,4274705.0
1616976000,122.56,124.67,121.9,123.46,3255974.0
1617062400,123.53,125.385,122.2818,124.64,4592512.0
1617148800,124.247,125.93,124.15,125.29,4160388.0
1617235200,125.86,127.66,124.85,127.65,4281660.0
1617580800,128.47,131.66,128.23,131.4,4316131.0
1617667200,130.37,131.99,130.37,131.43,4906642.0
1617753600,130.91,131.1,129.09,130.02,3057107.0
1617840000,130.88,130.9063,129.61,130.11,2422809.0
1617926400,130.53,130.53,128.18,129.03,2388312.0
1618185600,128.49,131.0,128.23,130.76,2435777.0
1618272000,130.3,131.2,129.67,130.79,4516398.0
1618358400,130.68,130.79,129.61,129.9,2921544.0
1618444800,131.1,131.8,130.12,131.47,3241245.0
1618531200,131.99,133.55,131.315,133.05,3540286.0
1618790400,133.59,133.64,131.92,131.99,2575824.0
1618876800,131.7,131.7,128.48,130.55,3332393.0
1618963200,130.96,132.5,129.81,132.12,3368371.0
1619049600,132.0,132.88,130.59,131.73,3324462.0
1619136000,131.75,133.905,131.4,133.32,3025541.0
1619395200,133.41,133.41,131.905,132.5,2721749.0
1619481600,133.11,133.24,131.48,132.92,3008587.0
1619568000,132.35,132.635,131.53,132.08,2011401.0
1619654400,132.15,134.07,132.15,134.01,3402002.0
1619740800,133.05,133.18,131.51,132.13,4138415.0
1620000000,132.58,132.78,130.91,131.45,4192277.0
1620086400,130.83,131.13,127.09,128.48,4891763.0
1620172800,131.46,135.33,131.42,134.13,8802928.0
1620259200,133.68,138.98,132.21,138.88,8150179.0
1620345600,138.58,140.19,138.35,139.12,5831552.0
1620604800,138.33,139.72,135.69,135.81,5251565.0
1620691200,135.11,138.25,134.6686,138.0,3151621.0
1620777600,135.98,137.38,135.85,136.64,3903568.0
1620864000,137.07,139.1,136.45,138.12,3737977.0
1620950400,139.06,143.09,138.73,141.52,5331130.0
1621209600,140.15,140.47,139.17,140.2,5452195.0
1621296000,139.98,139.98,134.86,135.0,8235639.0
1621382400,133.67,134.67,132.49,134.35,6709196.0
1621468800,134.59,136.68,134.3,136.16,4445979.0
1621555200,137.34,137.43,135.79,136.05,3718978.0
1621814400,136.6,138.41,136.1945,137.73,4432041.0
1621900800,137.97,138.88,136.73,136.76,6094287.0
1621987200,136.78,140.865,136.63,139.65,6267104.0
1622073600,140.48,142.16,139.81,141.31,8141098.0
1622160000,141.8099,142.605,141.41,141.45,4197731.0
1622505600,141.66,142.91,141.45,141.7,3752704.0
1622592000,141.8,142.11,139.94,140.98,3589665.0
1622678400,140.2166,142.86,140.02,142.32,4503705.0
1622764800,142.99,144.77,142.495,144.51,3484039.0
1623024000,143.91,144.82,142.955,143.51,2758231.0
1623110400,143.9,145.68,143.9,145.39,4960601.0
1623196800,145.59,147.95,145.59,147.27,4125035.0
1623283200,147.6,148.695,146.22,146.51,3592185.0
1623369600,146.58,146.65,144.37,145.35,4072850.0
1623628800,144.99,145.57,144.5601,145.26,3477876.0
1623715200,145.38,146.76,145.01,145.68,3169605.0
1623801600,145.8,146.28,143.26,144.91,4184063.0
1623888000,144.99,147.875,144.81,146.45,3494570.0
1623974400,146.23,146.485,144.29,144.7,5430892.0
1624233600,145.97,146.19,145.08,145.66,3801916.0
1624320000,145.71,146.0,145.01,145.82,2621930.0
1624406400,145.4,145.68,144.505,145.03,2416179.0
1624492800,145.38,146.07,144.87,145.6,2181600.0
1624579200,145.79,146.24,144.8,145.34,3376436.0
1624838400,145.27,145.58,144.41,145.04,2826159.0
1624924800,144.69,145.34,144.14,144.99,3197172.0
1625011200,145.21,145.32,144.23,144.83,3139044.0
1625097600,144.54,145.5,144.29,145.34,2655337.0
1625184000,145.94,146.71,145.32,146.29,2603485.0
1625529600,146.15,146.931,145.15,146.75,2357478.0
1625616000,146.715,148.14,145.57,148.04,1777474.0
1625702400,147.5172,148.02,146.01,146.86,2407480.0
1625788800,145.89,147.295,144.51,146.01,3245325.0
1626048000,146.19,147.19,145.33,146.9,2007989.0
1626134400,146.81,149.59,146.11,147.77,2583001.0
1626220800,148.49,149.8399,148.02,148.9,2316703.0
1626307200,149.3372,150.135,148.11,148.34,3348644.0
1626393600,148.09,150.2,148.09,149.41,2476759.0
1626652800,147.5009,148.21,143.29,144.61,7154748.0
1626739200,144.79,145.69,144.11,144.4,7189695.0
1626825600,143.99,146.12,143.65,144.57,4700015.0
1626912000,144.66,144.94,142.4438,144.75,4335913.0
1626998400,145.43,145.43,143.9,144.0,4278384.0
1627257600,143.63,145.72,143.63,144.97,3705891.0
1627344000,144.85,145.07,143.56,144.82,4110430.0
1627430400,145.0,145.49,144.3,145.12,2975071.0
1627516800,145.5,146.92,143.7,144.63,4198578.0
1627603200,143.0,145.18,141.2,144.02,6600310.0
1627862400,144.87,145.29,144.02,144.91,4333512.0
1627948800,145.08,145.46,144.03,144.5,3953558.0
1628035200,143.87,144.4,142.15,142.22,4615287.0
1628121600,142.82,143.5,141.7,141.93,4369073.0
1628208000,141.99,142.76,141.47,142.23,5236813.0
1628467200,142.8,144.0,142.69,142.99,4645966.0
1628553600,143.295,143.83,142.48,143.2,2608482.0
1628640000,143.31,144.76,142.94,144.59,2417833.0
1628726400,144.96,145.39,144.69,144.74,2224016.0
1628812800,144.3,145.35,144.075,144.94,2618232.0
1629072000,141.0,142.66,139.275,140.73,7115666.0
1629158400,140.55,141.85,140.08,140.67,4718486.0
1629244800,140.24,141.77,139.68,139.83,4480037.0
1629331200,139.6,141.5955,139.415,140.89,3799060.0
1629417600,141.02,143.28,140.37,141.81,3274009.0
1629676800,141.51,142.97,141.202,142.54,3186783.0
1629763200,142.3,143.09,141.76,142.5,2367313.0
1629849600,142.32,142.32,139.8,139.86,3633557.0
1629936000,140.55,140.55,137.42,137.58,4204815.0
1630022400,137.89,138.6548,137.18,138.38,3351815.0
1630281600,136.93,138.58,135.615,137.9,3628587.0
1630368000,137.53,137.9782,136.57,137.02,4458868.0
1630454400,137.63,138.8,137.375,137.74,2589097.0
1630540800,138.22,138.26,135.05,136.13,3807972.0
1630627200,136.37,136.49,135.42,136.0,2448839.0
1630972800,136.09,136.79,134.22,134.47,4404717.0
1631059200,134.66,134.66,132.33,133.67,6635742.0
1631145600,131.2,133.75,130.24,131.44,8683989.0
1631232000,131.7708,132.21,129.07,130.81,6570126.0
1631491200,131.9,132.17,129.57,130.02,6763232.0
1631577600,130.92,131.24,127.965,128.92,6053800.0
1631664000,128.56,128.84,125.35,127.07,8735667.0
1631750400,127.4,129.63,125.96,128.91,9045061.0
1631836800,128.88,129.23,127.03,128.0,8304345.0
1632096000,127.005,127.97,124.67,125.63,7916034.0
1632182400,126.45,127.5,124.85,124.9,5907989.0
1632268800,125.76,128.24,125.45,127.73,6952830.0
1632355200,128.26,131.89,128.01,130.94,8177267.0
1632441600,130.17,130.74,129.05,129.43,3712062.0
1632700800,128.73,128.825,127.25,127.78,3888480.0
1632787200,126.72,127.71,125.86,126.31,4517998.0
1632873600,126.55,128.75,126.0,128.1,4398495.0
1632960000,128.83,129.27,127.105,127.76,4541985.0
1633046400,127.08,128.31,126.285,126.76,4126748.0
1633305600,126.81,127.75,124.74,125.46,4752994.0
1633392000,125.09,126.19,124.285,125.4,3051218.0
1633478400,124.25,124.72,123.3,124.6,4160458.0
1633564800,125.67,126.125,122.81,123.18,5431967.0
1633651200,123.64,123.64,120.6,121.22,5975966.0
1633910400,120.98,121.6,116.96,117.19,9884182.0
1633996800,117.59,118.58,116.15,116.28,7095714.0
1634083200,117.16,118.03,116.0,116.46,6845992.0
1634169600,118.09,119.69,117.6101,119.26,9698818.0
1634256000,119.61,120.34,117.22,117.56,4453810.0
1634515200,117.055,118.2,116.13,117.38,4377741.0
1634601600,117.61,118.65,116.82,118.56,3426514.0
1634688000,119.08,122.66,118.99,121.94,5876206.0
1634774400,121.6,121.93,116.43,116.85,6744831.0
1634860800,117.4,117.51,116.17,116.87,5213650.0
1635120000,116.7661,116.97,115.83,115.93,5940097.0
1635206400,116.59,117.98,116.29,116.36,4600176.0
1635292800,116.32,117.53,116.06,116.62,3998194.0
1635379200,116.89,117.87,115.395,116.04,3371075.0
1635465600,115.82,116.33,114.69,115.03,4175783.0
1635724800,114.99,116.39,114.89,115.86,4044467.0
1635811200,116.86,117.3,114.76,115.8,5446497.0
1635897600,122.12,124.71,121.05,121.94,9641777.0
1635984000,122.13,124.08,121.22,122.65,6250240.0
1636070400,123.0,124.41,121.79,122.67,5204750.0
1636329600,122.84,122.84,119.85,120.86,4437866.0
1636416000,120.92,121.69,119.19,119.86,3889503.0
1636502400,119.65,122.28,119.12,119.55,3715023.0
1636588800,119.34,120.05,118.12,118.47,3443937.0
1636675200,118.89,119.27,118.02,118.24,2854079.0
1636934400,117.99,118.3,115.7567,117.77,5337023.0
1637020800,118.51,119.3,118.01,118.36,4056855.0
1637107200,117.77,118.11,116.3,117.19,3494632.0
1637193600,116.72,117.43,115.285,116.98,4801413.0
1637280000,117.01,117.02,114.36,115.62,5741633.0
1637539200,116.07,116.09,113.68,113.85,5316404.0
1637625600,113.49,116.05,112.87,115.46,4482974.0
1637712000,115.01,115.38,113.5801,114.48,3552657.0
1637884800,114.7357,115.37,113.13,113.53,4391772.0
1638144000,113.56,113.93,110.33,113.4,6835963.0
1638230400,113.04,113.15,108.09,108.81,1.0010636E7
1638316800,110.48,111.32,106.7,106.72,4758305.0
1638403200,107.15,111.12,106.86,110.36,5829390.0
1638489600,110.52,112.99,109.03,112.77,6010944.0
1638748800,113.72,116.24,112.76,115.63,5042843.0
1638835200,115.865,117.72,114.65,117.15,6868056.0
1638921600,117.19,117.41,113.48,114.75,5767733.0
1639008000,114.46,114.7,112.77,113.99,4041215.0
1639094400,114.069,115.9,113.71,114.77,3817715.0
1639353600,114.32,115.49,113.74,115.01,4154600.0
1639440000,114.63,118.3,114.29,117.31,5615119.0
1639526400,117.02,118.82,116.2,118.42,4035294.0
1639612800,119.0,121.415,118.81,120.58,6062027.0
1639699200,119.93,121.72,118.58,119.81,1.0513081E7
1639958400,117.81,119.5299,116.85,118.99,3542646.0
1640044800,119.69,121.63,119.01,121.1,3696821.0
1640131200,120.51,122.56,120.0,120.56,3400225.0
1640217600,120.7101,121.75,119.88,119.91,3020822.0
1640563200,119.96,120.06,118.315,118.58,3397704.0
1640649600,119.0,120.31,117.8,118.16,3706615.0
1640736000,119.18,119.29,116.88,117.64,3389756.0
1640822400,117.72,118.78,116.355,116.51,4348419.0
1640908800,116.52,116.93,115.38,115.98,3184900.0
